symbol,date,close,paid_capital,market_cap,ff_market_cap
AEFES,2016-07-29,1.4455,592105263.0,11984210387.59786,3834947324.031315
AEFES,2016-08-31,1.3105,592105263.0,10865131801.92023,3476842176.614474
AEFES,2016-09-30,1.2977,592105263.0,10758552673.88405,3442736855.642896
AEFES,2016-10-31,1.3505,592105263.0,11196710432.98191,3582947338.554211
AEFES,2016-11-30,1.2877,592105263.0,10675658298.45642,3416210655.506054
AEFES,2016-12-30,1.2591,592105263.0,10438815289.77549,3340420892.728157
AEFES,2017-01-31,1.5141,592105263.0,12552632027.34047,4016842248.74895
AEFES,2017-02-28,1.4141,592105263.0,11723683755.65953,3751578801.81105
AEFES,2017-03-31,1.4148,592105263.0,11729604943.81167,3753473582.019734
AEFES,2017-04-28,1.4298,592105263.0,11853947636.30428,3793263243.61737
AEFES,2017-05-31,1.4971,592105263.0,12268420642.79358,3925894605.693946
AEFES,2017-06-30,1.578,592105263.0,12931579034.26809,4138105290.965789
AEFES,2017-07-31,1.4913,592105263.0,12221052266.92763,3910736725.416842
AEFES,2017-08-31,1.5318,592105263.0,12552632027.34047,4016842248.74895
AEFES,2017-09-29,1.5116,592105263.0,12386842147.13405,3963789487.082896
AEFES,2017-10-31,1.5867,592105263.0,13002631033.39144,4160841930.685261
AEFES,2017-11-30,1.6879,592105263.0,13831579305.07237,4426105377.623158
AEFES,2017-12-29,1.7485,592105263.0,14328947816.34047,4585263301.22895
AEFES,2018-01-31,2.0116,592105263.0,16484210612.26809,5274947395.925789
AEFES,2018-02-28,1.8555,592105263.0,15205263334.53619,4865684267.051581
AEFES,2018-03-30,1.935,592105263.0,15856579349.70642,5074105391.906054
AEFES,2018-04-30,1.9248,592105263.0,15773683844.92763,5047578830.376842
AEFES,2018-05-31,1.8507,592105263.0,14921053079.34047,4774736985.38895
AEFES,2018-06-29,1.7332,592105263.0,13973684432.67023,4471579018.454474
AEFES,2018-07-31,1.5217,592105263.0,12268420642.79358,3916079869.179711
AEFES,2018-08-31,1.5349,592105263.0,12374999770.82977,3950099926.848863
AEFES,2018-09-28,1.5481,592105263.0,12481578898.86595,3995353405.526991
AEFES,2018-10-31,1.3799,592105263.0,11125658433.85856,3561323264.678125
AEFES,2018-11-30,1.5525,592105263.0,12517104898.42763,4016738961.905426
AEFES,2018-12-31,1.5129,592105263.0,12197368643.67023,3914135597.753777
AEFES,2019-01-31,1.6186,592105263.0,13050000538.60856,4187745172.839487
AEFES,2019-02-28,1.4732,592105263.0,11877631259.56167,3813907397.445252
AEFES,2019-03-29,1.2859,592105263.0,10367763290.65214,3331162345.286533
AEFES,2019-04-30,1.4556,592105263.0,11735526131.96381,3771798098.813169
AEFES,2019-05-31,1.4508,592105263.0,11398026312.75,3666745064.811675
AEFES,2019-06-28,1.4991,592105263.0,11776973319.67763,3788652316.940294
AEFES,2019-07-31,1.6159,592105263.0,12694737154.93833,4096591679.898599
AEFES,2019-08-29,1.9279,592105263.0,15146052582.36595,4887631168.329492
AEFES,2019-09-30,1.649,592105263.0,12955262657.52549,4180663259.583476
AEFES,2019-10-31,1.4493,592105263.0,11386183936.44572,3674321556.291034
AEFES,2019-11-29,1.634,592105263.0,12836842282.53619,4142449004.574429
AEFES,2019-12-31,1.7395,592105263.0,13665789424.86595,4409950247.404242
AEFES,2020-01-31,1.8676,592105263.0,14672368823.70642,4749445788.233768
AEFES,2020-02-28,1.6536,592105263.0,12990789786.43833,4229801154.46432
AEFES,2020-03-31,1.2986,592105263.0,10201973410.44572,3321762542.441126
AEFES,2020-04-30,1.3852,592105263.0,10882894237.02549,3543470363.5755
AEFES,2020-05-29,1.3973,592105263.0,10977632118.10856,3574317017.656147
AEFES,2020-06-30,1.6068,592105263.0,12623684026.46381,4110271519.016617
AEFES,2020-07-30,1.5827,592105263.0,11463158253.07237,3732404327.200364
AEFES,2020-08-31,1.5884,592105263.0,11504605440.78619,3760855518.593006
AEFES,2020-09-30,1.6906,592105263.0,12244737019.53619,4002804531.686381
AEFES,2020-10-30,1.5884,592105263.0,11504605440.78619,3780413347.842342
AEFES,2020-11-30,1.7118,592105263.0,12398684523.43833,4074207734.401835
AEFES,2020-12-31,1.895,592105263.0,13725000177.03619,4508662558.156388
AEFES,2021-01-29,2.0307,592105263.0,14707894823.26809,4833014238.925894
AEFES,2021-02-26,1.9309,592105263.0,13985526808.97451,4595644109.429024
AEFES,2021-03-31,1.7233,592105263.0,12481578898.86595,4100198668.277465
AEFES,2021-04-30,1.9064,592105263.0,13807894552.46381,4537274149.939608
AEFES,2021-05-31,2.0279,592105263.0,13535526673.57237,4447774064.935881
AEFES,2021-06-30,1.9747,592105263.0,13180263289.90214,4331034517.061843
AEFES,2021-07-30,1.9711,592105263.0,13156578537.29358,4323251707.35467
AEFES,2021-08-31,1.9463,592105263.0,12990789786.43833,4268773523.823635
AEFES,2021-09-30,1.8984,592105263.0,12671052402.32977,4163707819.405562
AEFES,2021-10-28,1.9694,592105263.0,13144737290.34047,4319360673.605878
AEFES,2021-11-30,2.2266,592105263.0,14861842327.17023,4883601388.708138
AEFES,2021-12-31,2.6276,592105263.0,17538158386.97451,5763038845.959824
AEFES,2022-01-31,2.5761,592105263.0,17194737379.60856,5650190702.939373
AEFES,2022-02-28,2.1432,592105263.0,14305263063.73191,4700709442.742306
AEFES,2022-03-31,2.381,592105263.0,15892105349.26809,5222145817.769494
AEFES,2022-04-29,2.6258,592105263.0,17526316010.67023,5759147441.106238
AEFES,2022-05-31,2.6726,592105263.0,16744737244.20642,5502320658.44623
AEFES,2022-06-30,2.5668,592105263.0,16081578852.73191,5284406811.007706
AEFES,2022-07-29,3.4627,592105263.0,21694736474.92763,7128890405.661219
AEFES,2022-08-31,3.905,592105263.0,24465789286.46381,8039458359.532008
AEFES,2022-09-30,3.7859,592105263.0,23719737648.91284,7794305791.432759
AEFES,2022-10-31,4.5325,592105263.0,28397367871.39144,9331375082.539227
AEFES,2022-11-30,6.0767,592105263.0,38072370217.86186,12510580853.589407
AEFES,2022-12-30,6.4028,592105263.0,40115131568.25,13181832233.32695
AEFES,2023-01-31,4.9332,592105263.0,30907895180.34047,10156334356.259878
AEFES,2023-02-28,5.264,592105263.0,32980263600.84047,10837314619.236177
AEFES,2023-03-31,6.0673,592105263.0,38013156077.63814,12491123087.111893
AEFES,2023-04-28,5.9492,592105263.0,37273026757.59047,12247916592.544228
AEFES,2023-05-31,5.6012,592105263.0,34460526758.34047,11323729092.790678
AEFES,2023-06-27,6.3855,592105263.0,39286183296.56907,12909439831.252596
AEFES,2023-07-31,8.6664,592105263.0,53319080740.11186,17520649931.200756
AEFES,2023-08-31,10.3843,592105263.0,63888158781.18093,20993648975.496056
AEFES,2023-09-29,10.2774,592105263.0,62585524492.13814,20565603348.116592
AEFES,2023-10-31,9.7086,592105263.0,59121709607.06907,19427393776.882896
AEFES,2023-11-30,10.783,592105263.0,65664474570.18093,21570779896.304436
AEFES,2023-12-29,13.3693,592105263.0,81414473662.5,26744654598.13125
AEFES,2024-01-31,13.6902,592105263.0,83368422837.36186,27386526902.07337
AEFES,2024-02-29,15.139,592105263.0,92190787642.13814,30284673740.44238
AEFES,2024-03-29,14.8667,592105263.0,90532891098.77628,29740054725.94801
AEFES,2024-04-30,17.7448,592105263.0,108059210497.5,35497450648.42875
AEFES,2024-05-31,19.5703,592105263.0,117828947337.0,38706809200.2045
AEFES,2024-06-28,24.3006,592105263.0,146309214101.22372,48077207753.66212
AEFES,2024-07-31,26.2576,592105263.0,158092105221.0,51949065775.6206
AEFES,2024-08-29,21.901,592105263.0,131861840263.13814,43316614526.44088
AEFES,2024-09-30,19.3048,592105263.0,116230264933.86186,38181642030.77362
AEFES,2024-10-31,18.8524,592105263.0,113506577110.13814,37286910580.68038
AEFES,2024-11-29,19.6293,592105263.0,118184214108.72372,38823514334.715744
AEFES,2024-12-31,18.8426,592105263.0,113447372004.72372,37267461703.55174
AEFES,2025-01-31,15.8726,592105263.0,95565785834.27628,31383804067.97633
AEFES,2025-02-28,16.9937,592105263.0,102315791253.36186,33600505847.604034
AEFES,2025-03-28,16.4331,592105263.0,98940793061.22372,32492156441.30587
AEFES,2025-04-30,15.6956,592105263.0,94500003588.72372,31033801178.53687
AEFES,2025-05-30,13.8148,592105263.0,82480264942.86186,27086519007.235836
AEFES,2025-06-30,14.8462,5921052630.0,88638159452.19164,4201448758.033884
AEFES,2025-07-31,15.0346,5921052630.0,89763156967.31906,29415386538.190456
AEFES,2025-08-29,16.78,5921052630.0,100184210951.34047,32840384349.849407
AEFES,2025-09-30,13.7156,5921052630.0,81888157421.15953,26900259712.850906
AEFES,2025-10-31,14.4098,5921052630.0,86032893132.80836,28261805394.127544
AEFES,2025-11-28,15.6594,5921052630.0,93493420801.82977,30712588733.401077
AEFES,2025-12-31,15.58,5921052630.0,93019737043.17023,30556983618.68142
AEFES,2026-01-30,19.0511,5921052630.0,113743415601.41441,37364712025.06464
AEFES,2026-02-27,18.7932,5921052630.0,112203951855.90466,36858998184.66468
AEFES,2026-03-31,16.6412,5921052630.0,99355267197.0642,32638205274.235584
AEFES,2026-04-30,18.823,5921052630.0,112381576206.95721,36917347783.98544
AEFES,2026-05-26,19.3,5921052630.0,114276311241.59534,37539768242.86407
AEFES,2026-06-30,21.04,5921052630.0,124578952756.08559,40637654389.03512
AEFES,2026-07-21,22.24,5921052630.0,131684209135.9786,42494494288.1803
AKBNK,2016-07-29,4.8013,4000000000.0,30799999237.06055,16015999603.271486
AKBNK,2016-08-31,4.8761,4000000000.0,31280000686.64551,16265600357.055664
AKBNK,2016-09-30,5.0133,4000000000.0,32159999847.41211,16723199920.654297
AKBNK,2016-10-31,5.1567,4000000000.0,33080001831.05469,17201600952.148438
AKBNK,2016-11-30,4.7078,4000000000.0,30200000762.93945,15704000396.728514
AKBNK,2016-12-30,4.8761,4000000000.0,31280000686.64551,16265600357.055664
AKBNK,2017-01-31,5.2378,4000000000.0,33599998474.12109,17471999206.54297
AKBNK,2017-02-28,5.4186,4000000000.0,34759998321.5332,18075199127.197266
AKBNK,2017-03-31,5.4587,4000000000.0,34119998931.88477,17742399444.58008
AKBNK,2017-04-28,6.0859,4000000000.0,38040000915.52734,19780800476.07422
AKBNK,2017-05-31,6.0987,4000000000.0,38119998931.88477,19822399444.58008
AKBNK,2017-06-30,6.2715,4000000000.0,39200000762.93945,20384000396.728516
AKBNK,2017-07-31,6.6938,4000000000.0,41840000152.58789,21756800079.345703
AKBNK,2017-08-31,6.617,4000000000.0,41360000610.35156,21507200317.382812
AKBNK,2017-09-29,6.0155,4000000000.0,37599998474.12109,19551999206.54297
AKBNK,2017-10-31,6.4059,4000000000.0,40040000915.52734,20820800476.07422
AKBNK,2017-11-30,5.7531,4000000000.0,35959999084.47266,18699199523.92578
AKBNK,2017-12-29,6.3035,4000000000.0,39400001525.87891,20488000793.45703
AKBNK,2018-01-31,6.9882,4000000000.0,43680000305.17578,22713600158.691406
AKBNK,2018-02-28,6.8026,4000000000.0,42520000457.76367,22110400238.03711
AKBNK,2018-03-30,6.3743,4000000000.0,38200000762.93945,19864000396.728516
AKBNK,2018-04-30,5.6468,4000000000.0,33840000152.58789,17596800079.345703
AKBNK,2018-05-31,5.3598,4000000000.0,32119998931.88477,16702399444.58008
AKBNK,2018-06-29,5.0194,4000000000.0,30079999923.70605,15641599960.327147
AKBNK,2018-07-31,4.8258,4000000000.0,28920000076.29395,14121636037.254335
AKBNK,2018-08-31,3.8446,4000000000.0,23040000915.52734,11342592450.71411
AKBNK,2018-09-28,4.6189,4000000000.0,27680000305.17578,13626864150.238035
AKBNK,2018-10-31,4.412,4000000000.0,26440000534.05762,13016412262.916567
AKBNK,2018-11-30,5.1128,4000000000.0,30639999389.64844,15087135699.462893
AKBNK,2018-12-31,4.5789,4000000000.0,27440000534.05762,13514200263.023378
AKBNK,2019-01-31,5.5088,5200000000.0,36815999603.27148,18201830203.85742
AKBNK,2019-02-28,5.3454,5200000000.0,35723999404.90723,17661945305.786137
AKBNK,2019-03-29,4.9174,5200000000.0,32864000892.63916,16247962041.3208
AKBNK,2019-04-30,4.7618,5200000000.0,31823999404.90723,15787886104.774477
AKBNK,2019-05-31,4.6529,5200000000.0,31096000099.18213,15426725649.204254
AKBNK,2019-06-28,5.2909,5200000000.0,35360000991.82129,17542096492.04254
AKBNK,2019-07-31,5.8744,5200000000.0,39260000991.82129,19476886492.04254
AKBNK,2019-08-29,5.3998,5200000000.0,36088000297.54639,17903256947.612762
AKBNK,2019-09-30,6.3179,5200000000.0,42223999404.90723,20947326104.774475
AKBNK,2019-10-31,5.3765,5200000000.0,35931999206.54297,17825864806.365967
AKBNK,2019-11-29,6.0456,5200000000.0,40403999900.81787,20044424350.795746
AKBNK,2019-12-31,6.3102,5200000000.0,42171998214.72168,20921528314.323425
AKBNK,2020-01-31,6.4269,5200000000.0,42952001190.18555,21274126189.4989
AKBNK,2020-02-28,5.2598,5200000000.0,35152001190.18555,17547878994.14063
AKBNK,2020-03-31,4.3572,5200000000.0,29119999504.08936,14545439752.292635
AKBNK,2020-04-30,4.5828,5200000000.0,30627999305.7251,15301748453.14026
AKBNK,2020-05-29,4.4272,5200000000.0,29588000297.54639,14971528150.558474
AKBNK,2020-06-30,4.7307,5200000000.0,31615999603.27148,15994534199.295042
AKBNK,2020-07-30,4.0771,5200000000.0,27247998809.81445,13784762597.88513
AKBNK,2020-08-31,3.8048,5200000000.0,25427999305.7251,12864024848.766329
AKBNK,2020-09-30,4.0071,5200000000.0,26780000495.91064,13548002250.881193
AKBNK,2020-10-30,3.7114,5200000000.0,24803999900.81787,12545863149.83368
AKBNK,2020-11-30,4.684,5200000000.0,31303999900.81787,15836693549.82376
AKBNK,2020-12-31,5.392,5200000000.0,36035999107.36084,18263044347.610474
AKBNK,2021-01-29,4.9641,5200000000.0,33176000595.09277,16813597101.593016
AKBNK,2021-02-26,4.7151,5200000000.0,31511999702.45361,15970281449.20349
AKBNK,2021-03-31,3.7421,5200000000.0,24388000297.54639,12359838550.79651
AKBNK,2021-04-30,3.8937,5200000000.0,25376000595.09277,12842793901.17645
AKBNK,2021-05-31,4.149,5200000000.0,27039999008.17871,13687647497.940063
AKBNK,2021-06-30,4.2128,5200000000.0,27456001091.00342,13898227752.26593
AKBNK,2021-07-30,4.1968,5200000000.0,27352001190.18555,13845583002.471926
AKBNK,2021-08-31,4.6995,5200000000.0,30627999305.7251,15503893248.558046
AKBNK,2021-09-30,4.2527,5200000000.0,27715999603.27148,14029838999.176023
AKBNK,2021-10-28,4.6756,5200000000.0,30472000694.2749,15424926751.441954
AKBNK,2021-11-30,5.2022,5200000000.0,33903999900.81787,17162204749.794006
AKBNK,2021-12-31,5.7447,5200000000.0,37439999008.17871,19019519496.154785
AKBNK,2022-01-31,6.415,5200000000.0,41807999801.63574,21238463899.230957
AKBNK,2022-02-28,5.6091,5200000000.0,36556001091.00342,18570448554.229736
AKBNK,2022-03-31,5.9825,5200000000.0,37752001190.18555,19178016604.614258
AKBNK,2022-04-29,7.3504,5200000000.0,46384000396.72852,23563072201.53809
AKBNK,2022-05-31,6.889,5200000000.0,43471998214.72168,22083775093.078613
AKBNK,2022-06-30,6.6088,5200000000.0,41704002380.37109,21185633209.228516
AKBNK,2022-07-29,7.1114,5200000000.0,44876000595.09277,22797008302.30713
AKBNK,2022-08-31,9.6577,5200000000.0,60944001388.5498,30959552705.383297
AKBNK,2022-09-30,9.3034,5200000000.0,58707999801.63574,29823663899.230957
AKBNK,2022-10-31,12.0474,5200000000.0,76023999404.90723,38582179697.99042
AKBNK,2022-11-30,14.2641,5200000000.0,90011997222.90039,45690089790.34424
AKBNK,2022-12-30,16.1099,5200000000.0,101659996032.71484,51592447986.60278
AKBNK,2023-01-31,13.9922,5200000000.0,88295997619.6289,44836707591.24756
AKBNK,2023-02-28,14.4207,5200000000.0,91000000000.0,46218900000.0
AKBNK,2023-03-31,15.3865,5200000000.0,88088002777.09961,45620776638.25989
AKBNK,2023-04-28,14.5781,5200000000.0,83459996032.71484,43232277944.94629
AKBNK,2023-05-31,14.351,5200000000.0,82160000991.82129,42558880513.76343
AKBNK,2023-06-27,18.3475,5200000000.0,105040003967.28516,54389714054.260254
AKBNK,2023-07-31,25.3777,5200000000.0,145288002777.0996,75230127837.98218
AKBNK,2023-08-31,26.1407,5200000000.0,149656003570.55664,77806156256.3324
AKBNK,2023-09-29,30.3915,5200000000.0,173991995239.2578,90945615911.56006
AKBNK,2023-10-31,26.7583,5200000000.0,153191995239.2578,80073455911.56006
AKBNK,2023-11-30,30.555,5200000000.0,174927996826.17188,92309503925.1709
AKBNK,2023-12-29,33.1708,5200000000.0,189904002380.3711,99984457253.26538
AKBNK,2024-01-31,35.9139,5200000000.0,205608004760.7422,108437661710.81543
AKBNK,2024-02-29,37.7668,5200000000.0,216216009521.48438,114140431426.3916
AKBNK,2024-03-29,44.3381,5200000000.0,243255993652.34375,128414839049.07227
AKBNK,2024-04-30,56.3468,5200000000.0,309140003967.28516,163256836095.1233
AKBNK,2024-05-31,62.934,5200000000.0,345280007934.5703,182411428191.8335
AKBNK,2024-06-28,60.7067,5200000000.0,333060015869.1406,176954786431.2744
AKBNK,2024-07-31,58.6689,5200000000.0,321880007934.5703,170982660214.84375
AKBNK,2024-08-29,55.2568,5200000000.0,303159996032.71484,161038589892.57812
AKBNK,2024-09-30,58.3846,5200000000.0,320319992065.4297,170153979785.15625
AKBNK,2024-10-31,47.9587,5200000000.0,263119992065.4297,139295723799.43848
AKBNK,2024-11-29,57.6737,5200000000.0,316419992065.4297,167702595794.67773
AKBNK,2024-12-31,61.4649,5200000000.0,337219992065.4297,179097537785.9497
AKBNK,2025-01-31,61.4649,5200000000.0,337219992065.4297,178962649789.12354
AKBNK,2025-02-28,63.787,5200000000.0,349960015869.1406,185863764428.1006
AKBNK,2025-03-28,50.6274,5200000000.0,271700000000.0,145930070000.0
AKBNK,2025-04-30,46.9938,5200000000.0,252200000000.0,135456620000.0
AKBNK,2025-05-30,49.3677,5200000000.0,264940003967.28516,142299276130.82886
AKBNK,2025-06-30,66.082,5200000000.0,354639984130.8594,190477135476.68457
AKBNK,2025-07-31,65.4038,5200000000.0,351000000000.0,188522100000.0
AKBNK,2025-08-29,66.1305,5200000000.0,354900000000.0,190616790000.0
AKBNK,2025-09-30,60.7528,5200000000.0,326040003967.28516,175116086130.82886
AKBNK,2025-10-31,58.9119,5200000000.0,316159996032.71484,169619837871.5515
AKBNK,2025-11-28,62.7392,5200000000.0,336700000000.0,180639550000.0
AKBNK,2025-12-31,67.6324,5200000000.0,362960015869.1406,194728048513.79395
AKBNK,2026-01-30,90.0634,5200000000.0,483339984130.8594,259311901486.20605
AKBNK,2026-02-27,87.3504,5200000000.0,468780007934.5703,252063010266.41846
AKBNK,2026-03-31,66.0,5200000000.0,343200000000.0,184538640000.0
AKBNK,2026-04-30,73.2,5200000000.0,380639984130.8594,204632055468.75
AKBNK,2026-05-26,64.0,5200000000.0,332800000000.0,178913280000.0
AKBNK,2026-06-30,77.0,5200000000.0,400400000000.0,212892680000.0
AKBNK,2026-07-21,66.7,5200000000.0,346839984130.8594,184345451565.55176
AKSA,2016-07-29,0.1889,185000000.1,1441149993.72181,533225497.67707
AKSA,2016-08-31,0.2058,185000000.1,1570649958.50586,581140484.647168
AKSA,2016-09-30,0.1978,185000000.1,1509599972.58724,558551989.857279
AKSA,2016-10-31,0.2109,185000000.1,1609499965.58405,595514987.266099
AKSA,2016-11-30,0.2168,185000000.1,1653899923.26491,611942971.608017
AKSA,2016-12-30,0.2226,185000000.1,1698300057.37552,628371021.228942
AKSA,2017-01-31,0.2551,185000000.1,1946200085.73828,720094031.723164
AKSA,2017-02-28,0.2541,185000000.1,1938799916.36172,717355969.053836
AKSA,2017-03-31,0.2604,185000000.1,1986899958.73086,735152984.730418
AKSA,2017-04-28,0.2839,185000000.1,1962849937.54629,726254476.892127
AKSA,2017-05-31,0.3066,185000000.1,2120100008.20319,784437003.03518
AKSA,2017-06-30,0.358,185000000.1,2475300022.50957,915861008.328541
AKSA,2017-07-31,0.3727,185000000.1,2577050057.85052,953508521.404692
AKSA,2017-08-31,0.3355,185000000.1,2319899994.19681,858362997.85282
AKSA,2017-09-29,0.3184,185000000.1,2201499930.6181,814554974.328697
AKSA,2017-10-31,0.3572,185000000.1,2469750071.9069,913807526.605553
AKSA,2017-11-30,0.3259,185000000.1,2253300057.67552,833721021.339942
AKSA,2017-12-29,0.3438,185000000.1,2377250071.8569,879582526.587053
AKSA,2018-01-31,0.4003,185000000.1,2767600008.55319,1024012003.16468
AKSA,2018-02-28,0.412,185000000.1,2848999930.9681,1054129974.458197
AKSA,2018-03-30,0.4439,185000000.1,3069150029.88776,1135585511.058471
AKSA,2018-04-30,0.3816,185000000.1,2460500036.61595,910385013.547902
AKSA,2018-05-31,0.3311,185000000.1,2134899994.09681,789912997.81582
AKSA,2018-06-29,0.3294,185000000.1,2123799916.46172,785805969.090836
AKSA,2018-07-31,0.3357,185000000.1,2164499965.88405,809522987.240635
AKSA,2018-08-31,0.3199,185000000.1,2062749930.5431,771468474.023119
AKSA,2018-09-28,0.2875,185000000.1,1853700085.68828,693283832.047417
AKSA,2018-10-31,0.2596,185000000.1,1674250036.19095,626169513.535415
AKSA,2018-11-30,0.2384,185000000.1,1537350078.46009,574968929.344074
AKSA,2018-12-31,0.214,185000000.1,1380100007.80319,516157402.918393
AKSA,2019-01-31,0.2487,185000000.1,1603950014.98138,600358490.607531
AKSA,2019-02-28,0.2703,185000000.1,1742700015.05638,652292615.635603
AKSA,2019-03-29,0.2634,185000000.1,1698300057.37552,635503881.46992
AKSA,2019-04-30,0.2626,185000000.1,1505900064.32871,563658394.078236
AKSA,2019-05-31,0.2768,185000000.1,1587299986.74362,594126385.038137
AKSA,2019-06-28,0.2984,185000000.1,1711250000.925,640520875.346228
AKSA,2019-07-31,0.3052,185000000.1,1750100008.00319,655062432.995594
AKSA,2019-08-29,0.2781,185000000.1,1594699979.69043,600882952.347354
AKSA,2019-09-30,0.3145,185000000.1,1803750000.975,679653000.36738
AKSA,2019-10-31,0.3313,185000000.1,1899950085.71328,715901192.296764
AKSA,2019-11-29,0.3894,185000000.1,2232949944.74948,841375539.181604
AKSA,2019-12-31,0.4419,185000000.1,2534499966.08405,954999587.22047
AKSA,2020-01-31,0.4542,185000000.1,2604799987.29362,981488635.212236
AKSA,2020-02-28,0.446,323750000.0,2557625030.87521,963457349.130692
AKSA,2020-03-31,0.3579,323750000.0,2052575049.40033,773410278.614044
AKSA,2020-04-30,0.3995,323750000.0,2049337475.29984,772190360.69298
AKSA,2020-05-29,0.407,323750000.0,2088187438.24959,786829026.732446
AKSA,2020-06-30,0.46,323750000.0,2360137487.64992,888119736.602665
AKSA,2020-07-30,0.467,323750000.0,2395750030.87521,901520736.618342
AKSA,2020-08-31,0.4228,323750000.0,2169124938.24959,816241714.263321
AKSA,2020-09-30,0.4499,323750000.0,2308337537.05025,868627415.192009
AKSA,2020-10-30,0.5093,323750000.0,2612662401.19934,983144861.571312
AKSA,2020-11-30,0.6746,323750000.0,3460887364.14909,1298871027.765153
AKSA,2020-12-31,0.9207,323750000.0,4723512549.40033,1770372503.515244
AKSA,2021-01-29,0.9213,323750000.0,4726750123.50082,1773476646.337508
AKSA,2021-02-26,1.0034,323750000.0,5147624876.49918,1913372166.594745
AKSA,2021-03-31,1.0223,323750000.0,5244750247.00165,1949473666.810513
AKSA,2021-04-30,1.0923,323750000.0,5306262302.39868,1971276445.34111
AKSA,2021-05-31,1.073,323750000.0,5212375123.50082,1936397358.380555
AKSA,2021-06-30,0.9984,323750000.0,4849774851.79901,1799266470.017433
AKSA,2021-07-30,1.0857,323750000.0,5273887796.40198,1956612372.465135
AKSA,2021-08-31,1.2996,323750000.0,6313125000.0,2341538062.5
AKSA,2021-09-30,1.3609,323750000.0,6610975024.70016,2452010636.661289
AKSA,2021-10-28,1.5622,323750000.0,7588700172.90115,2810854544.042586
AKSA,2021-11-30,1.8475,323750000.0,8974349777.69852,3324099157.659532
AKSA,2021-12-31,2.2847,323750000.0,11098149604.79736,4068581645.118712
AKSA,2022-01-31,2.1354,323750000.0,10372950296.40198,3800648988.601685
AKSA,2022-02-28,2.3953,323750000.0,11635574555.39703,4263274517.097472
AKSA,2022-03-31,2.9058,323750000.0,14115499505.9967,5149334219.787596
AKSA,2022-04-29,3.1962,323750000.0,14937824802.39868,5397036101.106643
AKSA,2022-05-31,4.0212,323750000.0,18793687252.99835,6790159204.508304
AKSA,2022-06-30,4.0073,323750000.0,18728937005.9967,6766764940.266608
AKSA,2022-07-29,4.0731,323750000.0,19036499752.99835,6877887360.758304
AKSA,2022-08-31,3.8272,323750000.0,17887187500.0,6462640843.75
AKSA,2022-09-30,3.9866,323750000.0,18631812252.99835,6731673767.008304
AKSA,2022-10-31,4.8247,323750000.0,22549187994.0033,8043295357.460977
AKSA,2022-11-30,5.9158,323750000.0,27648250494.0033,9804069625.17357
AKSA,2022-12-30,6.3695,323750000.0,29768811511.99341,10547089918.699265
AKSA,2023-01-31,5.3616,323750000.0,25058250494.0033,8878138150.02537
AKSA,2023-02-28,6.3452,323750000.0,29655499505.9967,10506943474.97463
AKSA,2023-03-31,4.9737,323750000.0,23245250988.00659,8212547174.062728
AKSA,2023-04-28,4.6981,323750000.0,21254187994.0033,7509104618.281366
AKSA,2023-05-31,4.5693,323750000.0,20671437005.9967,7303218694.218634
AKSA,2023-06-27,5.1812,323750000.0,23439500494.0033,8281175524.531366
AKSA,2023-07-31,6.2009,323750000.0,28052937994.0033,9911102993.281366
AKSA,2023-08-31,5.7429,323750000.0,25980937500.0,9179065218.75
AKSA,2023-09-29,7.3495,323750000.0,33249124011.99341,11707016564.62288
AKSA,2023-10-31,6.3405,323750000.0,28684249505.9967,10099724251.061438
AKSA,2023-11-30,6.1759,323750000.0,27939625988.00659,9815190609.586716
AKSA,2023-12-29,7.371,323750000.0,33346250000.0,11661183625.0
AKSA,2024-01-31,6.6661,323750000.0,30157312994.0033,10425383102.026941
AKSA,2024-02-29,7.6143,323750000.0,34447000494.0033,11908328070.776941
AKSA,2024-03-29,7.278,323750000.0,32925374011.99341,11033292831.418991
AKSA,2024-04-30,8.7716,323750000.0,37684500494.0033,12628076115.540506
AKSA,2024-05-31,8.9299,323750000.0,38364375000.0,12748481812.5
AKSA,2024-06-28,9.706,323750000.0,41699000988.00659,13856578028.31459
AKSA,2024-07-31,9.1605,3885000000.0,39355050444.60297,13077683262.741568
AKSA,2024-08-29,8.0753,3885000000.0,34693051185.60791,11528500908.977509
AKSA,2024-09-30,8.3376,3885000000.0,35819701037.40692,11902886654.73032
AKSA,2024-10-31,7.5418,3885000000.0,32400900592.80396,10766819266.988756
AKSA,2024-11-29,8.8982,3885000000.0,38228400592.80396,12703297516.988756
AKSA,2024-12-31,11.7015,3885000000.0,50271898369.78912,16604808031.541346
AKSA,2025-01-31,10.4355,3885000000.0,44832899851.79901,14808306821.049213
AKSA,2025-02-28,11.7377,3885000000.0,50427298221.58813,16494769248.281477
AKSA,2025-03-28,10.1009,3885000000.0,43395450296.40198,14146916796.627045
AKSA,2025-04-30,8.645,3885000000.0,37140601630.21088,12107836131.448748
AKSA,2025-05-30,8.6152,3885000000.0,35275799703.59802,11524603763.165474
AKSA,2025-06-30,8.7101,3885000000.0,35664301185.60791,11655093627.456665
AKSA,2025-07-31,9.0232,3885000000.0,36946350889.20593,12074067470.592499
AKSA,2025-08-29,10.0384,3885000000.0,41103299703.59802,13309248444.02504
AKSA,2025-09-30,10.5033,3885000000.0,43006948814.39209,13779426400.131226
AKSA,2025-10-31,11.7652,3885000000.0,48173998517.99011,15285609729.758263
AKSA,2025-11-28,9.6399,3885000000.0,39471599407.19604,12512497012.081144
AKSA,2025-12-31,9.3173,3885000000.0,38150698814.39209,12093771524.162292
AKSA,2026-01-30,10.5128,3885000000.0,43045799703.59802,13645518506.040571
AKSA,2026-02-27,9.6589,3885000000.0,39549301185.60791,12537128475.837708
AKSA,2026-03-31,10.2756,3885000000.0,42074549703.59802,13337632256.040571
AKSA,2026-04-30,10.59,3885000000.0,41142150592.80396,12955663221.673967
AKSA,2026-05-26,10.42,3885000000.0,40481700296.40198,12743639253.307343
AKSA,2026-06-30,12.1,3885000000.0,47008501482.00989,14506823557.348251
AKSA,2026-07-21,12.01,3885000000.0,46658850889.20593,14314935452.808378
AKSEN,2016-07-29,1.0364,613169118.0,1373498830.16764,288434754.335204
AKSEN,2016-08-31,1.1382,613169118.0,1508396053.67055,316763171.270816
AKSEN,2016-09-30,1.2353,613169118.0,1637161591.84109,343803934.286629
AKSEN,2016-10-31,1.3001,613169118.0,1723005186.49418,361831089.163778
AKSEN,2016-11-30,1.3094,613169118.0,1735268557.15891,364406397.003371
AKSEN,2016-12-30,1.3788,613169118.0,1827243983.33527,383721236.500407
AKSEN,2017-01-31,1.3834,613169118.0,1833375668.66764,385008890.420204
AKSEN,2017-02-28,1.3418,613169118.0,1778190500.67636,373420005.142036
AKSEN,2017-03-31,1.4343,613169118.0,1900824207.32364,399173083.537964
AKSEN,2017-04-28,1.3834,613169118.0,1833375668.66764,385008890.420204
AKSEN,2017-05-31,1.6795,613169118.0,2225803968.51164,467418833.387444
AKSEN,2017-06-30,1.8044,613169118.0,2391359618.67636,502185519.922036
AKSEN,2017-07-31,1.9155,613169118.0,2538520066.65309,533089213.997149
AKSEN,2017-08-31,1.7165,613169118.0,2274857451.17055,477720064.745816
AKSEN,2017-09-29,1.5823,613169118.0,2097038430.34109,440378070.371629
AKSEN,2017-10-31,1.587,613169118.0,2103170115.67345,441665724.291425
AKSEN,2017-11-30,1.624,613169118.0,2152223598.33236,451966955.649796
AKSEN,2017-12-29,1.9108,613169118.0,2532388527.51164,531801590.777444
AKSEN,2018-01-31,2.3134,613169118.0,3065845590.0,643827573.9
AKSEN,2018-02-28,2.207,613169118.0,2924816681.16473,614211503.044593
AKSEN,2018-03-30,2.0682,613169118.0,2740865828.812,575581824.05052
AKSEN,2018-04-30,1.9201,613169118.0,2544651898.17636,534376898.617036
AKSEN,2018-05-31,1.8785,613169118.0,2489466583.99418,522787982.638778
AKSEN,2018-06-29,1.9386,613169118.0,2569178639.50582,539527514.296222
AKSEN,2018-07-31,1.971,613169118.0,2612100583.02327,538876350.277701
AKSEN,2018-08-31,1.9386,613169118.0,2569178639.50582,524883196.051039
AKSEN,2018-09-28,2.0173,613169118.0,2673417436.34691,551526017.118368
AKSEN,2018-10-31,1.7582,613169118.0,2330042619.16182,480687792.333083
AKSEN,2018-11-30,1.4297,613169118.0,1894692521.99127,390875067.286799
AKSEN,2018-12-31,1.24,613169118.0,1643293277.17345,337203780.475992
AKSEN,2019-01-31,1.3926,613169118.0,1845639039.33236,379278822.5828
AKSEN,2019-02-28,1.4158,613169118.0,1876297465.99418,382577053.316213
AKSEN,2019-03-29,1.1336,613169118.0,1502264368.33818,308715327.693496
AKSEN,2019-04-30,1.0873,613169118.0,1440947368.82364,296114684.293258
AKSEN,2019-05-31,1.0595,613169118.0,1404157256.82945,288554316.278452
AKSEN,2019-06-28,1.078,613169118.0,1428683998.15891,293594561.621656
AKSEN,2019-07-31,1.115,613169118.0,1477737627.00873,303675082.350294
AKSEN,2019-08-29,1.2168,613169118.0,1612634850.51164,331557725.265193
AKSEN,2019-09-30,1.2631,613169118.0,1673951703.83527,344164470.308532
AKSEN,2019-10-31,1.2215,613169118.0,1618766535.844,332818399.769526
AKSEN,2019-11-29,1.6934,613169118.0,2244199024.50873,461631739.341446
AKSEN,2019-12-31,1.7582,613169118.0,2330042619.16182,479289766.761586
AKSEN,2020-01-31,1.8877,613169118.0,2501729954.65891,514605851.673338
AKSEN,2020-02-28,1.6425,613169118.0,2176750339.66182,447757544.868436
AKSEN,2020-03-31,1.5361,613169118.0,2035721430.82655,418747898.321021
AKSEN,2020-04-30,1.7628,613169118.0,2336174304.49418,480551054.434453
AKSEN,2020-05-29,2.1514,613169118.0,2851236457.17636,586499339.241177
AKSEN,2020-06-30,2.5262,613169118.0,3347903407.67055,688663730.957832
AKSEN,2020-07-30,2.5355,613169118.0,3360166778.33527,691522322.981399
AKSEN,2020-08-31,2.3735,613169118.0,3145557645.51164,647355763.446296
AKSEN,2020-09-30,2.8963,613169118.0,3838438819.02327,789950708.954989
AKSEN,2020-10-30,2.8547,613169118.0,3783253504.84109,778593571.296296
AKSEN,2020-11-30,3.2387,613169118.0,4292183826.0,883331431.3908
AKSEN,2020-12-31,3.4423,613169118.0,4561978273.00582,938855128.584598
AKSEN,2021-01-29,4.5758,613169118.0,6064242787.53491,1248021165.674684
AKSEN,2021-02-26,4.8858,613169118.0,6475066143.376,1332568612.306781
AKSEN,2021-03-31,5.3578,613169118.0,7100498339.65891,1461282558.301804
AKSEN,2021-04-30,5.293,613169118.0,7014654452.624,1443615886.350019
AKSEN,2021-05-31,5.9685,613169118.0,7909881388.29454,1627853589.711016
AKSEN,2021-06-30,5.3485,613169118.0,7088235261.376,1458758816.791181
AKSEN,2021-07-30,5.9361,613169118.0,7866959737.15891,1619020313.907304
AKSEN,2021-08-31,6.681,613169118.0,8854161806.624,1822186499.803219
AKSEN,2021-09-30,6.3386,613169118.0,8400416799.64727,1728805777.367408
AKSEN,2021-10-28,6.9586,1226338236.0,9222063511.32945,1897900670.631601
AKSEN,2021-11-30,8.3281,1226338236.0,11037044124.0,2271423680.7192
AKSEN,2021-12-31,9.2442,1226338236.0,12251118696.95345,2521280227.83302
AKSEN,2022-01-31,11.5761,1226338236.0,15341491613.04655,3157278973.96498
AKSEN,2022-02-28,11.9277,1226338236.0,15807500283.06982,3253183558.255769
AKSEN,2022-03-31,13.2325,1226338236.0,17536637008.70546,3609039896.391584
AKSEN,2022-04-29,15.407,1226338236.0,20418531161.58909,4202133713.055035
AKSEN,2022-05-31,19.5433,1226338236.0,25900264573.50401,5330274449.227125
AKSEN,2022-06-30,22.2824,1226338236.0,29530224629.31782,6077320228.713607
AKSEN,2022-07-29,28.4494,1226338236.0,36937308697.50401,7601698129.946325
AKSEN,2022-08-31,26.9003,1226338236.0,34926112399.90691,7187793931.900842
AKSEN,2022-09-30,34.8344,1226338236.0,45227355453.55055,9307789752.340702
AKSEN,2022-10-31,39.1037,1226338236.0,50770404841.64365,10448549316.410263
AKSEN,2022-11-30,46.7733,1226338236.0,60728270008.09309,12497877967.665558
AKSEN,2022-12-30,44.3931,1226338236.0,57637897092.0,11861879221.5336
AKSEN,2023-01-31,33.5687,1226338236.0,43584062030.18619,8969599965.812319
AKSEN,2023-02-28,34.1166,1226338236.0,44295335774.44945,9115980102.381697
AKSEN,2023-03-31,26.4658,1226338236.0,34361997934.09309,7071699174.836358
AKSEN,2023-04-28,26.4281,1226338236.0,34312943281.90691,7061603727.416442
AKSEN,2023-05-31,33.0983,1226338236.0,41744554676.18619,8591029352.359118
AKSEN,2023-06-27,31.5231,1226338236.0,39757883365.62762,8182172396.646164
AKSEN,2023-07-31,38.4461,1226338236.0,48489414974.18619,9979121601.687517
AKSEN,2023-08-31,38.8545,1226338236.0,49004474787.81381,10085120911.332083
AKSEN,2023-09-29,40.0019,1226338236.0,50451554280.54254,10382929870.935656
AKSEN,2023-10-31,34.0706,1226338236.0,42970892912.18619,8843409761.327917
AKSEN,2023-11-30,33.4678,1226338236.0,42210559837.62762,8686933214.583763
AKSEN,2023-12-29,28.9172,1226338236.0,36471298857.95345,7505793304.96682
AKSEN,2024-01-31,35.0429,1226338236.0,44197231148.18619,9095790170.296719
AKSEN,2024-02-29,36.6181,1226338236.0,46183897780.63564,9500027773.476751
AKSEN,2024-03-29,33.6233,1226338236.0,42406778446.37238,8723074326.418798
AKSEN,2024-04-30,37.396,1226338236.0,47164967433.81381,9701833801.135502
AKSEN,2024-05-31,45.3108,1226338236.0,57147359926.35635,11755211936.851501
AKSEN,2024-06-28,44.06,1226338236.0,54032464362.27928,11114477919.320848
AKSEN,2024-07-31,41.28,1226338236.0,50623240885.08508,10413200650.062
AKSEN,2024-08-29,37.7,1226338236.0,46232952432.82182,9510118315.431448
AKSEN,2024-09-30,38.34,1226338236.0,47017808155.36436,9333034918.839825
AKSEN,2024-10-31,33.0,1226338236.0,40469161788.0,8033128614.918
AKSEN,2024-11-29,35.56,1226338236.0,43608589356.27928,8656304987.221437
AKSEN,2024-12-31,39.2,1226338236.0,48072459786.82182,9542383267.684132
AKSEN,2025-01-31,41.1,1226338236.0,50402499628.35635,10004896176.228735
AKSEN,2025-02-28,35.34,1226338236.0,43338793447.36436,8602750499.301825
AKSEN,2025-03-28,35.16,1226338236.0,43118052190.63564,8558933359.841175
AKSEN,2025-04-30,31.1,1226338236.0,38139119607.41091,7398989203.837717
AKSEN,2025-05-30,32.46,1226338236.0,39806938017.81381,7710603894.050535
AKSEN,2025-06-30,33.34,1226338236.0,40886116975.36436,7747919166.831546
AKSEN,2025-07-31,39.84,1226338236.0,48857315509.36436,9263347020.575483
AKSEN,2025-08-29,38.6,1226338236.0,47336654038.35635,8979763271.0762
AKSEN,2025-09-30,37.28,1226338236.0,45717887941.08508,8690970497.600273
AKSEN,2025-10-31,52.0,1226338236.0,63769588272.0,12122598730.5072
AKSEN,2025-11-28,52.7,1226338236.0,64628025972.82182,12285787737.433428
AKSEN,2025-12-31,72.5,1226338236.0,88909522110.0,16901700153.111
AKSEN,2026-01-30,73.7,1226338236.0,90381124250.7127,17082032483.384703
AKSEN,2026-02-27,67.15,1226338236.0,82348614418.64365,16016805504.42619
AKSEN,2026-03-31,77.1,1226338236.0,94550676124.35635,18390106506.18731
AKSEN,2026-04-30,82.2,1226338236.0,100804999256.7127,19606572355.430622
AKSEN,2026-05-26,80.0,1226338236.0,98107058880.0,19081822952.16
AKSEN,2026-06-30,81.25,1226338236.0,99639981675.0,19370012437.62
AKSEN,2026-07-21,111.3,1226338236.0,136491449409.2873,26547586910.106377
ALARK,2016-07-29,1.2384,223467000.0,728502417.86885,189410628.645901
ALARK,2016-08-31,1.2384,223467000.0,728502417.86885,189410628.645901
ALARK,2016-09-30,1.3561,223467000.0,797777175.08197,207422065.521312
ALARK,2016-10-31,1.4739,223467000.0,867051985.57377,225433516.24918
ALARK,2016-11-30,1.5727,223467000.0,925153350.16394,240539871.042624
ALARK,2016-12-30,1.6448,223467000.0,967612092.95082,251579144.167213
ALARK,2017-01-31,1.7512,223467000.0,1030182899.83606,267847553.957376
ALARK,2017-02-28,1.7512,223467000.0,1030182899.83606,267847553.957376
ALARK,2017-03-31,2.0285,223467000.0,1193313814.09836,310261591.665574
ALARK,2017-04-28,2.2853,223467000.0,1271527242.78688,330597083.124589
ALARK,2017-05-31,2.3375,223467000.0,1300577978.36065,338150274.373769
ALARK,2017-06-30,2.2974,223467000.0,1278231193.11476,332340110.209838
ALARK,2017-07-31,2.3014,223467000.0,1280465914.26229,332921137.708195
ALARK,2017-08-31,2.7111,223467000.0,1508402250.0,392184585.0
ALARK,2017-09-29,2.6388,223467000.0,1468178228.36065,381726339.373769
ALARK,2017-10-31,2.9962,223467000.0,1667063828.52459,433436595.416393
ALARK,2017-11-30,2.6107,223467000.0,1452535500.0,377659230.0
ALARK,2017-12-29,2.9159,223467000.0,1622370471.14754,421816322.49836
ALARK,2018-01-31,2.8798,223467000.0,1602258407.04918,416587185.832787
ALARK,2018-02-28,2.7472,223467000.0,1528514314.09836,397413721.665574
ALARK,2018-03-30,2.7111,223467000.0,1508402250.0,392184585.0
ALARK,2018-04-30,2.3456,223467000.0,1305047314.09836,339312301.665574
ALARK,2018-05-31,1.9158,223467000.0,1065937585.73771,277143772.291805
ALARK,2018-06-29,1.9558,223467000.0,1023478842.95082,266104499.167213
ALARK,2018-07-31,2.1266,223467000.0,1112865664.26229,329074376.922359
ALARK,2018-08-31,2.0412,223467000.0,1068172306.88524,315858551.145965
ALARK,2018-09-28,2.0366,435000000.0,1065750020.74242,315142281.133534
ALARK,2018-10-31,1.6376,435000000.0,856950012.44545,253400118.68012
ALARK,2018-11-30,1.7789,435000000.0,930900045.63332,275267143.493773
ALARK,2018-12-31,1.7207,435000000.0,900449970.96062,266263056.413055
ALARK,2019-01-31,2.1364,435000000.0,1117949970.96062,330466011.415959
ALARK,2019-02-28,2.3525,435000000.0,1231049966.81213,363898370.189666
ALARK,2019-03-29,2.1114,435000000.0,1104899983.40607,326718925.093175
ALARK,2019-04-30,2.3557,435000000.0,1161450033.18787,343440774.813653
ALARK,2019-05-31,2.5234,435000000.0,1244099954.36668,367880356.506227
ALARK,2019-06-28,2.8145,435000000.0,1387650024.8909,410328112.360239
ALARK,2019-07-31,2.9292,435000000.0,1444199970.96062,427049931.413055
ALARK,2019-08-29,3.688,435000000.0,1818299925.3273,536762137.956619
ALARK,2019-09-30,4.4026,435000000.0,2170649900.4364,640775850.608825
ALARK,2019-10-31,4.0232,435000000.0,1983599975.1091,585558712.652206
ALARK,2019-11-29,4.3409,435000000.0,2140200033.18787,632857149.813653
ALARK,2019-12-31,5.2496,435000000.0,2588249917.03033,765345500.465869
ALARK,2020-01-31,5.4614,435000000.0,2692650024.8909,796216612.360239
ALARK,2020-02-28,4.9144,435000000.0,2422950074.6727,716466337.080717
ALARK,2020-03-31,3.635,435000000.0,1792199950.2182,529953525.279522
ALARK,2020-04-30,3.9968,435000000.0,1970550091.26663,582691661.987542
ALARK,2020-05-29,4.482,435000000.0,2209799966.81213,653437850.186347
ALARK,2020-06-30,4.9232,435000000.0,2427299966.81213,717752600.186347
ALARK,2020-07-30,4.7908,435000000.0,2362049925.3273,698458162.919283
ALARK,2020-08-31,4.3585,435000000.0,2148900024.8909,635429737.360239
ALARK,2020-09-30,5.3026,435000000.0,2614350099.5636,773063324.440957
ALARK,2020-10-30,5.5313,435000000.0,2692650024.8909,796216612.360239
ALARK,2020-11-30,5.6475,435000000.0,2749200074.6727,812938462.080717
ALARK,2020-12-31,7.7206,435000000.0,3758400149.3454,1111358924.161435
ALARK,2021-01-29,8.8018,435000000.0,4284750165.93933,1267000624.06826
ALARK,2021-02-26,9.5703,435000000.0,4658850016.59393,1380883144.918441
ALARK,2021-03-31,9.0163,435000000.0,4389150066.37573,1300944079.673766
ALARK,2021-04-30,8.6052,435000000.0,4189050049.7818,1241634434.755326
ALARK,2021-05-31,8.9695,435000000.0,4306499834.06067,1276446550.815583
ALARK,2021-06-30,7.6377,435000000.0,3667050132.75146,1086913659.347533
ALARK,2021-07-30,8.5437,435000000.0,4102050132.75146,1215847659.347533
ALARK,2021-08-31,8.0635,435000000.0,3871499834.06067,1147512550.815583
ALARK,2021-09-30,7.8098,435000000.0,3749699950.2182,1111411065.244674
ALARK,2021-10-28,8.5256,435000000.0,4093349933.62427,1213268920.326234
ALARK,2021-11-30,9.9662,435000000.0,4785000000.0,1418274000.0
ALARK,2021-12-31,11.2346,435000000.0,5393999834.06067,1599320950.798989
ALARK,2022-01-31,16.8519,435000000.0,8091000165.93933,2398981549.201011
ALARK,2022-02-28,16.5076,435000000.0,7925699701.3092,2349969961.438178
ALARK,2022-03-31,21.7081,435000000.0,10422599601.74561,3089258521.957399
ALARK,2022-04-29,24.3355,435000000.0,11684100265.50293,3464335728.721619
ALARK,2022-05-31,27.3212,435000000.0,13006499834.06067,3856427200.798989
ALARK,2022-06-30,29.9711,435000000.0,14267999668.12134,4230461901.597977
ALARK,2022-07-29,35.5632,435000000.0,16930199203.49121,5019804063.835144
ALARK,2022-08-31,45.2307,435000000.0,21532500000.0,6384386250.0
ALARK,2022-09-30,53.6829,435000000.0,25556250000.0,7577428125.0
ALARK,2022-10-31,58.6629,435000000.0,27926998672.48535,8277562406.524658
ALARK,2022-11-30,76.8465,435000000.0,36583499336.24268,10843349203.26233
ALARK,2022-12-30,74.9277,435000000.0,35670000000.0,10572588000.0
ALARK,2023-01-31,63.5058,435000000.0,30232500000.0,8960913000.0
ALARK,2023-02-28,72.095,435000000.0,34321500663.75732,10172892796.73767
ALARK,2023-03-31,59.2568,435000000.0,28209749336.24268,8352906778.461458
ALARK,2023-04-28,53.82,435000000.0,25621500663.75732,7586526346.538542
ALARK,2023-05-31,62.2145,435000000.0,29471250000.0,8726437125.0
ALARK,2023-06-27,70.0087,435000000.0,32820748672.48535,9869199125.816345
ALARK,2023-07-31,96.5926,435000000.0,45283499336.24268,13616748250.408175
ALARK,2023-08-31,119.5953,435000000.0,55897500000.0,16981660500.0
ALARK,2023-09-29,115.221,435000000.0,53853001327.51465,18110764346.443176
ALARK,2023-10-31,94.1871,435000000.0,44021998672.48535,14804598153.556824
ALARK,2023-11-30,94.0277,435000000.0,43848001327.51465,14746082846.443176
ALARK,2023-12-29,84.513,435000000.0,39410999336.24268,13249977976.84479
ALARK,2024-01-31,100.091,435000000.0,46675501327.51465,15692303546.310425
ALARK,2024-02-29,123.6912,435000000.0,57681002655.0293,19392353092.62085
ALARK,2024-03-29,121.8256,435000000.0,56811002655.0293,19105540192.886353
ALARK,2024-04-30,108.7662,435000000.0,50720999336.24268,17052399976.84479
ALARK,2024-05-31,112.9449,435000000.0,52243499336.24268,17559040126.911163
ALARK,2024-06-28,101.0956,435000000.0,46762500000.0,17358240000.0
ALARK,2024-07-31,98.5565,435000000.0,45588001327.51465,16922266092.773438
ALARK,2024-08-29,90.4688,435000000.0,41846998672.48535,15529421207.359312
ALARK,2024-09-30,88.776,435000000.0,41064000663.75732,15238850646.320341
ALARK,2024-10-31,81.2056,435000000.0,37562249336.24268,13943106953.613283
ALARK,2024-11-29,90.6099,435000000.0,41912249336.24268,15553635728.679659
ALARK,2024-12-31,86.519,435000000.0,40020000000.0,14851422000.0
ALARK,2025-01-31,80.9235,435000000.0,37431751327.51465,13890922917.640688
ALARK,2025-02-28,71.6603,435000000.0,33146998672.48535,12300851207.359312
ALARK,2025-03-28,94.7007,435000000.0,43804498672.48535,16255849457.359312
ALARK,2025-04-30,88.5982,435000000.0,39867750663.75732,14794922271.320341
ALARK,2025-05-30,78.3512,435000000.0,35256751327.51465,13087306092.773438
ALARK,2025-06-30,80.1396,435000000.0,36061500663.75732,13367998296.054838
ALARK,2025-07-31,90.8216,435000000.0,40868248672.48535,15149859782.89032
ALARK,2025-08-29,84.8281,435000000.0,38171250000.0,14153899500.0
ALARK,2025-09-30,79.5595,435000000.0,35800501327.51465,13271245842.10968
ALARK,2025-10-31,78.0128,435000000.0,35104498672.48535,13016748107.757568
ALARK,2025-11-28,90.6766,435000000.0,40803001327.51465,15129752892.242432
ALARK,2025-12-31,98.6036,435000000.0,44370000000.0,16447959000.0
ALARK,2026-01-30,104.4038,435000000.0,46980000000.0,17415486000.0
ALARK,2026-02-27,98.9902,435000000.0,44544000663.75732,16530278646.320341
ALARK,2026-03-31,85.4564,435000000.0,38454000663.75732,14266434246.253965
ALARK,2026-04-30,92.465,417000000.0,39886050636.2915,14797724786.064148
ALARK,2026-05-26,96.05,417000000.0,40052851272.58301,13734122701.368713
ALARK,2026-06-30,107.7,417000000.0,44910898727.41699,15399947173.631287
ALARK,2026-07-21,109.6,417000000.0,45703199363.7085,15671627061.815645
ALTNY,2024-05-31,20.6824,235294118.0,20682353331.23033,5168520097.474459
ALTNY,2024-06-28,19.9412,235294118.0,19941176500.5,4983300007.47495
ALTNY,2024-07-31,29.0353,235294118.0,29035294520.23033,7253016571.153536
ALTNY,2024-08-29,22.5294,235294118.0,22529411798.5,5627847067.2653
ALTNY,2024-09-30,23.1176,235294118.0,23117647093.5,5774788243.9563
ALTNY,2024-10-31,23.0588,235294118.0,23058823564.0,5760094126.2872
ALTNY,2024-11-29,21.4353,235294118.0,21435293790.76967,5354536388.934264
ALTNY,2024-12-31,19.3412,235294118.0,19341175781.53934,4831425710.228527
ALTNY,2025-01-31,17.9412,235294118.0,17941176497.5,4481705889.0755
ALTNY,2025-02-28,16.9765,235294118.0,16976470972.73033,4239024801.890763
ALTNY,2025-03-28,21.1412,235294118.0,21141176143.26967,5281065800.588764
ALTNY,2025-04-30,17.8471,235294118.0,17847058491.26967,4456410505.270037
ALTNY,2025-05-30,16.4353,235294118.0,16435293783.26967,4103892857.682437
ALTNY,2025-06-30,19.2706,235294118.0,19270588623.23033,7024129553.167455
ALTNY,2025-07-31,18.3176,235294118.0,18317646727.26967,6676782232.089795
ALTNY,2025-08-29,17.8118,235294118.0,17811764014.53934,6556510333.751931
ALTNY,2025-09-30,17.0588,235294118.0,17058823555.0,6279352950.5955
ALTNY,2025-10-31,15.8235,235294118.0,15823529435.5,5824641185.20755
ALTNY,2025-11-28,14.3529,235294118.0,14352941198.0,5736870596.8406
ALTNY,2025-12-31,14.65,1000000000.0,14649999618.53027,1985074948.310852
ALTNY,2026-01-30,16.36,1000000000.0,16360000610.35156,6539092243.957519
ALTNY,2026-02-27,16.75,1000000000.0,16750000000.0,6694975000.0
ALTNY,2026-03-31,14.31,1000000000.0,14310000419.6167,5719707167.720795
ALTNY,2026-04-30,16.01,1000000000.0,16010000228.88184,6399197091.484071
ALTNY,2026-05-26,16.96,1000000000.0,16959999084.47266,6778911634.063722
ALTNY,2026-06-30,16.7,1000000000.0,16700000762.93945,6199040283.203124
ALTNY,2026-07-21,16.75,1000000000.0,16750000000.0,6219275000.0
ANSGR,2016-07-29,0.3169,500000000.0,855000019.07349,359100008.010866
ANSGR,2016-08-31,0.3132,500000000.0,845000028.61023,354900012.016297
ANSGR,2016-09-30,0.3132,500000000.0,845000028.61023,354900012.016297
ANSGR,2016-10-31,0.3187,500000000.0,860000014.30511,361200006.008146
ANSGR,2016-11-30,0.3502,500000000.0,944999992.84744,396899996.995925
ANSGR,2016-12-30,0.3576,500000000.0,964999973.77396,405299988.985063
ANSGR,2017-01-31,0.4114,500000000.0,1110000014.30511,466200006.008146
ANSGR,2017-02-28,0.4484,500000000.0,1210000038.14697,508200016.021727
ANSGR,2017-03-31,0.4579,500000000.0,1205000042.91534,506100018.024443
ANSGR,2017-04-28,0.475,500000000.0,1250000000.0,525000000.0
ANSGR,2017-05-31,0.4902,500000000.0,1289999961.85303,541799983.978273
ANSGR,2017-06-30,0.5358,500000000.0,1409999966.6214,592199985.980988
ANSGR,2017-07-31,0.5415,500000000.0,1424999952.31628,598499979.972838
ANSGR,2017-08-31,0.5548,500000000.0,1460000038.14697,613200016.021727
ANSGR,2017-09-29,0.5434,500000000.0,1429999947.54791,600599977.970122
ANSGR,2017-10-31,0.5434,500000000.0,1429999947.54791,600599977.970122
ANSGR,2017-11-30,0.5434,500000000.0,1429999947.54791,600599977.970122
ANSGR,2017-12-29,0.589,500000000.0,1549999952.31628,650999979.972838
ANSGR,2018-01-31,0.7087,500000000.0,1865000009.53674,652750003.337859
ANSGR,2018-02-28,0.7828,500000000.0,2059999942.77954,720999979.972839
ANSGR,2018-03-30,0.8137,500000000.0,2079999923.70605,727999973.297118
ANSGR,2018-04-30,0.8372,500000000.0,2140000104.90417,749000036.71646
ANSGR,2018-05-31,0.8783,500000000.0,2244999885.55908,785749959.945678
ANSGR,2018-06-29,0.8353,500000000.0,2134999990.46326,747249996.662141
ANSGR,2018-07-31,0.8294,500000000.0,2119999885.55908,736911960.220336
ANSGR,2018-08-31,0.8509,500000000.0,2174999952.31628,756029983.425139
ANSGR,2018-09-28,0.845,500000000.0,2160000085.83069,750816029.834748
ANSGR,2018-10-31,0.8724,500000000.0,2230000019.07349,775148006.629945
ANSGR,2018-11-30,0.8626,500000000.0,2204999923.70605,766457973.480223
ANSGR,2018-12-31,0.8059,500000000.0,2059999942.77954,716055980.110168
ANSGR,2019-01-31,0.8392,500000000.0,2144999980.92651,745601993.370055
ANSGR,2019-02-28,0.8137,500000000.0,2079999923.70605,723007973.480223
ANSGR,2019-03-29,0.8109,500000000.0,1975000023.84186,686510008.287431
ANSGR,2019-04-30,0.8499,500000000.0,2069999933.2428,719531976.795197
ANSGR,2019-05-31,0.815,500000000.0,1985000014.30511,689986004.972456
ANSGR,2019-06-28,0.8314,500000000.0,2025000095.36743,703890033.149719
ANSGR,2019-07-31,0.8314,500000000.0,2025000095.36743,701865033.054351
ANSGR,2019-08-29,0.8068,500000000.0,1965000033.3786,681069011.569023
ANSGR,2019-09-30,0.8807,500000000.0,2144999980.92651,743456993.389128
ANSGR,2019-10-31,0.8581,500000000.0,2089999914.16931,724393970.251083
ANSGR,2019-11-29,0.9033,500000000.0,2200000047.68372,764720016.574861
ANSGR,2019-12-31,0.9033,500000000.0,2200000047.68372,764720016.574861
ANSGR,2020-01-31,1.0142,500000000.0,2470000028.61023,858572009.944916
ANSGR,2020-02-28,0.9936,500000000.0,2420000076.29395,841192026.519777
ANSGR,2020-03-31,0.9808,500000000.0,2255000114.44092,783838039.779664
ANSGR,2020-04-30,1.1004,500000000.0,2529999971.38977,879427990.055084
ANSGR,2020-05-29,1.2396,500000000.0,2849999904.63257,990659966.850281
ANSGR,2020-06-30,1.344,500000000.0,3089999914.16931,1074083970.165252
ANSGR,2020-07-30,1.3897,500000000.0,3194999933.2428,1110581976.795197
ANSGR,2020-08-31,1.3897,500000000.0,3194999933.2428,1110581976.795197
ANSGR,2020-09-30,1.5115,500000000.0,3474999904.63257,1207909966.850281
ANSGR,2020-10-30,1.4462,500000000.0,3325000047.68372,1155770016.574861
ANSGR,2020-11-30,1.5615,500000000.0,3589999914.16931,1247883970.165252
ANSGR,2020-12-31,1.642,500000000.0,3775000095.36743,1312190033.149719
ANSGR,2021-01-29,1.8268,500000000.0,4199999809.26514,1459919933.700563
ANSGR,2021-02-26,1.7572,500000000.0,4039999961.85303,1404303986.740113
ANSGR,2021-03-31,1.4827,500000000.0,3259999990.46326,1133175996.685029
ANSGR,2021-04-30,1.4713,500000000.0,3234999895.09583,1124485963.535311
ANSGR,2021-05-31,1.5122,500000000.0,3325000047.68372,1155770016.574861
ANSGR,2021-06-30,1.3872,500000000.0,3049999952.31628,1060179983.425139
ANSGR,2021-07-30,1.4872,500000000.0,3269999980.92651,1136651993.370055
ANSGR,2021-08-31,1.4417,500000000.0,3170000076.29395,1101892026.519777
ANSGR,2021-09-30,1.3667,500000000.0,3005000114.44092,1044538039.779664
ANSGR,2021-10-28,1.3462,500000000.0,2960000038.14697,1028896013.259887
ANSGR,2021-11-30,1.4145,500000000.0,3109999895.09583,1081035963.535311
ANSGR,2021-12-31,1.494,500000000.0,3285000085.83069,1141866029.834748
ANSGR,2022-01-31,1.4145,500000000.0,3109999895.09583,1081035963.535311
ANSGR,2022-02-28,1.1893,500000000.0,2615000009.53674,908974003.314971
ANSGR,2022-03-31,1.2189,500000000.0,2680000066.7572,931568023.204803
ANSGR,2022-04-29,1.3985,500000000.0,3075000047.68372,1068870016.574861
ANSGR,2022-05-31,1.2962,500000000.0,2849999904.63257,990659966.850281
ANSGR,2022-06-30,1.3008,500000000.0,2859999895.09583,994135963.535311
ANSGR,2022-07-29,1.3985,500000000.0,3075000047.68372,1068870016.574861
ANSGR,2022-08-31,1.842,500000000.0,4050000190.73486,1407780066.299437
ANSGR,2022-09-30,2.0466,500000000.0,4500000000.0,1564200000.0
ANSGR,2022-10-31,2.1581,500000000.0,4744999885.55908,1649361960.220336
ANSGR,2022-11-30,3.8113,500000000.0,8380000114.44092,2912888039.779664
ANSGR,2022-12-30,3.6589,500000000.0,8045000076.29395,2796442026.519777
ANSGR,2023-01-31,3.9568,500000000.0,8699999809.26514,3024119933.700563
ANSGR,2023-02-28,3.8409,500000000.0,8444999694.82422,2935481893.920899
ANSGR,2023-03-31,3.95,500000000.0,8685000419.6167,3017169145.774842
ANSGR,2023-04-28,4.0865,500000000.0,8984999656.67725,3121388880.729677
ANSGR,2023-05-31,4.0364,500000000.0,8875000000.0,3083175000.0
ANSGR,2023-06-27,3.5043,500000000.0,7704999923.70605,2671323473.548888
ANSGR,2023-07-31,5.203,500000000.0,11439999580.3833,3966247854.51889
ANSGR,2023-08-31,8.8006,500000000.0,19350000381.46973,6708645132.255555
ANSGR,2023-09-29,12.5755,500000000.0,27649999618.53027,9586254867.744446
ANSGR,2023-10-31,13.3941,500000000.0,29450000762.93945,10210315264.511106
ANSGR,2023-11-30,14.9632,500000000.0,32900001525.87891,11406430529.022219
ANSGR,2023-12-29,13.667,500000000.0,30049999237.06055,10418334735.488894
ANSGR,2024-01-31,16.1798,500000000.0,35575000762.93945,12355197764.96887
ANSGR,2024-02-29,15.5772,500000000.0,34250000000.0,11895025000.0
ANSGR,2024-03-29,15.5545,500000000.0,34200000762.93945,11877660264.96887
ANSGR,2024-04-30,20.4664,500000000.0,45000000000.0,15633000000.0
ANSGR,2024-05-31,26.0833,500000000.0,57349998474.12109,19917654470.062256
ANSGR,2024-06-28,24.3323,500000000.0,53500000000.0,18580550000.0
ANSGR,2024-07-31,23.1043,500000000.0,50799999237.06055,17642839735.031128
ANSGR,2024-08-29,17.4874,500000000.0,38450000762.93945,13353685264.96887
ANSGR,2024-09-30,18.2037,500000000.0,40025001525.87891,13900683029.937744
ANSGR,2024-10-31,19.5682,500000000.0,43025001525.87891,14946885530.090334
ANSGR,2024-11-29,21.3647,500000000.0,46974998474.12109,16319114469.909666
ANSGR,2024-12-31,23.6501,500000000.0,52000000000.0,18064800000.0
ANSGR,2025-01-31,25.1282,500000000.0,55250000000.0,19193850000.0
ANSGR,2025-02-28,24.3778,500000000.0,53599998474.12109,18620639469.909668
ANSGR,2025-03-28,22.0773,500000000.0,46500000000.0,16154100000.0
ANSGR,2025-04-30,20.7598,500000000.0,43724998474.12109,15190064469.909666
ANSGR,2025-05-30,20.8903,500000000.0,44000000000.0,15285600000.0
ANSGR,2025-06-30,22.0773,500000000.0,46500000000.0,16154100000.0
ANSGR,2025-07-31,23.5966,500000000.0,49700000762.93945,17265780265.045166
ANSGR,2025-08-29,21.2132,2000000000.0,44680000305.17578,15521832106.018066
ANSGR,2025-09-30,20.3396,2000000000.0,42840000152.58789,14882616053.009033
ANSGR,2025-10-31,22.0108,2000000000.0,46360000610.35156,16105464212.036133
ANSGR,2025-11-28,21.3651,2000000000.0,45000000000.0,15633000000.0
ANSGR,2025-12-31,22.0298,2000000000.0,46400001525.87891,16119360530.090334
ANSGR,2026-01-30,27.1384,2000000000.0,57159999847.41211,19857383946.990967
ANSGR,2026-02-27,24.6696,2000000000.0,51959999084.47266,18045707682.037354
ANSGR,2026-03-31,25.885,2000000000.0,54520000457.76367,18940248159.0271
ANSGR,2026-04-30,28.88,2000000000.0,57759998321.5332,20065823416.900635
ANSGR,2026-05-26,27.42,2000000000.0,54840000152.58789,19045932052.993774
ANSGR,2026-06-30,27.36,2000000000.0,54720001220.70313,19004256423.950195
ANSGR,2026-07-21,27.78,2000000000.0,55560001373.29102,19295988476.94397
ARCLK,2016-07-29,16.9568,675728205.0,13798369997.65397,3449592499.413493
ARCLK,2016-08-31,17.5713,675728205.0,14298408714.69206,3574602178.673015
ARCLK,2016-09-30,17.5381,675728205.0,14271380256.69368,3567845064.17342
ARCLK,2016-10-31,16.9734,675728205.0,13811884871.0778,3452971217.76945
ARCLK,2016-11-30,16.6412,675728205.0,13541593846.84765,3385398461.711913
ARCLK,2016-12-30,17.6045,675728205.0,14325438461.53971,3581359615.384928
ARCLK,2017-01-31,18.983,675728205.0,15447147178.73177,3861786794.682943
ARCLK,2017-02-28,17.3388,675728205.0,14109204353.30632,3527301088.32658
ARCLK,2017-03-31,18.8169,675728205.0,15312001022.19206,3828000255.548015
ARCLK,2017-04-28,20.2424,675728205.0,16014758974.03971,4003689743.509928
ARCLK,2017-05-31,20.8573,675728205.0,16501282817.65397,4125320704.413493
ARCLK,2017-06-30,22.2581,675728205.0,17609476661.4222,4402369165.35555
ARCLK,2017-07-31,22.2068,675728205.0,17568933330.0,4392233332.5
ARCLK,2017-08-31,20.4986,675728205.0,16217476920.0,4054369230.0
ARCLK,2017-09-29,19.4053,675728205.0,15352544353.61426,3838136088.403565
ARCLK,2017-10-31,17.6971,675728205.0,14001087943.61426,3500271985.903565
ARCLK,2017-11-30,16.9199,675728205.0,13386175380.1722,3346543845.04305
ARCLK,2017-12-29,18.3804,675728205.0,14541671280.92382,3635417820.230955
ARCLK,2018-01-31,16.2793,675728205.0,12879379226.4222,3219844806.60555
ARCLK,2018-02-28,16.1854,675728205.0,12805050000.28971,3201262500.072428
ARCLK,2018-03-30,15.7952,675728205.0,12061748717.01985,3015437179.254963
ARCLK,2018-04-30,15.9987,675728205.0,12217165894.84603,3054291473.711508
ARCLK,2018-05-31,14.7068,675728205.0,11230603334.19368,2807650833.54842
ARCLK,2018-06-29,13.4945,675728205.0,10304855126.25,2576213781.5625
ARCLK,2018-07-31,11.1584,675728205.0,8520932433.05713,2131085201.507588
ARCLK,2018-08-31,11.7424,675728205.0,8966913589.67382,2242625088.777422
ARCLK,2018-09-28,12.2556,675728205.0,9358835897.01985,2340644857.844664
ARCLK,2018-10-31,13.7422,675728205.0,10494058843.2111,2624564116.687096
ARCLK,2018-11-30,13.8396,675728205.0,10568389358.19287,2643154178.484037
ARCLK,2018-12-31,13.9723,675728205.0,10669748331.17302,2668504057.626372
ARCLK,2019-01-31,16.388,675728205.0,12514486665.92382,3127370217.814363
ARCLK,2019-02-28,18.4233,675728205.0,14068661021.88412,3519978987.675407
ARCLK,2019-03-29,14.9545,675728205.0,11419806406.73015,2857235562.963884
ARCLK,2019-04-30,16.2288,675728205.0,12392855382.80794,3100692416.778547
ARCLK,2019-05-31,15.4147,675728205.0,11771185382.65397,2945150582.740023
ARCLK,2019-06-28,17.211,675728205.0,13142914102.78971,3288357108.517985
ARCLK,2019-07-31,15.4412,675728205.0,11791457692.78971,2950222714.735985
ARCLK,2019-08-29,15.1227,675728205.0,11548195126.55794,2889358420.664797
ARCLK,2019-09-30,16.8482,675728205.0,12865865641.84765,3219039583.590282
ARCLK,2019-10-31,15.6801,675728205.0,11973903328.61426,2995870612.819288
ARCLK,2019-11-29,17.8039,675728205.0,13595652051.69368,3401632143.333759
ARCLK,2019-12-31,18.441,675728205.0,14082175895.30794,3523360409.006047
ARCLK,2020-01-31,18.4941,675728205.0,14122719226.73015,3533504350.527884
ARCLK,2020-02-28,16.4411,675728205.0,12555029997.34603,3143779511.335446
ARCLK,2020-03-31,11.9813,675728205.0,9149359869.92302,2290999711.428724
ARCLK,2020-04-30,14.5121,675728205.0,11081942304.23015,2774918352.97923
ARCLK,2020-05-29,13.9546,675728205.0,10656234102.17382,2668321019.184325
ARCLK,2020-06-30,17.6092,675728205.0,13446991021.73015,3367126551.84123
ARCLK,2020-07-30,20.4231,675728205.0,15595806919.84603,3905190052.729446
ARCLK,2020-08-31,18.6356,675728205.0,14230835636.4222,3563401243.360119
ARCLK,2020-09-30,21.9451,675728205.0,16758058968.46029,4196217965.702457
ARCLK,2020-10-30,23.7857,675728205.0,18163573583.30632,4548158825.259903
ARCLK,2020-11-30,24.1219,675728205.0,18420351022.96191,4612455896.149662
ARCLK,2020-12-31,26.9004,675728205.0,20542137174.23015,5143751148.42723
ARCLK,2021-01-29,29.2011,675728205.0,22299030765.0,5583677303.556
ARCLK,2021-02-26,29.3604,675728205.0,22420662048.11588,5609649644.438593
ARCLK,2021-03-31,31.628,675728205.0,22609865120.65235,5656988253.187218
ARCLK,2021-04-30,32.4976,675728205.0,23231536409.65559,5817176716.97776
ARCLK,2021-05-31,29.8698,675728205.0,21353011535.76985,5346794088.55677
ARCLK,2021-06-30,28.1684,675728205.0,20136699993.46029,5042229678.362457
ARCLK,2021-07-30,31.2121,675728205.0,22312545638.42382,5587061427.861325
ARCLK,2021-08-31,30.3614,675728205.0,21704389222.84441,5434779061.40024
ARCLK,2021-09-30,30.8529,675728205.0,22055768198.76823,5520558780.151688
ARCLK,2021-10-28,31.836,675728205.0,22758526150.61588,5689631537.65397
ARCLK,2021-11-30,41.1372,675728205.0,29407691790.92382,7351922947.730955
ARCLK,2021-12-31,45.75,675728205.0,32705246153.07941,8163229439.808621
ARCLK,2022-01-31,48.633,675728205.0,34766216662.7897,8663741192.367193
ARCLK,2022-02-28,52.3195,675728205.0,37401555115.67059,9320467534.825111
ARCLK,2022-03-31,59.4715,675728205.0,40881556402.5,10175419388.58225
ARCLK,2022-04-29,66.2051,675728205.0,45510293575.67059,11318410012.269276
ARCLK,2022-05-31,76.5266,675728205.0,52605439728.17059,13082972860.396027
ARCLK,2022-06-30,71.2675,675728205.0,48990294862.5,12183886332.30375
ARCLK,2022-07-29,63.7967,675728205.0,43854761535.57941,10906679193.8986
ARCLK,2022-08-31,69.0558,675728205.0,47469906401.25,11805765721.990875
ARCLK,2022-09-30,66.0576,675728205.0,45408933313.84117,11293201715.1523
ARCLK,2022-10-31,77.313,675728205.0,53146024354.32941,7780577965.473826
ARCLK,2022-11-30,90.4361,675728205.0,62166994860.0,9101248047.504
ARCLK,2022-12-30,110.2927,675728205.0,75816702538.84117,11091983581.432463
ARCLK,2023-01-31,105.3777,675728205.0,72438061513.84117,10597688399.474962
ARCLK,2023-02-28,117.3703,675728205.0,80681948708.0794,11803769095.992018
ARCLK,2023-03-31,115.2077,675728205.0,79195343563.84117,11578359229.033579
ARCLK,2023-04-28,95.2036,675728205.0,65444275623.17059,9567953096.10754
ARCLK,2023-05-31,94.663,675728205.0,65072628203.65883,9513618243.374922
ARCLK,2023-06-27,127.7901,675728205.0,87844666650.0,12851674730.895
ARCLK,2023-07-31,151.7753,675728205.0,104332430727.68234,15263834615.459927
ARCLK,2023-08-31,160.0325,675728205.0,110008553836.15883,16083250570.84642
ARCLK,2023-09-29,163.0,675728205.0,110143697415.0,16103008562.073
ARCLK,2023-10-31,135.8,675728205.0,91763892301.15883,13415881054.42942
ARCLK,2023-11-30,135.9,675728205.0,91831458935.18234,13416576150.43014
ARCLK,2023-12-29,128.5,675728205.0,86831074342.5,12686019961.43925
ARCLK,2024-01-31,141.6,675728205.0,95683117952.31766,13979303532.83361
ARCLK,2024-02-29,169.0,675728205.0,114198066645.0,16684337536.8345
ARCLK,2024-03-29,148.0,675728205.0,100007774340.0,14611135831.074
ARCLK,2024-04-30,173.0,675728205.0,116900979465.0,17067543001.89
ARCLK,2024-05-31,181.0,675728205.0,122306805105.0,17856793545.33
ARCLK,2024-06-28,174.4,675728205.0,117846994827.68234,17205661244.84162
ARCLK,2024-07-31,168.0,675728205.0,113522338440.0,16574261412.24
ARCLK,2024-08-29,144.1,675728205.0,97372438464.81766,14216376015.863379
ARCLK,2024-09-30,144.3,675728205.0,97507582043.65883,14236106978.37419
ARCLK,2024-10-31,128.5,675728205.0,86831074342.5,12686019961.43925
ARCLK,2024-11-29,142.9,675728205.0,96561556370.18234,14107643385.68364
ARCLK,2024-12-31,142.0,675728205.0,95953405110.0,14028387827.082
ARCLK,2025-01-31,127.0,675728205.0,85817482035.0,12546515873.517
ARCLK,2025-02-28,127.6,675728205.0,86222917926.9206,12597168309.123098
ARCLK,2025-03-28,137.1,675728205.0,92642341029.81766,13562838726.765305
ARCLK,2025-04-30,113.7,675728205.0,76830294846.34117,11247955165.504347
ARCLK,2025-05-30,105.4,675728205.0,71221753838.0794,10426864761.894827
ARCLK,2025-06-30,122.5,675728205.0,82776705112.5,12118509628.47
ARCLK,2025-07-31,125.1,675728205.0,84533597414.4206,20845985122.39612
ARCLK,2025-08-29,137.0,675728205.0,92574764085.0,22828936823.361
ARCLK,2025-09-30,126.5,675728205.0,85479617932.5,21079273782.1545
ARCLK,2025-10-31,110.6,675728205.0,74735538441.9206,18429783779.77762
ARCLK,2025-11-28,105.7,675728205.0,71424469206.34117,17613274106.283733
ARCLK,2025-12-31,101.0,675728205.0,68248548705.0,11984445152.598
ARCLK,2026-01-30,114.0,675728205.0,77033015370.0,13526997498.972
ARCLK,2026-02-27,115.2,675728205.0,77843887153.84117,13669386584.214508
ARCLK,2026-03-31,108.6,675728205.0,73384082031.9206,12886244804.805256
ARCLK,2026-04-30,111.9,675728205.0,75613987170.5794,13277816147.153744
ARCLK,2026-05-26,103.7,675728205.0,70073012796.34117,12311828348.317144
ARCLK,2026-06-30,99.35,675728205.0,67133596135.67059,11600685412.243877
ARCLK,2026-07-21,98.6,675728205.0,66626799981.92059,11533099076.870455
ASELS,2016-07-29,2.26,1000000000.0,9449999809.26514,1322999973.29712
ASELS,2016-08-31,2.26,1000000000.0,9449999809.26514,1322999973.29712
ASELS,2016-09-30,2.2537,1000000000.0,9409999847.41211,1317399978.637695
ASELS,2016-10-31,2.2513,1000000000.0,9399999618.53027,1315999946.594238
ASELS,2016-11-30,2.6489,1000000000.0,11060000419.6167,1548400058.746338
ASELS,2016-12-30,3.0479,1000000000.0,12710000038.14697,1779400005.340576
ASELS,2017-01-31,3.2757,1000000000.0,13659999847.41211,1912399978.637695
ASELS,2017-02-28,3.633,1000000000.0,15149999618.53027,2120999946.594238
ASELS,2017-03-31,4.0743,1000000000.0,16989999771.11816,2378599967.956542
ASELS,2017-04-28,4.6834,1000000000.0,19530000686.64551,2734200096.130371
ASELS,2017-05-31,5.2613,1000000000.0,21940000534.05762,3071600074.768067
ASELS,2017-06-30,5.2481,1000000000.0,21860000610.35156,3060400085.449218
ASELS,2017-07-31,5.7763,1000000000.0,24059999465.94238,3368399925.231933
ASELS,2017-08-31,6.4822,1000000000.0,27000000000.0,3780000000.0
ASELS,2017-09-29,6.3199,1000000000.0,26299999237.06055,3681999893.188477
ASELS,2017-10-31,8.1558,1000000000.0,33939998626.70898,4751599807.739257
ASELS,2017-11-30,8.002,1000000000.0,33299999237.06055,4661999893.188477
ASELS,2017-12-29,7.6475,1000000000.0,31799999237.06055,4451999893.188477
ASELS,2018-01-31,7.9938,1000000000.0,33240001678.4668,4653600234.985352
ASELS,2018-02-28,7.4936,1000000000.0,31159999847.41211,4362399978.637695
ASELS,2018-03-30,7.4359,1000000000.0,30920000076.29395,4328800010.681153
ASELS,2018-04-30,6.0603,1000000000.0,25200000762.93945,3528000106.811523
ASELS,2018-05-31,5.6755,1000000000.0,23600000381.46973,3304000053.405762
ASELS,2018-06-29,5.5719,1140000000.0,26379599304.19922,6858695819.091797
ASELS,2018-07-31,6.5351,1140000000.0,30939599304.19922,7945289101.31836
ASELS,2018-08-31,6.2173,1140000000.0,29434799652.09961,7555913070.69397
ASELS,2018-09-28,6.6474,1140000000.0,31441199913.0249,8074100137.664794
ASELS,2018-10-31,6.0882,1140000000.0,28796400260.92529,7394915587.005614
ASELS,2018-11-30,6.4353,1140000000.0,30438000869.75098,7816478623.352052
ASELS,2018-12-31,5.8096,1140000000.0,27451199913.0249,7049468137.664794
ASELS,2019-01-31,6.2005,1140000000.0,29298000869.75098,7523726623.352052
ASELS,2019-02-28,5.9158,1140000000.0,27952800521.85059,7178279174.011232
ASELS,2019-03-29,5.1341,1140000000.0,24259200782.77588,6229762761.016846
ASELS,2019-04-30,4.9314,1140000000.0,23301600608.82568,5981520876.285552
ASELS,2019-05-31,4.4103,1140000000.0,20839200782.77588,5349422840.938568
ASELS,2019-06-28,4.3548,1140000000.0,20520000000.0,5267484000.0
ASELS,2019-07-31,4.5846,1140000000.0,21603000869.75098,5545490323.265077
ASELS,2019-08-29,4.4129,1140000000.0,20793599739.07471,5358510652.759553
ASELS,2019-09-30,4.8804,1140000000.0,22936800956.72607,5910813606.548308
ASELS,2019-10-31,4.4511,1140000000.0,20919000434.87549,5390826412.067414
ASELS,2019-11-29,4.5287,1140000000.0,21283800086.9751,5484835282.413483
ASELS,2019-12-31,5.0926,1140000000.0,23871600608.82568,6154098636.95526
ASELS,2020-01-31,5.7055,1140000000.0,26744398956.29883,6892031611.038208
ASELS,2020-02-28,6.688,1140000000.0,31350000000.0,8078895000.0
ASELS,2020-03-31,5.7395,1140000000.0,26904000434.87549,6933160912.067414
ASELS,2020-04-30,6.6005,1140000000.0,30939599304.19922,7973134740.692139
ASELS,2020-05-29,7.3398,1140000000.0,34405200347.90039,8866220129.65393
ASELS,2020-06-30,7.8992,1140000000.0,37027199478.14941,9541909305.519102
ASELS,2020-07-30,8.6007,1140000000.0,40196398086.54785,10362631426.712036
ASELS,2020-08-31,7.9226,2280000000.0,37027199478.14941,9545612025.466919
ASELS,2020-09-30,9.4251,2280000000.0,44049599304.19922,11355986700.622559
ASELS,2020-10-30,8.1934,2280000000.0,38190000000.0,9845382000.0
ASELS,2020-11-30,8.4576,2280000000.0,39421202087.40234,10162785898.132322
ASELS,2020-12-31,8.9517,2280000000.0,41610000000.0,10727058000.0
ASELS,2021-01-29,8.4858,2280000000.0,39443998260.49805,10168662751.556396
ASELS,2021-02-26,8.3288,2280000000.0,38714398956.29883,9984443490.829468
ASELS,2021-03-31,7.3331,2280000000.0,34085999565.12451,8790779287.845612
ASELS,2021-04-30,7.3576,2280000000.0,34200000000.0,8820180000.0
ASELS,2021-05-31,7.3085,2280000000.0,33971999130.24902,8761378575.691221
ASELS,2021-06-30,7.2203,2280000000.0,33561600608.82568,8655536797.016144
ASELS,2021-07-30,7.6078,2280000000.0,35362800521.85059,9120066254.585266
ASELS,2021-08-31,7.7941,2280000000.0,36229200782.77588,9343510881.8779
ASELS,2021-09-30,7.4263,2280000000.0,34519200782.77588,8902501881.8779
ASELS,2021-10-28,8.059,2280000000.0,37460400695.80078,9657291299.377441
ASELS,2021-11-30,10.7649,2280000000.0,49567199478.14941,12778424025.466919
ASELS,2021-12-31,10.3391,2280000000.0,47606398086.54785,12272929426.712036
ASELS,2022-01-31,10.6956,2280000000.0,49248000869.75098,12696134624.221804
ASELS,2022-02-28,11.0125,2280000000.0,50707199478.14941,13072316025.466919
ASELS,2022-03-31,11.9533,2280000000.0,55039198608.39844,14189105401.245117
ASELS,2022-04-29,12.1316,2280000000.0,55860000000.0,14400708000.0
ASELS,2022-05-31,12.1118,2280000000.0,55768797912.59766,14377196101.867678
ASELS,2022-06-30,11.3195,2280000000.0,52120801391.60156,13436742598.754883
ASELS,2022-07-29,10.9927,2280000000.0,50616001739.50195,13048805248.443604
ASELS,2022-08-31,12.904,2280000000.0,59416798782.34863,15317650726.089478
ASELS,2022-09-30,14.5084,2280000000.0,66803998260.49805,17222070751.556396
ASELS,2022-10-31,15.9543,2280000000.0,73461602783.20312,18945747357.788086
ASELS,2022-11-30,24.1439,2280000000.0,110625601043.70117,28530342509.170532
ASELS,2022-12-30,30.9263,2280000000.0,141702003479.0039,36544946697.23511
ASELS,2023-01-31,28.2641,2280000000.0,129503998260.49805,33399081151.382446
ASELS,2023-02-28,27.4679,2280000000.0,125856001739.50195,32458262848.617554
ASELS,2023-03-31,25.8507,2280000000.0,118446001739.50195,30535379248.443604
ASELS,2023-04-28,22.253,2280000000.0,101961602783.20312,26285701197.509766
ASELS,2023-05-31,23.6363,2280000000.0,108300000000.0,27919740000.0
ASELS,2023-06-27,27.0947,2280000000.0,124146001739.50195,32004839248.443604
ASELS,2023-07-31,37.1215,2280000000.0,170087996520.9961,43848685503.11279
ASELS,2023-08-31,38.3357,4560000000.0,175651202087.40234,45300445018.341064
ASELS,2023-09-29,40.6047,4560000000.0,186047996520.9961,47981778302.76489
ASELS,2023-10-31,41.1422,4560000000.0,188510400695.80078,48616832339.44702
ASELS,2023-11-30,48.6982,4560000000.0,222710400695.80078,57125217778.4729
ASELS,2023-12-29,44.8494,4560000000.0,205108797912.59766,52897558981.658936
ASELS,2024-01-31,50.4531,4560000000.0,230735993041.9922,59506812605.529785
ASELS,2024-02-29,59.8258,4560000000.0,273600000000.0,70561440000.0
ASELS,2024-03-29,55.9371,4560000000.0,255815993041.9922,65974944605.529785
ASELS,2024-04-30,60.5736,4560000000.0,277020000000.0,71443458000.0
ASELS,2024-05-31,58.4797,4560000000.0,267444006958.0078,68973809394.47021
ASELS,2024-06-28,58.4299,4560000000.0,267215993041.9922,68915004605.52979
ASELS,2024-07-31,62.3186,4560000000.0,285000000000.0,73501500000.0
ASELS,2024-08-29,58.2305,4560000000.0,266304006958.0078,68653172993.774414
ASELS,2024-09-30,59.078,4560000000.0,270180000000.0,69652404000.0
ASELS,2024-10-31,60.6733,4560000000.0,277475993041.9922,71533311006.22559
ASELS,2024-11-29,69.3616,4560000000.0,316691986083.9844,81643194012.45117
ASELS,2024-12-31,72.4077,4560000000.0,330600000000.0,85228680000.0
ASELS,2025-01-31,88.5871,4560000000.0,404471986083.9844,104272878012.45117
ASELS,2025-02-28,93.3311,4560000000.0,426131986083.9844,109856826012.45117
ASELS,2025-03-28,119.7474,4560000000.0,546744006958.0078,140950604993.7744
ASELS,2025-04-30,134.8282,4560000000.0,615600000000.0,158763240000.0
ASELS,2025-05-30,129.4351,4560000000.0,590976027832.0312,152412717577.88086
ASELS,2025-06-30,150.6081,4560000000.0,687648013916.0156,177275657987.54883
ASELS,2025-07-31,186.762,4560000000.0,852720000000.0,219831216000.0
ASELS,2025-08-29,183.0668,4560000000.0,835848013916.0156,215481617987.54883
ASELS,2025-09-30,214.7264,4560000000.0,980400000000.0,252649080000.0
ASELS,2025-10-31,203.3409,4560000000.0,928416027832.0312,239345651975.09766
ASELS,2025-11-28,183.4,4560000000.0,836303972167.9688,215599164024.90234
ASELS,2025-12-31,231.7,4560000000.0,1056551986083.9844,272379102012.45117
ASELS,2026-01-30,303.25,4560000000.0,1382820000000.0,356490996000.0
ASELS,2026-02-27,322.0,4560000000.0,1468320000000.0,378532896000.0
ASELS,2026-03-31,320.25,4560000000.0,1460340000000.0,376475652000.0
ASELS,2026-04-30,420.25,4560000000.0,1916340000000.0,494032452000.0
ASELS,2026-05-26,380.25,4560000000.0,1733940000000.0,447009732000.0
ASELS,2026-06-30,345.0,4560000000.0,1573200000000.0,405570960000.0
ASELS,2026-07-21,360.0,4560000000.0,1641600000000.0,423204480000.0
ASTOR,2023-01-31,26.1673,998000000.0,27125640304.56543,5707234720.080566
ASTOR,2023-02-28,37.7973,998000000.0,39181478324.89014,8102729717.587281
ASTOR,2023-03-31,50.8809,998000000.0,52744298477.17285,10907520925.079346
ASTOR,2023-04-28,47.7713,998000000.0,49520758934.021,10240892947.555544
ASTOR,2023-05-31,51.0886,998000000.0,52395000000.0,10835286000.0
ASTOR,2023-06-27,64.6636,998000000.0,66317096954.3457,13707743940.463257
ASTOR,2023-07-31,108.4053,998000000.0,111177201522.82715,22980327554.76837
ASTOR,2023-08-31,140.1289,998000000.0,143712000000.0,29705270400.0
ASTOR,2023-09-29,129.7165,998000000.0,133033403045.6543,27498004409.536743
ASTOR,2023-10-31,122.1262,998000000.0,125249000000.0,25888968300.0
ASTOR,2023-11-30,106.7509,998000000.0,109480596954.3457,22618691330.767822
ASTOR,2023-12-29,91.7649,998000000.0,94111403045.6543,19443415869.232178
ASTOR,2024-01-31,114.7305,998000000.0,117664201522.82715,24321190454.76837
ASTOR,2024-02-29,118.0391,998000000.0,121057403045.6543,25458371860.5011
ASTOR,2024-03-29,93.3706,998000000.0,95758096954.3457,23001094888.433838
ASTOR,2024-04-30,91.2784,998000000.0,93612403045.6543,22485699211.566162
ASTOR,2024-05-31,96.144,998000000.0,98602403045.6543,23684297211.566162
ASTOR,2024-06-28,92.6894,998000000.0,95059500000.0,22814280000.0
ASTOR,2024-07-31,91.6009,998000000.0,92664298477.17285,25686543537.872314
ASTOR,2024-08-29,74.4843,998000000.0,75349000000.0,20886742800.0
ASTOR,2024-09-30,76.9014,998000000.0,77794096954.3457,21564523675.74463
ASTOR,2024-10-31,76.9507,998000000.0,77844000000.0,21570572400.0
ASTOR,2024-11-29,93.426,998000000.0,94510596954.3457,26188886416.049194
ASTOR,2024-12-31,112.3677,998000000.0,113672201522.82715,31509934262.127686
ASTOR,2025-01-31,116.018,998000000.0,117364798477.17285,32533522137.872314
ASTOR,2025-02-28,107.8296,998000000.0,109081403045.6543,30237364924.25537
ASTOR,2025-03-28,112.0718,998000000.0,113372798477.17285,31426939737.872314
ASTOR,2025-04-30,99.148,998000000.0,100299000000.0,27802882800.0
ASTOR,2025-05-30,92.2915,998000000.0,93362903045.6543,25880196724.25537
ASTOR,2025-06-30,91.6996,998000000.0,92764096954.3457,25714207675.74463
ASTOR,2025-07-31,103.1928,998000000.0,104390798477.17285,28937129337.872314
ASTOR,2025-08-29,118.1,998000000.0,117863798477.17285,32671844937.872314
ASTOR,2025-09-30,97.6,998000000.0,97404798477.17285,35786522960.513306
ASTOR,2025-10-31,98.2,998000000.0,98003596954.3457,36006521521.02661
ASTOR,2025-11-28,90.6,998000000.0,90418798477.17285,33210824680.66559
ASTOR,2025-12-31,116.9,998000000.0,116666201522.82715,42851495819.33441
ASTOR,2026-01-30,159.8,998000000.0,159480403045.6543,58593100078.97339
ASTOR,2026-02-27,188.0,998000000.0,187624000000.0,68933057600.0
ASTOR,2026-03-31,195.0,998000000.0,194610000000.0,71499714000.0
ASTOR,2026-04-30,284.0,998000000.0,283432000000.0,121110493600.0
ASTOR,2026-05-26,312.75,998000000.0,312124500000.0,133339586400.0
ASTOR,2026-06-30,276.5,998000000.0,275947000000.0,117801774300.0
ASTOR,2026-07-21,300.0,998000000.0,299400000000.0,127903680000.0
BALSU,2025-02-28,19.1216,1112000000.0,21472719406.12793,5048236332.380676
BALSU,2025-03-28,15.0616,1112000000.0,16913520042.41943,4226688658.600616
BALSU,2025-04-30,15.834,1112000000.0,17780879745.4834,4443441848.396302
BALSU,2025-05-30,22.8945,1112000000.0,25709440933.22754,6424789289.213562
BALSU,2025-06-30,20.1614,1112000000.0,22640320678.71094,5657816137.609864
BALSU,2025-07-31,24.1224,1112000000.0,27088320678.71094,6769371337.609864
BALSU,2025-08-29,24.4789,1112000000.0,27488639236.4502,6869410945.188905
BALSU,2025-09-30,23.3698,1112000000.0,26243200424.19434,5904720095.443727
BALSU,2025-10-31,20.7952,1112000000.0,23352000000.0,5835664800.0
BALSU,2025-11-28,17.06,1112000000.0,18970719406.12793,4740782779.59137
BALSU,2025-12-31,17.29,1112000000.0,19226481018.06641,4325958229.064942
BALSU,2026-01-30,15.74,1112000000.0,17502879745.4834,4373969648.396302
BALSU,2026-02-27,15.33,1112000000.0,17046959915.16113,4260035282.798766
BALSU,2026-03-31,14.2,1112000000.0,15790399787.90283,3946020906.996917
BALSU,2026-04-30,14.65,1112000000.0,16290799575.80566,4071070813.993834
BALSU,2026-05-26,13.35,1112000000.0,14845200424.19434,3709815586.006166
BALSU,2026-06-30,17.6,1112000000.0,19571200424.19434,4890842986.006166
BALSU,2026-07-21,17.5,1112000000.0,19460000000.0,11129174000.0
BERA,2016-07-29,0.396,170800000.0,273280004.07219,114777601.71032
BERA,2016-08-31,0.4009,170800000.0,276696000.81444,116212320.342065
BERA,2016-09-30,0.4009,170800000.0,276696000.81444,116212320.342065
BERA,2016-10-31,0.3935,170800000.0,271572005.70107,114060242.394449
BERA,2016-11-30,0.3811,170800000.0,263031993.4845,110473437.26349
BERA,2016-12-30,0.3885,170800000.0,268156008.95882,112625523.762704
BERA,2017-01-31,0.3885,170800000.0,268156008.95882,112625523.762704
BERA,2017-02-28,0.4232,170800000.0,292068006.5155,122668562.73651
BERA,2017-03-31,0.3885,170800000.0,268156008.95882,112625523.762704
BERA,2017-04-28,0.3811,170800000.0,263031993.4845,110473437.26349
BERA,2017-05-31,0.4356,170800000.0,300607998.37112,126255359.31587
BERA,2017-06-30,0.5667,170800000.0,391131993.4845,164275437.26349
BERA,2017-07-31,0.6261,170800000.0,432123995.11337,181492077.947615
BERA,2017-08-31,0.6979,170800000.0,481655988.59787,202295515.211105
BERA,2017-09-29,0.5915,170800000.0,408212017.91763,171449047.525405
BERA,2017-10-31,0.5816,170800000.0,401379983.71124,168579593.158721
BERA,2017-11-30,1.3364,170800000.0,922320016.28876,387374406.841279
BERA,2017-12-29,1.5344,170800000.0,1058959967.42249,444763186.317446
BERA,2018-01-31,1.4849,170800000.0,1024800000.0,430416000.0
BERA,2018-02-28,1.3364,341600000.0,922320016.28876,387374406.841279
BERA,2018-03-30,1.4304,341600000.0,987224035.83527,414634095.050813
BERA,2018-04-30,1.2027,341600000.0,830088022.80426,348636969.577789
BERA,2018-05-31,0.9899,341600000.0,683200000.0,286944000.0
BERA,2018-06-29,0.9899,341600000.0,683200000.0,286944000.0
BERA,2018-07-31,0.9404,341600000.0,649039991.85562,294729060.301637
BERA,2018-08-31,0.8711,341600000.0,601215996.74225,273012184.120656
BERA,2018-09-28,0.8959,341600000.0,618295980.45349,283303218.243789
BERA,2018-10-31,0.7969,341600000.0,549976004.88663,252768971.845895
BERA,2018-11-30,0.8612,341600000.0,594384003.25775,273713833.500194
BERA,2018-12-31,1.0196,341600000.0,703695980.45349,324051998.998832
BERA,2019-01-31,1.0394,341600000.0,717359967.42249,330846416.975252
BERA,2019-02-28,0.9305,341600000.0,642207998.37112,296186328.848761
BERA,2019-03-29,0.8513,341600000.0,587552009.77325,271096497.309378
BERA,2019-04-30,0.881,341600000.0,608047990.22675,280674952.288668
BERA,2019-05-31,0.9107,341600000.0,628544011.40213,290261624.465504
BERA,2019-06-28,0.8959,341600000.0,618295980.45349,285529083.773422
BERA,2019-07-31,0.8959,341600000.0,618295980.45349,285529083.773422
BERA,2019-08-29,0.9107,341600000.0,628544011.40213,290764459.674625
BERA,2019-09-30,1.1483,341600000.0,792511977.19574,366616040.650749
BERA,2019-10-31,1.3859,341600000.0,956479983.71124,443137176.453417
BERA,2019-11-29,1.7571,341600000.0,1212679983.71124,562562244.443644
BERA,2019-12-31,1.9056,341600000.0,1315159967.42249,611417868.854716
BERA,2020-01-31,2.1778,341600000.0,1503040032.57751,699665135.164831
BERA,2020-02-28,1.7125,341600000.0,1181936013.03101,550427601.268541
BERA,2020-03-31,1.3809,341600000.0,953063986.96899,454516215.385511
BERA,2020-04-30,1.9105,341600000.0,1318575964.16473,629224450.099409
BERA,2020-05-29,2.1135,341600000.0,1458631993.4845,696059187.290803
BERA,2020-06-30,2.158,341600000.0,1489376045.60852,710730248.964386
BERA,2020-07-30,4.0586,341600000.0,2801119934.84497,1337254656.894989
BERA,2020-08-31,4.2269,341600000.0,2917263986.96899,1573863920.96977
BERA,2020-09-30,5.0486,341600000.0,3484319934.84497,1838675629.617691
BERA,2020-10-30,4.4546,341600000.0,3074400000.0,1512604800.0
BERA,2020-11-30,6.573,341600000.0,4536447908.78296,2236922463.820878
BERA,2020-12-31,10.0377,341600000.0,6927648234.55811,3351596215.879214
BERA,2021-01-29,10.1169,341600000.0,6982304182.43408,3395494523.917693
BERA,2021-02-26,12.1858,341600000.0,8410192286.68213,4107537912.815552
BERA,2021-03-31,12.0967,341600000.0,8348704182.43408,4120085514.031218
BERA,2021-04-30,16.2049,341600000.0,11183984573.36426,5599821075.883485
BERA,2021-05-31,12.5917,341600000.0,8690304182.43408,4373830095.019072
BERA,2021-06-30,5.9444,341600000.0,4102616078.18604,2253156750.139773
BERA,2021-07-30,5.4841,341600000.0,3784927973.93799,2078682443.286744
BERA,2021-08-31,4.8407,341600000.0,3340847908.78296,1758622339.18335
BERA,2021-09-30,5.1673,341600000.0,3566303856.65894,2004262767.442324
BERA,2021-10-28,4.7615,341600000.0,3286191960.90698,1898104476.619872
BERA,2021-11-30,5.2663,341600000.0,3634624117.27905,2099358890.140379
BERA,2021-12-31,4.811,341600000.0,3320352091.21704,1854084607.735595
BERA,2022-01-31,5.0139,341600000.0,3460408039.09302,2005306458.654405
BERA,2022-02-28,4.0487,341600000.0,2794288104.24805,1619289956.411745
BERA,2022-03-31,5.009,341600000.0,3456991960.90698,2007820930.894774
BERA,2022-04-29,5.1426,341600000.0,3549224117.27905,2066003358.668135
BERA,2022-05-31,4.9793,341600000.0,3436496143.34106,2000384405.038831
BERA,2022-06-30,7.1769,341600000.0,4953200000.0,2883257720.0
BERA,2022-07-29,7.351,341600000.0,5038600000.0,2932969060.0
BERA,2022-08-31,8.881,341600000.0,6087311895.75195,3543424254.51721
BERA,2022-09-30,9.9226,341600000.0,6801255947.87598,3959011087.258608
BERA,2022-10-31,11.4327,341600000.0,7836304182.43408,4802870833.413848
BERA,2022-11-30,14.7319,341600000.0,10097695817.56592,6219170854.03885
BERA,2022-12-30,15.001,341600000.0,10282160130.31006,6349233880.466462
BERA,2023-01-31,11.1237,683200000.0,7624511895.75195,4721860217.039183
BERA,2023-02-28,11.7815,683200000.0,8075423791.50391,5001109954.078371
BERA,2023-03-31,11.3729,683200000.0,7795311895.75195,4837770562.50366
BERA,2023-04-28,10.1269,683200000.0,6941311895.75195,4314025343.209837
BERA,2023-05-31,10.0273,683200000.0,6872992286.68213,4274313903.087617
BERA,2023-06-27,11.3828,683200000.0,7802144052.12402,4859955530.068052
BERA,2023-07-31,14.8415,683200000.0,10172848234.55811,6336667165.306247
BERA,2023-08-31,13.4461,683200000.0,9216367843.62793,5756543355.130005
BERA,2023-09-29,17.1,683200000.0,11682720260.62012,7339084867.721559
BERA,2023-10-31,17.11,683200000.0,11689552416.99219,7343376828.354494
BERA,2023-11-30,13.96,683200000.0,9537472026.06201,6017191101.242522
BERA,2023-12-29,11.48,683200000.0,7843135687.25586,4956861754.345704
BERA,2024-01-31,13.03,683200000.0,8902095817.56592,5629685395.028688
BERA,2024-02-29,20.22,683200000.0,13814303530.88379,8744454135.049438
BERA,2024-03-29,19.72,683200000.0,13472703530.88379,8536304957.167969
BERA,2024-04-30,18.95,683200000.0,12946640521.24023,8205580762.362058
BERA,2024-05-31,17.65,683200000.0,12058479739.37988,7649899546.662596
BERA,2024-06-28,19.16,683200000.0,13090111895.75195,8312221053.802488
BERA,2024-07-31,17.04,683200000.0,11641728625.48828,7398318541.497802
BERA,2024-08-29,14.81,683200000.0,10118192286.68213,6444276667.387849
BERA,2024-09-30,14.94,683200000.0,10207007713.31787,6512070921.096801
BERA,2024-10-31,12.91,683200000.0,8820111895.75195,5649281669.229124
BERA,2024-11-29,15.9,683200000.0,10862879739.37988,6967451064.838255
BERA,2024-12-31,14.93,683200000.0,10200176208.49609,6605634112.622068
BERA,2025-01-31,17.09,683200000.0,11675888104.24805,7596332800.623781
BERA,2025-02-28,16.83,683200000.0,11498255947.87598,7483064970.877688
BERA,2025-03-28,16.42,683200000.0,11218144052.12402,7303011777.932737
BERA,2025-04-30,14.54,683200000.0,9933727973.93799,6467850283.831025
BERA,2025-05-30,14.05,683200000.0,9598960130.31006,6329554309.926454
BERA,2025-06-30,14.66,683200000.0,10015711895.75195,6607365137.627561
BERA,2025-07-31,16.72,683200000.0,11423103530.88379,7541532951.089478
BERA,2025-08-29,18.01,683200000.0,12304432156.37207,8183677827.203064
BERA,2025-09-30,16.8,683200000.0,11477759478.75977,7674029987.498782
BERA,2025-10-31,18.36,683200000.0,12543552416.99219,8438047710.910646
BERA,2025-11-28,16.44,683200000.0,11231808364.86816,7623028337.23602
BERA,2025-12-31,17.5,683200000.0,11956000000.0,8203011600.0
BERA,2026-01-30,18.02,683200000.0,12311264312.74414,8479998858.618164
BERA,2026-02-27,17.23,683200000.0,11771535687.25586,8110588088.519288
BERA,2026-03-31,17.25,683200000.0,11785200000.0,8083468680.0
BERA,2026-04-30,17.05,683200000.0,11648559478.75977,7968779539.419559
BERA,2026-05-26,17.01,683200000.0,11621232156.37207,7952409164.605408
BERA,2026-06-30,15.94,683200000.0,10890207713.31787,7379204746.544189
BERA,2026-07-21,13.55,683200000.0,9257360130.31006,6272787224.298097
BIMAS,2016-07-29,10.2786,303600000.0,16758720231.62842,10055232138.977053
BIMAS,2016-08-31,9.4407,303600000.0,15392520231.62842,9235512138.977053
BIMAS,2016-09-30,9.3196,303600000.0,15195179768.37158,9117107861.022947
BIMAS,2016-10-31,9.3848,303600000.0,15301440463.25684,9180864277.954103
BIMAS,2016-11-30,9.0706,303600000.0,14633520231.62842,8780112138.977053
BIMAS,2016-12-30,9.2212,303600000.0,14876400000.0,8925840000.0
BIMAS,2017-01-31,10.1339,303600000.0,16348859536.74316,9809315722.045897
BIMAS,2017-02-28,9.861,303600000.0,15908640463.25684,9545184277.954103
BIMAS,2017-03-31,10.5197,303600000.0,16971240463.25684,10182744277.954103
BIMAS,2017-04-28,10.9243,303600000.0,17623979768.37158,10574387861.022947
BIMAS,2017-05-31,11.8088,303600000.0,19050900000.0,11430540000.0
BIMAS,2017-06-30,12.4538,303600000.0,19809900000.0,11885940000.0
BIMAS,2017-07-31,13.0932,303600000.0,20826959536.74316,12496175722.045897
BIMAS,2017-08-31,14.601,303600000.0,23225400000.0,13935240000.0
BIMAS,2017-09-29,14.1716,303600000.0,22542300000.0,13525380000.0
BIMAS,2017-10-31,14.7632,303600000.0,23483459536.74316,14090075722.045897
BIMAS,2017-11-30,13.9115,303600000.0,21965459536.74316,13179275722.045897
BIMAS,2017-12-29,15.0172,303600000.0,23711159536.74316,14226695722.045897
BIMAS,2018-01-31,14.4499,303600000.0,22815540463.25684,13689324277.954103
BIMAS,2018-02-28,14.4595,303600000.0,22830719073.48633,13698431444.091799
BIMAS,2018-03-30,13.825,303600000.0,21828840463.25684,13097304277.954103
BIMAS,2018-04-30,13.2578,303600000.0,20933219073.48633,12559931444.091799
BIMAS,2018-05-31,13.3155,303600000.0,21024300000.0,12614580000.0
BIMAS,2018-06-29,13.1277,303600000.0,20386740463.25684,12232044277.954103
BIMAS,2018-07-31,13.8413,303600000.0,21494880926.51367,13722331983.486326
BIMAS,2018-08-31,14.2714,303600000.0,22162800000.0,14148731520.0
BIMAS,2018-09-28,15.9038,303600000.0,24697859536.74316,16700692618.745726
BIMAS,2018-10-31,15.5225,303600000.0,24105840463.25684,16300369321.254274
BIMAS,2018-11-30,16.6875,303600000.0,25654200000.0,17362762560.0
BIMAS,2018-12-31,17.1812,303600000.0,26413200000.0,17884377720.0
BIMAS,2019-01-31,17.823,303600000.0,27399900000.0,18648371940.0
BIMAS,2019-02-28,16.9245,303600000.0,26018519073.48633,17708204081.414795
BIMAS,2019-03-29,15.0484,303600000.0,23134319073.48633,15717456378.526613
BIMAS,2019-04-30,16.4012,303600000.0,25213980926.51367,17107686058.639524
BIMAS,2019-05-31,15.7396,303600000.0,24196919073.48633,16427288358.989868
BIMAS,2019-06-28,15.9736,303600000.0,24181740463.25684,16416983600.50507
BIMAS,2019-07-31,18.7953,607200000.0,28453392370.60547,19325544098.115234
BIMAS,2019-08-29,18.8594,607200000.0,28550544277.9541,19397239782.442017
BIMAS,2019-09-30,19.7017,607200000.0,29825663351.44043,20263555680.968628
BIMAS,2019-10-31,18.9798,607200000.0,28732703814.69727,19515252430.942387
BIMAS,2019-11-29,18.6936,607200000.0,27931200000.0,18959698560.0
BIMAS,2019-12-31,19.1341,607200000.0,28331951907.34863,19240228540.280457
BIMAS,2020-01-31,20.0034,607200000.0,29619215258.78906,20114409082.243652
BIMAS,2020-02-28,19.7,607200000.0,29169888555.9082,19809271318.31726
BIMAS,2020-03-31,20.5652,607200000.0,30451080926.51367,20654968192.454224
BIMAS,2020-04-30,22.6976,607200000.0,33608519073.48633,22796658487.545776
BIMAS,2020-05-29,26.9563,607200000.0,39528719073.48633,26812330147.545776
BIMAS,2020-06-30,28.1571,607200000.0,41289600000.0,28006735680.0
BIMAS,2020-07-30,29.5857,607200000.0,43384438146.97266,29427664395.091557
BIMAS,2020-08-31,28.095,607200000.0,41198519073.48633,27944955487.545776
BIMAS,2020-09-30,28.8196,607200000.0,42261119073.48633,28729108746.156006
BIMAS,2020-10-30,27.6602,607200000.0,40560961853.02734,27686912560.87646
BIMAS,2020-11-30,28.9853,607200000.0,42504000000.0,29013230400.0
BIMAS,2020-12-31,31.2627,607200000.0,45843600000.0,31283672640.0
BIMAS,2021-01-29,30.5888,607200000.0,43688038146.97266,29817086035.30884
BIMAS,2021-02-26,28.1017,607200000.0,40135919073.48633,27392764767.65442
BIMAS,2021-03-31,30.0148,607200000.0,42868319073.48633,29261914599.561768
BIMAS,2021-04-30,27.634,607200000.0,39468000000.0,26877708000.0
BIMAS,2021-05-31,28.0419,607200000.0,38830440463.25684,26431880823.338932
BIMAS,2021-06-30,27.2526,607200000.0,37737480926.51367,25597333312.454224
BIMAS,2021-07-30,27.8008,607200000.0,38496480926.51367,26112163012.454224
BIMAS,2021-08-31,31.5061,607200000.0,43627319073.48633,29574959599.91638
BIMAS,2021-09-30,28.02,607200000.0,38800080926.51367,26302574860.08362
BIMAS,2021-10-28,27.2526,607200000.0,37737480926.51367,25518084602.508545
BIMAS,2021-11-30,31.3776,607200000.0,42139680926.51367,28494852242.508545
BIMAS,2021-12-31,27.7153,607200000.0,37221359536.74316,25098362735.62591
BIMAS,2022-01-31,31.8071,607200000.0,42716519073.48633,28790933855.529785
BIMAS,2022-02-28,33.0504,607200000.0,44386319073.48633,29916379055.529785
BIMAS,2022-03-31,38.2725,607200000.0,51399480926.51367,34920807341.47339
BIMAS,2022-04-29,37.7752,607200000.0,50731561853.02734,34421364717.27905
BIMAS,2022-05-31,37.3004,607200000.0,50094000000.0,33988779000.0
BIMAS,2022-06-30,37.2219,607200000.0,49092119073.48633,33309002791.360474
BIMAS,2022-07-29,42.4012,607200000.0,55923119073.48633,37943836291.36047
BIMAS,2022-08-31,50.3658,607200000.0,66427680926.51367,45071181508.63953
BIMAS,2022-09-30,53.2662,607200000.0,70253038146.97266,47666686382.72095
BIMAS,2022-10-31,61.6912,607200000.0,81364800000.0,55271108640.0
BIMAS,2022-11-30,61.9214,607200000.0,81668400000.0,55452843600.0
BIMAS,2022-12-30,63.7458,607200000.0,83125676293.94531,56442334203.58887
BIMAS,2023-01-31,57.9719,607200000.0,75596400000.0,51345074880.0
BIMAS,2023-02-28,63.4664,607200000.0,82761361853.02734,56211516970.57617
BIMAS,2023-03-31,69.2403,607200000.0,90290638146.97266,61253168918.90625
BIMAS,2023-04-28,72.7326,607200000.0,94844638146.97266,64342602518.90625
BIMAS,2023-05-31,65.6549,607200000.0,85615200000.0,58055667120.0
BIMAS,2023-06-27,80.3623,607200000.0,103527600000.0,70202065560.0
BIMAS,2023-07-31,101.8551,607200000.0,131215923706.05469,88977517865.07568
BIMAS,2023-08-31,118.8703,607200000.0,153135838146.97266,103856725431.27686
BIMAS,2023-09-29,129.4753,607200000.0,166797847412.10938,113155659684.375
BIMAS,2023-10-31,128.2027,607200000.0,165158400000.0,112043458560.0
BIMAS,2023-11-30,145.1707,607200000.0,187017600000.0,126685722240.0
BIMAS,2023-12-29,143.1605,607200000.0,182615400000.0,123648887340.0
BIMAS,2024-01-31,181.3604,607200000.0,231343200000.0,156480540480.0
BIMAS,2024-02-29,184.8115,607200000.0,235745400000.0,161438449920.0
BIMAS,2024-03-29,171.8402,607200000.0,219199200000.0,150107612160.0
BIMAS,2024-04-30,184.2164,607200000.0,234986400000.0,159814250640.0
BIMAS,2024-05-31,228.4855,607200000.0,291456000000.0,198306662400.0
BIMAS,2024-06-28,259.4263,607200000.0,330924000000.0,226120369200.0
BIMAS,2024-07-31,298.7657,607200000.0,379803600000.0,259519799880.0
BIMAS,2024-08-29,257.9273,607200000.0,327888000000.0,224045870400.0
BIMAS,2024-09-30,237.0304,607200000.0,301323000000.0,205863873600.0
BIMAS,2024-10-31,224.6793,607200000.0,283258800000.0,192899242800.0
BIMAS,2024-11-29,228.0507,607200000.0,287509200000.0,195736263360.0
BIMAS,2024-12-31,256.5191,607200000.0,320905200000.0,218087173920.0
BIMAS,2025-01-31,266.9546,607200000.0,333960000000.0,226992612000.0
BIMAS,2025-02-28,245.5983,607200000.0,307243200000.0,208833203040.0
BIMAS,2025-03-28,222.4217,607200000.0,278249400000.0,188847867780.0
BIMAS,2025-04-30,218.9028,607200000.0,273847200000.0,185832709920.0
BIMAS,2025-05-30,231.0371,600000000.0,285600000000.0,192837120000.0
BIMAS,2025-06-30,242.0628,600000000.0,296850000000.0,200284695000.0
BIMAS,2025-07-31,259.5539,600000000.0,318300000000.0,214820670000.0
BIMAS,2025-08-29,259.3093,600000000.0,318000000000.0,214618200000.0
BIMAS,2025-09-30,266.7233,600000000.0,324600000000.0,218715480000.0
BIMAS,2025-10-31,265.7373,600000000.0,323400000000.0,220558800000.0
BIMAS,2025-11-28,264.7513,600000000.0,322200000000.0,219772620000.0
BIMAS,2025-12-31,266.8601,600000000.0,321900000000.0,219600180000.0
BIMAS,2026-01-30,330.2798,600000000.0,398400000000.0,271668960000.0
BIMAS,2026-02-27,332.0207,600000000.0,400500000000.0,273181050000.0
BIMAS,2026-03-31,339.7306,600000000.0,409800000000.0,279606540000.0
BIMAS,2026-04-30,368.829,600000000.0,444900000000.0,303644250000.0
BIMAS,2026-05-26,371.0674,1200000000.0,447600000000.0,306606000000.0
BIMAS,2026-06-30,365.25,1200000000.0,438300000000.0,301462740000.0
BIMAS,2026-07-21,393.0,1200000000.0,471600000000.0,324366480000.0
BRSAN,2016-07-29,5.9421,141750000.0,1061707467.556,180490269.48452
BRSAN,2016-08-31,7.1162,141750000.0,1271497537.85133,216154581.434726
BRSAN,2016-09-30,7.1082,141750000.0,1270080005.40733,215913600.919246
BRSAN,2016-10-31,6.6878,141750000.0,1194952543.25867,203141932.353974
BRSAN,2016-11-30,6.1483,141750000.0,1098562500.0,186755625.0
BRSAN,2016-12-30,6.3704,141750000.0,1138252462.14867,193502918.565274
BRSAN,2017-01-31,7.4414,141750000.0,1329615016.222,226034552.75774
BRSAN,2017-02-28,7.9174,141750000.0,1414664935.112,240493038.96904
BRSAN,2017-03-31,7.1558,141750000.0,1278585064.888,217359461.03096
BRSAN,2017-04-28,7.8936,141750000.0,1410412472.96333,239770120.403766
BRSAN,2017-05-31,7.5997,141750000.0,1274332467.556,216636519.48452
BRSAN,2017-06-30,7.1263,141750000.0,1194952543.25867,203141932.353974
BRSAN,2017-07-31,7.5658,141750000.0,1268662472.96333,215672620.403766
BRSAN,2017-08-31,10.1188,141750000.0,1696747537.85133,288447081.434726
BRSAN,2017-09-29,8.9269,141750000.0,1496880059.48067,254469610.111714
BRSAN,2017-10-31,9.4932,141750000.0,1591852435.112,270614913.96904
BRSAN,2017-11-30,8.5718,141750000.0,1437345048.666,244348658.27322
BRSAN,2017-12-29,9.9244,141750000.0,1664144967.556,282904644.48452
BRSAN,2018-01-31,12.266,141750000.0,2056792532.444,349654730.51548
BRSAN,2018-02-28,11.4544,141750000.0,1920712527.03667,326521129.596234
BRSAN,2018-03-30,10.4485,141750000.0,1752029951.334,297845091.72678
BRSAN,2018-04-30,10.5161,141750000.0,1763369940.51933,299772889.888286
BRSAN,2018-05-31,8.2136,141750000.0,1295595048.666,220251158.27322
BRSAN,2018-06-29,8.3574,141750000.0,1318275027.03667,224106754.596234
BRSAN,2018-07-31,8.5281,141750000.0,1345207467.556,258279833.770752
BRSAN,2018-08-31,6.9734,141750000.0,1099980032.444,211196166.229248
BRSAN,2018-09-28,7.7643,141750000.0,1224720048.666,235146249.343872
BRSAN,2018-10-31,6.9734,141750000.0,1099980032.444,211196166.229248
BRSAN,2018-11-30,7.1981,141750000.0,1135417532.444,218000166.229248
BRSAN,2018-12-31,7.0094,141750000.0,1105650027.03667,212284805.191041
BRSAN,2019-01-31,7.7283,141750000.0,1219050054.07333,233082370.338821
BRSAN,2019-02-28,7.953,141750000.0,1254487554.07333,239983469.094228
BRSAN,2019-03-29,8.582,141750000.0,1353712527.03667,259777433.938337
BRSAN,2019-04-30,8.2765,141750000.0,1305517505.40733,250659361.038207
BRSAN,2019-05-31,7.6,141750000.0,1077299986.48167,202101477.463961
BRSAN,2019-06-28,7.85,141750000.0,1112737486.48167,213645597.404481
BRSAN,2019-07-31,8.2,141750000.0,1162349972.96333,223171194.808959
BRSAN,2019-08-29,8.16,141750000.0,1156679978.37067,222082555.847169
BRSAN,2019-09-30,9.44,141750000.0,1338119940.51933,256919028.579711
BRSAN,2019-10-31,8.87,141750000.0,1257322483.778,241405916.885376
BRSAN,2019-11-29,9.74,141750000.0,1380644967.556,265083833.770752
BRSAN,2019-12-31,11.45,141750000.0,1623037472.96333,311623194.808959
BRSAN,2020-01-31,12.66,141750000.0,1794554978.37067,344554555.847169
BRSAN,2020-02-28,9.89,141750000.0,1401907548.666,269166249.343872
BRSAN,2020-03-31,7.44,141750000.0,1054620008.111,202487041.557312
BRSAN,2020-04-30,9.59,141750000.0,1359382521.62933,261001444.152831
BRSAN,2020-05-29,10.45,141750000.0,1481287472.96333,284407194.808959
BRSAN,2020-06-30,11.67,141750000.0,1654222510.81467,317610722.076417
BRSAN,2020-07-30,13.87,141750000.0,1966072483.778,377485916.885376
BRSAN,2020-08-31,12.34,141750000.0,1749195021.62933,335845444.152831
BRSAN,2020-09-30,15.41,141750000.0,2184367478.37067,419398555.847169
BRSAN,2020-10-30,13.62,141750000.0,1930634983.778,370681916.885376
BRSAN,2020-11-30,16.2,141750000.0,2296350108.14667,441358490.78579
BRSAN,2020-12-31,27.8,141750000.0,3940649891.85333,757392909.21421
BRSAN,2021-01-29,31.9,141750000.0,4521824945.92667,869094754.607106
BRSAN,2021-02-26,29.14,141750000.0,4130594913.48267,793900342.371369
BRSAN,2021-03-31,28.28,141750000.0,4008690097.332,772875450.76561
BRSAN,2021-04-30,24.76,141750000.0,3509730032.444,676675950.255203
BRSAN,2021-05-31,28.58,141750000.0,4051214989.18533,781074249.914932
BRSAN,2021-06-30,23.04,141750000.0,3265920129.776,629669401.020813
BRSAN,2021-07-30,25.68,141750000.0,3640140043.25867,701819000.340272
BRSAN,2021-08-31,26.36,141750000.0,3736530086.51733,720403000.680541
BRSAN,2021-09-30,22.92,141750000.0,3248910010.81467,626389850.085068
BRSAN,2021-10-28,24.0,141750000.0,3402000000.0,655905600.0
BRSAN,2021-11-30,27.3,141750000.0,3869774891.85333,746092599.149322
BRSAN,2021-12-31,27.0,141750000.0,3827250000.0,737893800.0
BRSAN,2022-01-31,25.62,141750000.0,3631635118.96133,700179250.935744
BRSAN,2022-02-28,23.86,141750000.0,3382155086.51733,652079500.680541
BRSAN,2022-03-31,28.22,141750000.0,4000184902.668,771235649.23439
BRSAN,2022-04-29,28.04,141750000.0,3974670129.776,766316401.020813
BRSAN,2022-05-31,29.74,141750000.0,4215644967.556,812776349.744797
BRSAN,2022-06-30,36.14,141750000.0,5122844913.48267,987684499.319459
BRSAN,2022-07-29,43.2,141750000.0,6123600108.14667,1180630100.850678
BRSAN,2022-08-31,42.82,141750000.0,6069734956.74133,1170244899.659728
BRSAN,2022-09-30,48.1,141750000.0,6818174783.70667,1314544098.298646
BRSAN,2022-10-31,53.1,141750000.0,7526924783.70667,1454954560.690499
BRSAN,2022-11-30,76.4,141750000.0,10829700216.29333,2093381051.809501
BRSAN,2022-12-30,84.05,141750000.0,11914087932.58667,2302993197.369003
BRSAN,2023-01-31,67.45,141750000.0,9561037067.41333,1848148465.130997
BRSAN,2023-02-28,82.4,141750000.0,11680200216.29333,2257782701.809501
BRSAN,2023-03-31,103.7,141750000.0,14699474567.41333,2839938486.424255
BRSAN,2023-04-28,119.2,141750000.0,16896599567.41333,3264423036.424255
BRSAN,2023-05-31,181.0,141750000.0,25656750000.0,4956884100.0
BRSAN,2023-06-27,269.5,141750000.0,38201625000.0,7380553950.0
BRSAN,2023-07-31,311.1,141750000.0,44098425865.17334,8519815877.151489
BRSAN,2023-08-31,760.0,141750000.0,107730000000.0,20834982000.0
BRSAN,2023-09-29,703.9,141750000.0,99777828460.69336,19297032024.298096
BRSAN,2023-10-31,923.0,141750000.0,130835250000.0,25303537350.0
BRSAN,2023-11-30,673.5,141750000.0,95468625000.0,18463632075.0
BRSAN,2023-12-29,591.0,141750000.0,83774250000.0,16201939950.0
BRSAN,2024-01-31,612.0,141750000.0,86751000000.0,16777643400.0
BRSAN,2024-02-29,713.0,141750000.0,101067750000.0,19536396075.0
BRSAN,2024-03-29,629.5,141750000.0,89231625000.0,17248473112.5
BRSAN,2024-04-30,601.5,141750000.0,85262625000.0,16481265412.5
BRSAN,2024-05-31,493.75,141750000.0,69989062500.0,13528885781.25
BRSAN,2024-06-28,451.0,141750000.0,63929250000.0,12357524025.0
BRSAN,2024-07-31,419.75,141750000.0,59499562500.0,11501265431.25
BRSAN,2024-08-29,378.5,141750000.0,53652375000.0,10371004087.5
BRSAN,2024-09-30,473.75,141750000.0,67154062500.0,12980880281.25
BRSAN,2024-10-31,485.75,141750000.0,68855062500.0,13309683581.25
BRSAN,2024-11-29,452.75,141750000.0,64177312500.0,12405474506.25
BRSAN,2024-12-31,431.0,141750000.0,61094250000.0,11809518525.0
BRSAN,2025-01-31,394.25,141771582.28,55893446313.89,11011008923.83633
BRSAN,2025-02-28,356.75,141771582.28,50577011978.39,9938382853.753635
BRSAN,2025-03-28,371.25,141771582.28,52632699921.45,10342325534.564924
BRSAN,2025-04-30,363.0,141771582.28,51463084367.64,10112496078.24126
BRSAN,2025-05-30,330.75,141771582.28,46890950839.11,9214071839.885115
BRSAN,2025-06-30,323.0,141771582.28,45792221076.44,8998171441.52046
BRSAN,2025-07-31,360.5,141771582.28,51108655411.94,10032629057.363823
BRSAN,2025-08-29,510.0,141771582.28,72303506962.8,14200408767.49392
BRSAN,2025-09-30,426.0,141771582.28,60394694051.28,11861517911.671392
BRSAN,2025-10-31,481.75,141771582.28,68298459763.39,13413817497.529797
BRSAN,2025-11-28,442.75,141771582.28,62769368054.47,12327903885.897907
BRSAN,2025-12-31,555.0,141771582.28,78683228165.4,14682290375.663637
BRSAN,2026-01-30,644.0,141771582.28,91300898988.32,17036747751.220514
BRSAN,2026-02-27,648.0,141771582.28,91867985317.44,17142566060.234304
BRSAN,2026-03-31,516.5,141771582.28,73225022247.62,13663789151.405891
BRSAN,2026-04-30,547.0,141771582.28,77549055507.16,12299280203.435575
BRSAN,2026-05-26,489.0,141771582.28,69326303734.92,15154729996.453512
BRSAN,2026-06-30,565.0,141771582.28,80100943988.2,17638227866.20164
BRSAN,2026-07-21,564.0,141771582.28,79959172405.92,17607009763.783585
BRYAT,2016-07-29,20.1013,28125000.0,732937484.97963,95281873.047352
BRYAT,2016-08-31,21.3817,28125000.0,779624980.6881,101351247.489453
BRYAT,2016-09-30,21.2583,28125000.0,775124984.97963,100766248.047352
BRYAT,2016-10-31,21.968,28125000.0,800999987.1254,104129998.326302
BRYAT,2016-11-30,21.1658,28125000.0,771750015.02037,100327501.952648
BRYAT,2016-12-30,23.0479,28125000.0,840374976.39656,109248746.931553
BRYAT,2017-01-31,34.5564,28125000.0,1259999978.54233,163799997.210503
BRYAT,2017-02-28,35.2043,28125000.0,1283624982.83386,166871247.768402
BRYAT,2017-03-31,30.9464,28125000.0,1128374969.95926,146688746.094704
BRYAT,2017-04-28,30.8539,28125000.0,1125000000.0,146250000.0
BRYAT,2017-05-31,31.8132,28125000.0,1150312542.91534,149540630.578994
BRYAT,2017-06-30,32.3577,28125000.0,1169999957.08466,152099994.421006
BRYAT,2017-07-31,34.0378,28125000.0,1230749952.79312,159997493.863106
BRYAT,2017-08-31,31.6888,28125000.0,1145812547.20688,148955631.136894
BRYAT,2017-09-29,29.6975,28125000.0,1073812508.58307,139595626.115799
BRYAT,2017-10-31,32.451,28125000.0,1173375034.33228,152538754.463196
BRYAT,2017-11-30,31.891,28125000.0,1153125000.0,149906250.0
BRYAT,2017-12-29,34.2245,28125000.0,1237500000.0,160875000.0
BRYAT,2018-01-31,34.3489,28125000.0,1241999995.70847,161459999.442101
BRYAT,2018-02-28,32.7933,28125000.0,1185749995.70847,154147499.442101
BRYAT,2018-03-30,31.4243,28125000.0,1136250042.91534,147712505.578994
BRYAT,2018-04-30,30.8548,28125000.0,1094062542.91534,142228130.578994
BRYAT,2018-05-31,32.0129,28125000.0,1135125017.16614,147566252.231598
BRYAT,2018-06-29,30.1409,28125000.0,1068750000.0,138937500.0
BRYAT,2018-07-31,32.4094,28125000.0,1149187517.16614,132041645.722389
BRYAT,2018-08-31,31.4418,28125000.0,1114874982.83386,128656573.019027
BRYAT,2018-09-28,31.1721,28125000.0,1105312478.54233,128437310.006619
BRYAT,2018-10-31,29.7602,28125000.0,1055250012.8746,122620051.496029
BRYAT,2018-11-30,29.903,28125000.0,1060312521.45767,123208314.993381
BRYAT,2018-12-31,29.8395,28125000.0,1058062469.95926,122946859.009266
BRYAT,2019-01-31,30.3313,28125000.0,1075500047.20688,128522255.641222
BRYAT,2019-02-28,31.9653,28125000.0,1133437478.54233,135445778.685808
BRYAT,2019-03-29,29.2367,28125000.0,1036687517.16614,123780489.549637
BRYAT,2019-04-30,29.9811,28125000.0,1023750042.91534,122235755.124092
BRYAT,2019-05-31,27.2465,28125000.0,930375051.49841,111086781.14891
BRYAT,2019-06-28,29.1409,28125000.0,995062530.04074,118810466.086864
BRYAT,2019-07-31,30.8047,28125000.0,1051875042.91534,125593880.124092
BRYAT,2019-08-29,27.1312,28125000.0,926437461.37619,110709276.634455
BRYAT,2019-09-30,29.2562,28125000.0,999000012.8746,119380501.538515
BRYAT,2019-10-31,28.0043,28125000.0,956250000.0,114558750.0
BRYAT,2019-11-29,32.2049,28125000.0,1099687457.08466,131742557.358742
BRYAT,2019-12-31,50.9431,28125000.0,1739531207.08466,208917697.970868
BRYAT,2020-01-31,57.6559,28125000.0,1968750000.0,236643750.0
BRYAT,2020-02-28,50.7372,28125000.0,1732499957.08466,208592994.832993
BRYAT,2020-03-31,42.4183,28125000.0,1448437500.0,174391875.0
BRYAT,2020-04-30,53.3548,28125000.0,1764843750.0,212487187.5
BRYAT,2020-05-29,57.8188,28125000.0,1912500000.0,230265000.0
BRYAT,2020-06-30,58.9242,28125000.0,1949062585.83069,234667135.334015
BRYAT,2020-07-30,76.6524,28125000.0,2535468792.91534,305270442.667007
BRYAT,2020-08-31,70.2753,28125000.0,2324531292.91534,279873567.667007
BRYAT,2020-09-30,151.1792,28125000.0,5000625085.83069,602075260.334015
BRYAT,2020-10-30,132.6431,28125000.0,4387500000.0,528255000.0
BRYAT,2020-11-30,175.5821,28125000.0,5807812500.0,699260625.0
BRYAT,2020-12-31,388.4912,28125000.0,12850312328.33862,1547177604.33197
BRYAT,2021-01-29,390.1918,28125000.0,12906562328.33862,1553950104.33197
BRYAT,2021-02-26,417.4857,28125000.0,13809375000.0,1662648750.0
BRYAT,2021-03-31,376.9681,28125000.0,12397499656.67725,1492658958.663941
BRYAT,2021-04-30,305.3031,28125000.0,10040625000.0,1281183750.0
BRYAT,2021-05-31,296.6657,28125000.0,9756562328.33862,1243961696.863174
BRYAT,2021-06-30,247.0646,28125000.0,8125312328.33862,1035977321.863174
BRYAT,2021-07-30,253.9916,28125000.0,8353125000.0,1065023437.5
BRYAT,2021-08-31,396.4665,28125000.0,13038750171.66138,1662440646.886826
BRYAT,2021-09-30,283.4102,28125000.0,9320624828.33862,1188379665.613174
BRYAT,2021-10-28,297.6064,28125000.0,9787500000.0,1318376250.0
BRYAT,2021-11-30,318.9861,28125000.0,10490625000.0,1413087187.5
BRYAT,2021-12-31,324.8015,28125000.0,10681874656.67725,1438848516.254426
BRYAT,2022-01-31,303.6783,28125000.0,9987187671.66138,1345274179.372788
BRYAT,2022-02-28,295.0408,28125000.0,9703125000.0,1307010937.5
BRYAT,2022-03-31,321.4662,28125000.0,10572187328.33862,1424073633.127212
BRYAT,2022-04-29,331.14,28125000.0,10743750000.0,1447183125.0
BRYAT,2022-05-31,341.5423,28125000.0,11081250000.0,1492644375.0
BRYAT,2022-06-30,331.5734,28125000.0,10757812500.0,1449077343.75
BRYAT,2022-07-29,345.0097,28125000.0,11193750000.0,1507798125.0
BRYAT,2022-08-31,372.3158,28125000.0,12079687500.0,1627133906.25
BRYAT,2022-09-30,496.7099,28125000.0,16115625000.0,2170774687.5
BRYAT,2022-10-31,643.9893,28125000.0,20894063186.64551,2818609123.878479
BRYAT,2022-11-30,964.727,28125000.0,31300313186.64551,4222412248.878479
BRYAT,2022-12-30,1007.2897,28125000.0,32681250000.0,4601520000.0
BRYAT,2023-01-31,788.4946,28125000.0,25582499313.35449,3604574153.251648
BRYAT,2023-02-28,743.1579,28125000.0,24111562156.67725,3397319107.875825
BRYAT,2023-03-31,725.493,28125000.0,23090625000.0,3248850937.5
BRYAT,2023-04-28,754.1239,28125000.0,24001875686.64551,3377063909.111023
BRYAT,2023-05-31,795.3029,28125000.0,25312500000.0,3561468750.0
BRYAT,2023-06-27,1213.5439,28125000.0,38624063873.29102,5434405786.972047
BRYAT,2023-07-31,1700.4462,28125000.0,54120938873.29102,7614816099.472047
BRYAT,2023-08-31,1764.7772,28125000.0,56168436813.35449,7902899059.638977
BRYAT,2023-09-29,1938.6833,28125000.0,61703434753.41797,8681673269.805908
BRYAT,2023-10-31,2054.7092,28125000.0,65396248626.70898,9201252181.777952
BRYAT,2023-11-30,2030.6735,28125000.0,64631250000.0,9093616875.0
BRYAT,2023-12-29,2076.6243,28125000.0,66093750000.0,9299390625.0
BRYAT,2024-01-31,2306.3784,28125000.0,73406250000.0,10328259375.0
BRYAT,2024-02-29,3819.6631,28125000.0,121570312500.0,17104942968.75
BRYAT,2024-03-29,3048.6611,28125000.0,97031250000.0,14942812500.0
BRYAT,2024-04-30,2895.8694,28125000.0,90914062500.0,14000765625.0
BRYAT,2024-05-31,2185.9001,28125000.0,68625000000.0,10561387500.0
BRYAT,2024-06-28,2062.2712,28125000.0,64743750000.0,9957588750.0
BRYAT,2024-07-31,1896.537,28125000.0,59540625000.0,9157348125.0
BRYAT,2024-08-29,1634.9457,28125000.0,51328125000.0,7889132812.5
BRYAT,2024-09-30,1768.429,28125000.0,55518750000.0,8533231875.0
BRYAT,2024-10-31,1743.3448,28125000.0,54731250000.0,8406720000.0
BRYAT,2024-11-29,1993.2899,28125000.0,62578125000.0,9612000000.0
BRYAT,2024-12-31,1826.6599,28125000.0,57346875000.0,8808480000.0
BRYAT,2025-01-31,1614.3409,28125000.0,50681250000.0,7784640000.0
BRYAT,2025-02-28,1582.9857,28125000.0,49696875000.0,7633440000.0
BRYAT,2025-03-28,1729.907,28125000.0,54309375000.0,8341920000.0
BRYAT,2025-04-30,1960.2589,28125000.0,59625000000.0,9152437500.0
BRYAT,2025-05-30,1697.6582,28125000.0,51637500000.0,7921192500.0
BRYAT,2025-06-30,1671.7679,28125000.0,50850000000.0,7800390000.0
BRYAT,2025-07-31,1934.3687,28125000.0,58837500000.0,9025672500.0
BRYAT,2025-08-29,2595.9561,28125000.0,78960937500.0,12120503906.25
BRYAT,2025-09-30,2091.5593,28125000.0,63618750000.0,9765478125.0
BRYAT,2025-10-31,2264.469,28125000.0,68878125000.0,10565904375.0
BRYAT,2025-11-28,2092.4839,28125000.0,63646875000.0,9769795312.5
BRYAT,2025-12-31,2034.231,28125000.0,61875000000.0,9497812500.0
BRYAT,2026-01-30,2128.5454,28125000.0,64743750000.0,9938165625.0
BRYAT,2026-02-27,2117.4495,28125000.0,64406250000.0,9886359375.0
BRYAT,2026-03-31,1943.6152,28125000.0,59118750000.0,9068816250.0
BRYAT,2026-04-30,2104.0,28125000.0,59175000000.0,9083362500.0
BRYAT,2026-05-26,1935.0,28125000.0,54421875000.0,8375526562.5
BRYAT,2026-06-30,1872.0,28125000.0,52650000000.0,8092305000.0
BRYAT,2026-07-21,1822.0,28125000.0,51243750000.0,7876164375.0
BSOKE,2016-07-29,0.3129,78750000.0,168525008.2612,42131252.0653
BSOKE,2016-08-31,0.3085,78750000.0,166162491.7388,41540622.9347
BSOKE,2016-09-30,0.3027,78750000.0,163012494.74287,40753123.685718
BSOKE,2016-10-31,0.3056,78750000.0,164587493.24083,41146873.310208
BSOKE,2016-11-30,0.2895,78750000.0,155925001.50204,38981250.37551
BSOKE,2016-12-30,0.2954,78750000.0,159074998.49796,39768749.62449
BSOKE,2017-01-31,0.3202,78750000.0,172462504.50611,43115626.126528
BSOKE,2017-02-28,0.3144,78750000.0,169312507.51019,42328126.877548
BSOKE,2017-03-31,0.3012,78750000.0,162224995.49389,40556248.873473
BSOKE,2017-04-28,0.3334,78750000.0,179549997.74694,44887499.436735
BSOKE,2017-05-31,0.2983,78750000.0,160649996.99593,40162499.248983
BSOKE,2017-06-30,0.3275,78750000.0,176400000.75102,44100000.187755
BSOKE,2017-07-31,0.3699,78750000.0,199237497.74694,49809374.436735
BSOKE,2017-08-31,0.3666,260000000.0,390000000.0,97500000.0
BSOKE,2017-09-29,0.3813,260000000.0,405599985.12268,101399996.28067
BSOKE,2017-10-31,0.4473,260000000.0,475800011.15799,118950002.789498
BSOKE,2017-11-30,0.4302,260000000.0,457599997.52045,114399999.380113
BSOKE,2017-12-29,0.435,260000000.0,462799992.56134,115699998.140335
BSOKE,2018-01-31,0.435,260000000.0,462799992.56134,115699998.140335
BSOKE,2018-02-28,0.4179,260000000.0,444600009.91821,111150002.479553
BSOKE,2018-03-30,0.3935,260000000.0,418600003.71933,104650000.929833
BSOKE,2018-04-30,0.3519,260000000.0,374400014.87732,93600003.71933
BSOKE,2018-05-31,0.3299,260000000.0,351000006.19888,87750001.54972
BSOKE,2018-06-29,0.3373,260000000.0,358799998.76022,89699999.690055
BSOKE,2018-07-31,0.3251,260000000.0,345800011.15799,87418242.82074
BSOKE,2018-08-31,0.3146,400000000.0,480000019.07349,121344004.821778
BSOKE,2018-09-28,0.3041,400000000.0,463999986.64856,117345596.623421
BSOKE,2018-10-31,0.2386,400000000.0,364000010.49042,92055602.653027
BSOKE,2018-11-30,0.2936,400000000.0,448000001.90735,113299200.482369
BSOKE,2018-12-31,0.2858,400000000.0,436000013.35144,110264403.376579
BSOKE,2019-01-31,0.2858,400000000.0,436000013.35144,110264403.376579
BSOKE,2019-02-28,0.2831,400000000.0,432000017.16614,109339204.34475
BSOKE,2019-03-29,0.2491,400000000.0,379999995.23163,96177998.793126
BSOKE,2019-04-30,0.2438,400000000.0,372000002.86102,94153200.724124
BSOKE,2019-05-31,0.2176,400000000.0,331999993.32428,84029198.310375
BSOKE,2019-06-28,0.2412,400000000.0,368000006.67572,93140801.689625
BSOKE,2019-07-31,0.2517,400000000.0,383999991.41693,97190397.827625
BSOKE,2019-08-29,0.2517,400000000.0,383999991.41693,97190397.827625
BSOKE,2019-09-30,0.27,400000000.0,411999988.55591,104277197.103501
BSOKE,2019-10-31,0.2595,400000000.0,396000003.8147,100227600.965501
BSOKE,2019-11-29,0.3565,400000000.0,544000005.72205,137686401.448251
BSOKE,2019-12-31,0.3434,400000000.0,523999977.11182,132624394.207002
BSOKE,2020-01-31,0.3854,400000000.0,588000011.44409,148822802.896499
BSOKE,2020-02-28,0.3172,400000000.0,484000015.25879,122500403.862
BSOKE,2020-03-31,0.215,400000000.0,327999997.13898,83049599.27559
BSOKE,2020-04-30,0.3094,400000000.0,471999979.01917,119510394.687654
BSOKE,2020-05-29,0.333,400000000.0,507999992.37061,128625598.068238
BSOKE,2020-06-30,0.3985,400000000.0,607999992.37061,153945598.068238
BSOKE,2020-07-30,0.4745,400000000.0,723999977.11182,183316794.204713
BSOKE,2020-08-31,0.4195,400000000.0,640000009.53674,162048002.414703
BSOKE,2020-09-30,0.4771,400000000.0,728000020.98083,184329605.312346
BSOKE,2020-10-30,0.6004,400000000.0,915999984.74121,231931196.136474
BSOKE,2020-11-30,0.6108,400000000.0,931999969.48242,235889192.276001
BSOKE,2020-12-31,0.6397,400000000.0,976000022.88818,247025605.792998
BSOKE,2021-01-29,0.8992,400000000.0,1372000026.70288,347253206.758499
BSOKE,2021-02-26,0.873,400000000.0,1331999969.48242,337129192.276001
BSOKE,2021-03-31,1.0303,400000000.0,1572000026.70288,397873206.758499
BSOKE,2021-04-30,0.7,400000000.0,1068000030.51758,270310807.723999
BSOKE,2021-05-31,0.6685,400000000.0,1019999980.92651,258263995.170592
BSOKE,2021-06-30,0.5689,400000000.0,868000030.51758,219777607.727051
BSOKE,2021-07-30,0.6004,400000000.0,915999984.74121,231931196.136474
BSOKE,2021-08-31,0.6371,400000000.0,972000026.70288,246110406.761169
BSOKE,2021-09-30,0.7839,400000000.0,1196000003.8147,302827200.965882
BSOKE,2021-10-28,0.6554,400000000.0,1000000000.0,253200000.0
BSOKE,2021-11-30,0.6082,400000000.0,927999973.29712,234969593.238831
BSOKE,2021-12-31,0.5453,400000000.0,831999969.48242,210662392.272949
BSOKE,2022-01-31,0.6161,400000000.0,939999961.85303,238007990.341187
BSOKE,2022-02-28,0.6318,400000000.0,964000034.33228,244084808.692933
BSOKE,2022-03-31,0.6528,400000000.0,996000003.8147,252187200.965882
BSOKE,2022-04-29,0.6371,400000000.0,972000026.70288,246110406.761169
BSOKE,2022-05-31,0.6423,400000000.0,980000019.07349,248136004.829408
BSOKE,2022-06-30,0.5741,400000000.0,876000022.88818,221803205.795287
BSOKE,2022-07-29,0.624,400000000.0,952000045.77637,241046411.590577
BSOKE,2022-08-31,0.7603,400000000.0,1160000038.14697,293712009.658813
BSOKE,2022-09-30,0.7262,400000000.0,1107999992.37061,280545598.068238
BSOKE,2022-10-31,1.0015,400000000.0,1527999973.29712,386889593.238831
BSOKE,2022-11-30,1.3082,400000000.0,1995999908.44727,505387176.818849
BSOKE,2022-12-30,1.4917,400000000.0,2276000022.88818,576283205.795287
BSOKE,2023-01-31,1.4865,400000000.0,2268000030.51758,574257607.727051
BSOKE,2023-02-28,1.3842,400000000.0,2112000083.92334,534758421.24939
BSOKE,2023-03-31,1.0251,400000000.0,1564000034.33228,396004808.692933
BSOKE,2023-04-28,0.9071,400000000.0,1384000015.25879,350428803.863526
BSOKE,2023-05-31,0.8756,400000000.0,1335999965.66772,338275191.307067
BSOKE,2023-06-27,0.9228,400000000.0,1407999992.37061,356505598.068238
BSOKE,2023-07-31,1.1063,400000000.0,1687999916.07666,427401578.75061
BSOKE,2023-08-31,1.2269,400000000.0,1871999931.33545,473990382.614136
BSOKE,2023-09-29,1.2794,400000000.0,1952000045.77637,494246411.590577
BSOKE,2023-10-31,2.5928,400000000.0,3956000137.3291,1001659234.771728
BSOKE,2023-11-30,3.7227,400000000.0,5679999923.70605,1437607980.690001
BSOKE,2023-12-29,3.0201,400000000.0,4608000183.10547,1166284846.343994
BSOKE,2024-01-31,3.2902,400000000.0,5020000076.29395,1270562019.309999
BSOKE,2024-02-29,4.3152,400000000.0,6583999633.78906,1666410307.312011
BSOKE,2024-03-29,6.6905,400000000.0,10208000183.10547,2584665646.362305
BSOKE,2024-04-30,6.056,400000000.0,9240000152.58789,2339568038.635254
BSOKE,2024-05-31,6.7481,400000000.0,10295999908.44727,2606947176.818849
BSOKE,2024-06-28,8.7144,400000000.0,13296000671.38672,2701747336.425782
BSOKE,2024-07-31,11.7607,400000000.0,17944000244.14063,4543420861.816408
BSOKE,2024-08-29,17.8141,400000000.0,27179998779.29688,6881975690.91797
BSOKE,2024-09-30,13.0978,400000000.0,19983999633.78906,5059948707.27539
BSOKE,2024-10-31,13.685,400000000.0,20880000305.17578,5286816077.270507
BSOKE,2024-11-29,15.7299,400000000.0,24000000000.0,5949600000.0
BSOKE,2024-12-31,11.94,1600000000.0,19103999328.61328,4827580630.340576
BSOKE,2025-01-31,13.27,1600000000.0,21232000732.42188,5375942585.44922
BSOKE,2025-02-28,12.93,1600000000.0,20688000488.28125,5236132923.583984
BSOKE,2025-03-28,13.14,1600000000.0,21024000549.31641,5321174539.031983
BSOKE,2025-04-30,20.74,1600000000.0,33183999633.78906,8398870307.312011
BSOKE,2025-05-30,16.35,1600000000.0,26160000610.35156,6623712154.541015
BSOKE,2025-06-30,14.46,1600000000.0,23136000061.03516,5821017615.356446
BSOKE,2025-07-31,13.86,1600000000.0,22175999450.68359,5575046261.901855
BSOKE,2025-08-29,14.6,1600000000.0,23360000610.35156,5872704153.442382
BSOKE,2025-09-30,15.07,1600000000.0,24111999511.71875,6061756677.246094
BSOKE,2025-10-31,16.1,1600000000.0,25760000610.35156,6463184153.137206
BSOKE,2025-11-28,14.46,1600000000.0,23136000061.03516,5804822415.313722
BSOKE,2025-12-31,16.3,1600000000.0,26079998779.29688,6543471693.725587
BSOKE,2026-01-30,27.32,1600000000.0,43711999511.71875,10967340677.490234
BSOKE,2026-02-27,29.16,1600000000.0,46655999755.85938,11705990338.745117
BSOKE,2026-03-31,32.4,1600000000.0,51840002441.40625,13125888618.164062
BSOKE,2026-04-30,38.34,1600000000.0,61344000244.14063,15532300861.816408
BSOKE,2026-05-26,38.46,1600000000.0,61535998535.15625,15580914829.101562
BSOKE,2026-06-30,37.68,1600000000.0,60288000488.28125,15264921723.632812
BSOKE,2026-07-21,35.34,1600000000.0,56544000244.14063,14316940861.816408
BTCIM,2016-07-29,0.0886,80000000.0,494399986.26709,98879997.253418
BTCIM,2016-08-31,0.0879,80000000.0,490400009.15527,98080001.831054
BTCIM,2016-09-30,0.0895,80000000.0,499199981.68945,99839996.33789
BTCIM,2016-10-31,0.0928,80000000.0,517599983.21533,103519996.643066
BTCIM,2016-11-30,0.0893,80000000.0,498400001.52588,99680000.305176
BTCIM,2016-12-30,0.0948,80000000.0,528800010.68115,105760002.13623
BTCIM,2017-01-31,0.1016,80000000.0,567200012.20703,113440002.441406
BTCIM,2017-02-28,0.0998,80000000.0,556800003.05176,111360000.610352
BTCIM,2017-03-31,0.0929,80000000.0,518400001.52588,103680000.305176
BTCIM,2017-04-28,0.0945,80000000.0,527200012.20703,105440002.441406
BTCIM,2017-05-31,0.0892,80000000.0,497599983.21533,99519996.643066
BTCIM,2017-06-30,0.0963,80000000.0,537599983.21533,107519996.643066
BTCIM,2017-07-31,0.118,80000000.0,658399963.37891,131679992.675782
BTCIM,2017-08-31,0.1098,80000000.0,612799987.79297,122559997.558594
BTCIM,2017-09-29,0.1025,80000000.0,572000007.62939,114400001.525878
BTCIM,2017-10-31,0.1194,80000000.0,666399993.89648,133279998.779296
BTCIM,2017-11-30,0.1154,80000000.0,644000015.25879,128800003.051758
BTCIM,2017-12-29,0.1416,80000000.0,790400009.15527,158080001.831054
BTCIM,2018-01-31,0.1471,80000000.0,820800018.31055,164160003.66211
BTCIM,2018-02-28,0.1246,80000000.0,695199966.43066,139039993.286132
BTCIM,2018-03-30,0.1071,80000000.0,597599983.21533,119519996.643066
BTCIM,2018-04-30,0.0925,80000000.0,515999984.74121,103199996.948242
BTCIM,2018-05-31,0.0952,80000000.0,531199989.31885,106239997.86377
BTCIM,2018-06-29,0.1084,180000000.0,604799981.11725,120959996.22345
BTCIM,2018-07-31,0.1155,180000000.0,644399986.26709,142090196.971893
BTCIM,2018-08-31,0.0906,180000000.0,505799989.70032,111528897.728921
BTCIM,2018-09-28,0.0929,180000000.0,518400020.59937,114307204.542161
BTCIM,2018-10-31,0.0745,180000000.0,415799989.70032,91683897.728921
BTCIM,2018-11-30,0.0858,180000000.0,478800015.44952,105575403.406619
BTCIM,2018-12-31,0.0777,180000000.0,433800015.44952,95652903.406619
BTCIM,2019-01-31,0.0794,180000000.0,442800006.86646,97637401.514054
BTCIM,2019-02-28,0.0816,180000000.0,455399994.85016,100734478.860855
BTCIM,2019-03-29,0.0726,180000000.0,405000000.0,94081500.0
BTCIM,2019-04-30,0.0684,180000000.0,381599979.40063,88645675.214766
BTCIM,2019-05-31,0.0516,180000000.0,288000004.29153,66960000.997781
BTCIM,2019-06-28,0.0658,180000000.0,367199993.13354,85373998.403548
BTCIM,2019-07-31,0.0839,180000000.0,467999982.83386,108809996.008872
BTCIM,2019-08-29,0.0845,180000000.0,471599979.40063,109741315.206527
BTCIM,2019-09-30,0.0845,180000000.0,471599979.40063,109741315.206527
BTCIM,2019-10-31,0.0852,180000000.0,475200018.88275,111291844.42234
BTCIM,2019-11-29,0.1165,180000000.0,649799981.11725,153027895.553112
BTCIM,2019-12-31,0.1068,180000000.0,595799989.70032,140847117.565156
BTCIM,2020-01-31,0.121,180000000.0,675000000.0,159570000.0
BTCIM,2020-02-28,0.1035,180000000.0,577800006.86646,136591921.623231
BTCIM,2020-03-31,0.0681,180000000.0,379799981.11725,89936635.528565
BTCIM,2020-04-30,0.0926,180000000.0,516599979.40063,122330875.122069
BTCIM,2020-05-29,0.0958,180000000.0,534600005.14984,126593281.219482
BTCIM,2020-06-30,0.11,180000000.0,613800015.44952,145347843.658446
BTCIM,2020-07-30,0.1355,180000000.0,755999965.66772,179020791.870116
BTCIM,2020-08-31,0.1148,180000000.0,640799989.70032,152254077.552796
BTCIM,2020-09-30,0.1255,180000000.0,700200018.88275,166367524.486541
BTCIM,2020-10-30,0.1368,180000000.0,763199958.80127,181336310.211182
BTCIM,2020-11-30,0.1387,180000000.0,774000034.33228,183902408.15735
BTCIM,2020-12-31,0.1519,180000000.0,847800006.86646,201522061.632158
BTCIM,2021-01-29,0.3455,180000000.0,1927800006.86646,458623621.633531
BTCIM,2021-02-26,0.419,180000000.0,2338199958.80127,568182589.988709
BTCIM,2021-03-31,0.5152,180000000.0,2874600048.06519,703989551.771165
BTCIM,2021-04-30,0.421,180000000.0,2349000034.33228,587015108.579637
BTCIM,2021-05-31,0.401,180000000.0,2237400054.93164,559126273.727417
BTCIM,2021-06-30,0.3819,180000000.0,2131200027.46582,532800006.866455
BTCIM,2021-07-30,0.41,180000000.0,2287800006.86646,571950001.716615
BTCIM,2021-08-31,0.4023,180000000.0,2244600048.06519,561150012.016298
BTCIM,2021-09-30,0.4213,180000000.0,2350800075.53101,542094497.417451
BTCIM,2021-10-28,0.48,180000000.0,2678400020.59937,617906884.752275
BTCIM,2021-11-30,0.4581,180000000.0,2555999965.66772,589669192.079543
BTCIM,2021-12-31,0.4839,180000000.0,2700000000.0,623700000.0
BTCIM,2022-01-31,0.451,180000000.0,2516399917.60254,721200216.384888
BTCIM,2022-02-28,0.4774,180000000.0,2664000034.33228,763502409.839631
BTCIM,2022-03-31,0.5284,180000000.0,2948399848.93799,845306236.690522
BTCIM,2022-04-29,0.7516,180000000.0,4193999862.6709,1208291360.435486
BTCIM,2022-05-31,0.7135,180000000.0,3981600151.06201,1147099003.520965
BTCIM,2022-06-30,0.6129,180000000.0,3420000000.0,985302000.0
BTCIM,2022-07-29,0.7768,180000000.0,4334399986.26709,1248740636.043549
BTCIM,2022-08-31,1.0452,180000000.0,5832000274.6582,1680199279.129027
BTCIM,2022-09-30,0.9652,180000000.0,5385600013.73291,1551591363.956451
BTCIM,2022-10-31,1.429,180000000.0,7973999862.6709,2226340761.657715
BTCIM,2022-11-30,1.2381,180000000.0,6908400192.26074,1935733733.871459
BTCIM,2022-12-30,1.3452,180000000.0,7506000137.3291,2854531852.226257
BTCIM,2023-01-31,1.2032,180000000.0,6713999862.6709,2370713351.509095
BTCIM,2023-02-28,1.1316,180000000.0,6314400329.58984,2229614756.378173
BTCIM,2023-03-31,1.1065,180000000.0,6173999862.6709,2181891551.467896
BTCIM,2023-04-28,1.0568,180000000.0,5896799697.87598,2083929013.229371
BTCIM,2023-05-31,1.191,180000000.0,6645599670.41016,2525327874.755861
BTCIM,2023-06-27,1.4148,180000000.0,7894800109.86328,3000024041.748046
BTCIM,2023-07-31,1.6661,180000000.0,9297000274.6582,3532860104.370116
BTCIM,2023-08-31,1.9677,180000000.0,10980000000.0,4175694000.0
BTCIM,2023-09-29,2.8194,180000000.0,15732000274.6582,6569683314.697264
BTCIM,2023-10-31,3.8194,180000000.0,21312000274.6582,8899891314.697264
BTCIM,2023-11-30,5.6097,180000000.0,31301998901.36719,13606978922.424316
BTCIM,2023-12-29,3.7613,180000000.0,20987999725.3418,8420385489.80713
BTCIM,2024-01-31,3.6323,180000000.0,20267999725.3418,8135575089.752199
BTCIM,2024-02-29,3.6871,180000000.0,20574000549.31641,8285150021.209718
BTCIM,2024-03-29,4.3258,180000000.0,24138001098.63281,9720373042.419434
BTCIM,2024-04-30,4.3968,180000000.0,24534000549.31641,9855308020.660402
BTCIM,2024-05-31,4.3839,180000000.0,24461998901.36719,9826384958.6792
BTCIM,2024-06-28,5.2871,180000000.0,29501998901.36719,11036697789.001467
BTCIM,2024-07-31,5.9645,180000000.0,33281998901.36719,14757238312.866213
BTCIM,2024-08-29,7.5161,180000000.0,41940000000.0,19330146000.0
BTCIM,2024-09-30,5.6194,180000000.0,31355999450.68359,14492742946.105955
BTCIM,2024-10-31,5.2161,180000000.0,29105999450.68359,13464435345.886229
BTCIM,2024-11-29,4.9323,180000000.0,27521998901.36719,12734428891.6626
BTCIM,2024-12-31,4.5645,180000000.0,25470000000.0,11787516000.0
BTCIM,2025-01-31,4.37,5580000000.0,24384599361.41968,11872861429.075241
BTCIM,2025-02-28,3.96,5580000000.0,22096800212.86011,10758932023.641588
BTCIM,2025-03-28,4.37,5580000000.0,24384599361.41968,11860669129.394531
BTCIM,2025-04-30,5.29,5580000000.0,29518199787.13989,14434399695.911406
BTCIM,2025-05-30,4.97,5580000000.0,27732598829.26941,13541828008.332253
BTCIM,2025-06-30,4.58,5580000000.0,25556399574.27979,12458744792.461397
BTCIM,2025-07-31,4.54,5580000000.0,25333199787.13989,12327135016.42227
BTCIM,2025-08-29,4.02,5580000000.0,22431599893.56995,10935404948.11535
BTCIM,2025-09-30,4.32,5580000000.0,24105600957.87048,11920219673.666952
BTCIM,2025-10-31,4.39,5580000000.0,24496199254.98962,14825099789.119719
BTCIM,2025-11-28,3.4,5580000000.0,18972000532.15027,11400275119.769096
BTCIM,2025-12-31,3.81,5580000000.0,21259799680.70984,12745249908.585548
BTCIM,2026-01-30,4.83,5580000000.0,26951399574.27979,16240913383.461
BTCIM,2026-02-27,5.41,5580000000.0,30187799148.55957,18215318006.240845
BTCIM,2026-03-31,5.95,5580000000.0,33200998935.69946,20309051048.96736
BTCIM,2026-04-30,6.22,5580000000.0,34707598829.26941,22275336928.625107
BTCIM,2026-05-26,6.09,5580000000.0,33982200851.44043,21840360487.220764
BTCIM,2026-06-30,6.01,5580000000.0,33535801277.16064,21553459480.831142
BTCIM,2026-07-21,5.21,5580000000.0,29071800212.86011,18684445996.805195
CANTE,2021-04-30,0.1934,320000000.0,1372799987.79297,
CANTE,2021-05-31,0.3903,320000000.0,2771199951.17188,643749748.657228
CANTE,2021-06-30,0.4327,320000000.0,3072000122.07031,713625628.356933
CANTE,2021-07-30,0.4837,320000000.0,3433599853.51563,797625245.971681
CANTE,2021-08-31,0.6234,320000000.0,4425599975.58594,1028066874.328614
CANTE,2021-09-30,0.622,320000000.0,4416000061.03516,1025836814.178468
CANTE,2021-10-28,0.6572,320000000.0,4665599975.58594,1083818874.328614
CANTE,2021-11-30,0.5404,320000000.0,3836799926.75781,891288622.985839
CANTE,2021-12-31,0.5747,320000000.0,4080000000.0,947376000.0
CANTE,2022-01-31,0.8077,320000000.0,5734400024.41406,1332101125.671386
CANTE,2022-02-28,0.8294,320000000.0,5887999877.92969,1367782371.643067
CANTE,2022-03-31,1.034,320000000.0,7340800170.89844,1705267879.699708
CANTE,2022-04-29,1.3775,320000000.0,9779199829.10156,2271708120.300292
CANTE,2022-05-31,1.6948,320000000.0,12031999511.71875,2795033486.572266
CANTE,2022-06-30,1.9842,320000000.0,14086400146.48438,3272270754.028321
CANTE,2022-07-29,2.3552,320000000.0,16720000000.0,3884056000.0
CANTE,2022-08-31,3.9035,320000000.0,27711999511.71875,6437497486.572266
CANTE,2022-09-30,5.8597,320000000.0,41600000000.0,9663680000.0
CANTE,2022-10-31,6.4457,320000000.0,45760000000.0,10533952000.0
CANTE,2022-11-30,6.4637,320000000.0,45887998046.875,10563417150.390625
CANTE,2022-12-30,5.8417,320000000.0,41472001953.125,9546854849.609375
CANTE,2023-01-31,4.4219,320000000.0,31391999511.71875,7226438287.597656
CANTE,2023-02-28,2.9997,320000000.0,21296000976.5625,4902339424.804688
CANTE,2023-03-31,1.9725,320000000.0,14003199462.89063,3223536516.357423
CANTE,2023-04-28,2.1906,320000000.0,15551999511.71875,3580070287.597656
CANTE,2023-05-31,2.425,800000000.0,17216000366.21094,3963123284.301758
CANTE,2023-06-27,3.1552,800000000.0,22400000000.0,5156480000.0
CANTE,2023-07-31,2.4273,800000000.0,17232000732.42188,3966806568.603517
CANTE,2023-08-31,2.105,800000000.0,14944000244.14063,7280716918.945315
CANTE,2023-09-29,2.38,800000000.0,16896000671.38672,8231731527.09961
CANTE,2023-10-31,2.0791,800000000.0,14760000610.35156,7191072297.36328
CANTE,2023-11-30,2.1546,938116902.57,17936795964.43744,7449151364.030869
CANTE,2023-12-29,1.9067,938116902.57,15872938063.05704,6592031177.587589
CANTE,2024-01-31,2.0284,938116902.57,16886104246.26,7012799093.471778
CANTE,2024-02-29,2.0363,938116902.57,16951772143.14934,7036680616.621291
CANTE,2024-03-29,2.096,938116902.57,17448974745.6652,7243069416.925625
CANTE,2024-04-30,2.0599,938116902.57,17148777623.13336,7120172469.124971
CANTE,2024-05-31,1.8774,938116902.57,15629027453.67092,6487609296.018799
CANTE,2024-06-28,1.6901,7000000000.0,14069999933.2428,5839049972.295762
CANTE,2024-07-31,1.5219,7000000000.0,12669999599.45679,6512379794.12079
CANTE,2024-08-29,1.4126,7000000000.0,11759999632.83539,6044639811.27739
CANTE,2024-09-30,1.3454,7000000000.0,11200000166.89301,5756800085.783007
CANTE,2024-10-31,1.2276,7000000000.0,10220000267.02881,5253080137.252808
CANTE,2024-11-29,1.2697,7000000000.0,10569999933.2428,6333543959.999086
CANTE,2024-12-31,1.3958,7000000000.0,11619999766.34979,6965027859.950064
CANTE,2025-01-31,1.2865,7000000000.0,10709999799.72839,6418502879.977224
CANTE,2025-02-28,1.1688,7000000000.0,9729999899.8642,5831188939.988615
CANTE,2025-03-28,1.3285,7000000000.0,11060000300.40741,6628258180.034161
CANTE,2025-04-30,1.3538,7000000000.0,11270000100.1358,6754111060.011385
CANTE,2025-05-30,1.2949,7000000000.0,10779999732.97119,6458297840.02304
CANTE,2025-06-30,1.3033,7000000000.0,10849999666.21399,6500234800.028801
CANTE,2025-07-31,1.5135,7000000000.0,12599999666.21399,7548659800.028801
CANTE,2025-08-29,2.0769,7000000000.0,17290000200.27161,12211927141.451838
CANTE,2025-09-30,1.7574,7000000000.0,14629999399.18518,10334631575.584412
CANTE,2025-10-31,2.0348,7000000000.0,16940000534.05762,11968110377.311708
CANTE,2025-11-28,1.7742,7000000000.0,14769999265.67078,10424665481.710438
CANTE,2025-12-31,1.6817,7000000000.0,14000000000.0,9879800000.0
CANTE,2026-01-30,1.7658,7000000000.0,14699999332.42798,10373789528.894424
CANTE,2026-02-27,1.61,10000000000.0,16100000143.05115,11364990100.979807
CANTE,2026-03-31,1.64,10000000000.0,16399999856.94885,11575119899.034498
CANTE,2026-04-30,1.79,10000000000.0,17899999618.53027,12626659730.911251
CANTE,2026-05-26,1.52,10000000000.0,15199999809.26514,10734239865.303041
CANTE,2026-06-30,1.37,10000000000.0,13700000047.68372,9674940033.674244
CANTE,2026-07-21,1.27,10000000000.0,12699999809.26514,8962389865.398409
CCOLA,2016-07-29,2.7395,254370782.0,9416806466.0817,2354201616.520425
CCOLA,2016-08-31,2.7351,254370782.0,9401543869.83659,2350385967.459148
CCOLA,2016-09-30,2.7025,254370782.0,9289621075.0817,2322405268.770425
CCOLA,2016-10-31,2.59,254370782.0,8902977370.0,2225744342.5
CCOLA,2016-11-30,2.4287,254370782.0,8348448987.6122,2087112246.90305
CCOLA,2016-12-30,2.4494,254370782.0,8419672496.06099,2104918124.015248
CCOLA,2017-01-31,2.8579,254370782.0,9823799329.14269,2455949832.285673
CCOLA,2017-02-28,2.5945,254370782.0,8918239966.24511,2229559991.561278
CCOLA,2017-03-31,2.6374,254370782.0,9065774515.2244,2266443628.8061
CCOLA,2017-04-28,2.6729,254370782.0,9187872374.14269,2296968093.535673
CCOLA,2017-05-31,2.7529,254370782.0,9411718934.0,2352929733.5
CCOLA,2017-06-30,3.0043,254370782.0,10271492448.85731,2567873112.214328
CCOLA,2017-07-31,3.1621,254370782.0,10810758235.0,2702689558.75
CCOLA,2017-08-31,2.9865,254370782.0,10210443034.2244,2552610758.5561
CCOLA,2017-09-29,2.7707,254370782.0,9472768348.63291,2368192087.158228
CCOLA,2017-10-31,2.8719,254370782.0,9818711797.06099,2454677949.265248
CCOLA,2017-11-30,2.6056,254370782.0,8908064902.0817,2227016225.520425
CCOLA,2017-12-29,2.546,254370782.0,8704568470.55121,2176142117.637803
CCOLA,2018-01-31,2.677,254370782.0,9152260619.9183,2288065154.979575
CCOLA,2018-02-28,2.7469,254370782.0,9391368805.67319,2347842201.418298
CCOLA,2018-03-30,2.6695,254370782.0,9126823929.85731,2281705982.464328
CCOLA,2018-04-30,2.674,254370782.0,9142085555.75489,2285521388.938723
CCOLA,2018-05-31,2.7093,254370782.0,9065774515.2244,2266443628.8061
CCOLA,2018-06-29,2.5786,254370782.0,8628256459.67319,2157064114.918298
CCOLA,2018-07-31,2.2562,254370782.0,7549724887.3878,2018796434.887498
CCOLA,2018-08-31,2.1711,254370782.0,7264829398.07135,1942615381.044279
CCOLA,2018-09-28,2.5664,254370782.0,8587557173.36709,2296312788.15836
CCOLA,2018-10-31,2.0951,254370782.0,7010458616.07135,1874596633.937479
CCOLA,2018-11-30,2.2213,254370782.0,7432714075.37745,1986764472.348392
CCOLA,2018-12-31,2.3475,254370782.0,7854969534.68354,2110630313.969467
CCOLA,2019-01-31,2.5086,254370782.0,8394235806.0,2263925396.8782
CCOLA,2019-02-28,2.5542,254370782.0,8546857887.06099,2305087572.140349
CCOLA,2019-03-29,2.3064,254370782.0,7717609564.6939,2082982821.510884
CCOLA,2019-04-30,2.4068,254370782.0,8053378919.3061,2198572444.970565
CCOLA,2019-05-31,2.1612,254370782.0,6923972511.37745,1890244495.606044
CCOLA,2019-06-28,2.3724,254370782.0,7600598752.68354,2074963459.482606
CCOLA,2019-07-31,2.6408,254370782.0,8460371782.36709,2324910165.794476
CCOLA,2019-08-29,2.7361,254370782.0,8765616914.83659,2408791528.197095
CCOLA,2019-09-30,2.6741,254370782.0,8567208015.3878,2354268762.628567
CCOLA,2019-10-31,2.4804,254370782.0,7946543171.45915,2200397804.177039
CCOLA,2019-11-29,2.7472,254370782.0,8801228669.06099,2443221078.531331
CCOLA,2019-12-31,3.0727,254370782.0,9844149457.46951,2732735889.393536
CCOLA,2020-01-31,3.6762,254370782.0,11777367012.53049,3269397082.678464
CCOLA,2020-02-28,3.5809,254370782.0,11472121880.06099,3184661033.904931
CCOLA,2020-03-31,2.779,254370782.0,8902977370.0,2471466517.912
CCOLA,2020-04-30,2.9235,254370782.0,9365932115.6122,2599982755.293947
CCOLA,2020-05-29,3.2887,254370782.0,10307104203.0817,2861252126.77548
CCOLA,2020-06-30,3.5224,254370782.0,11039692326.93901,3064618589.958269
CCOLA,2020-07-30,3.6214,254370782.0,11350024021.14269,3150766668.269211
CCOLA,2020-08-31,3.5078,254370782.0,10993905508.55121,3051908169.173816
CCOLA,2020-09-30,3.636,254370782.0,11395810839.53049,3163477089.053664
CCOLA,2020-10-30,3.6442,254370782.0,11421248499.93901,3170538583.583069
CCOLA,2020-11-30,4.5491,254370782.0,14257482137.03049,3957877041.239664
CCOLA,2020-12-31,5.3404,254370782.0,16737598231.87802,4646357269.169338
CCOLA,2021-01-29,5.9938,254370782.0,18785281862.56099,5214794245.046931
CCOLA,2021-02-26,5.8149,254370782.0,18034888831.93901,5006485139.746269
CCOLA,2021-03-31,5.6427,254370782.0,17500710577.87802,4919449743.441511
CCOLA,2021-04-30,6.4669,254370782.0,20057135772.56099,5638060865.666894
CCOLA,2021-05-31,6.6768,254370782.0,20197040478.93901,5677388078.629756
CCOLA,2021-06-30,6.538,254370782.0,19777328300.5,5559406985.27055
CCOLA,2021-07-30,7.1351,254370782.0,21583360464.56099,6067082626.588094
CCOLA,2021-08-31,7.3621,254370782.0,22270162740.37802,6260142746.320261
CCOLA,2021-09-30,7.1393,254370782.0,21596079779.93901,6070658026.140856
CCOLA,2021-10-28,7.1561,254370782.0,21646953160.06099,6084958533.293144
CCOLA,2021-11-30,7.421,254370782.0,22448221511.5,6310195066.88265
CCOLA,2021-12-31,7.4462,254370782.0,22524533522.37802,6331646373.140461
CCOLA,2022-01-31,9.5863,254370782.0,28998269148.0,8151413457.5028
CCOLA,2022-02-28,9.1406,254370782.0,27650103227.12198,7772444017.143989
CCOLA,2022-03-31,9.8554,254370782.0,29812254874.12198,8380224845.115689
CCOLA,2022-04-29,10.3935,254370782.0,31440228267.06099,8837848165.870844
CCOLA,2022-05-31,11.1406,254370782.0,33068201660.0,9295471486.626
CCOLA,2022-06-30,11.072,254370782.0,32864704258.12198,9238268366.95809
CCOLA,2022-07-29,12.4174,254370782.0,36858324759.24396,10360875089.823477
CCOLA,2022-08-31,13.7115,254370782.0,40699325120.0,11440580291.232
CCOLA,2022-09-30,11.5348,254370782.0,34238308809.75604,9624388606.422422
CCOLA,2022-10-31,14.7398,254370782.0,43751774504.0,12298623813.0744
CCOLA,2022-11-30,15.8624,254370782.0,47084033300.75604,13235321760.842524
CCOLA,2022-12-30,17.5164,254370782.0,51993386288.24396,14682932287.800095
CCOLA,2023-01-31,15.6996,254370782.0,46600726486.12198,13160045159.680847
CCOLA,2023-02-28,16.3681,254370782.0,48584819362.0,13720352987.8288
CCOLA,2023-03-31,17.4564,254370782.0,51815327517.12198,14632648490.835247
CCOLA,2023-04-28,20.1815,254370782.0,59904319161.0,16910989299.1503
CCOLA,2023-05-31,20.0535,254370782.0,58835962652.87802,16838852511.253689
CCOLA,2023-06-27,22.7932,254370782.0,66874077035.24396,19139360847.48682
CCOLA,2023-07-31,27.2842,254370782.0,80050488200.51208,22910449722.986557
CCOLA,2023-08-31,34.0814,254370782.0,99993155956.75604,28848025493.524117
CCOLA,2023-09-29,34.2201,254370782.0,100400150760.51208,28965443494.407734
CCOLA,2023-10-31,31.8879,254370782.0,93557570514.48792,26991359093.429764
CCOLA,2023-11-30,35.1348,254370782.0,103083759405.5,29739664588.48675
CCOLA,2023-12-29,45.5604,254370782.0,133671845941.0,38564327553.9785
CCOLA,2024-01-31,46.384,254370782.0,136088368370.0,39261494274.745
CCOLA,2024-02-29,56.0943,254370782.0,164577895954.0,47480722982.729
CCOLA,2024-03-29,50.1121,254370782.0,147026311996.0,42417091010.846
CCOLA,2024-04-30,62.8568,254370782.0,184418816950.0,53204828690.075
CCOLA,2024-05-31,66.6855,254370782.0,193703350493.0,55883416617.2305
CCOLA,2024-06-28,72.3338,254370782.0,210110265932.0,60616811721.382
CCOLA,2024-07-31,74.0852,254370782.0,215197681572.0,62084531133.522
CCOLA,2024-08-29,58.6639,2798078602.0,170402991131.3291,49161262941.38844
CCOLA,2024-09-30,54.9071,2798078602.0,159490480314.0,46108697858.7774
CCOLA,2024-10-31,49.0311,2798078602.0,142422205111.3291,41216986159.21864
CCOLA,2024-11-29,51.2467,2798078602.0,148857783761.16455,43064556842.104904
CCOLA,2024-12-31,57.7488,2798078602.0,167744814324.66455,48528574784.12546
CCOLA,2025-01-31,54.9553,2798078602.0,159630382109.33545,46181069544.23074
CCOLA,2025-02-28,51.2948,2798078602.0,148997685556.5,43105030431.49545
CCOLA,2025-03-28,51.4875,2798078602.0,149557303411.66455,43266927876.99455
CCOLA,2025-04-30,50.187,2798078602.0,145779890894.6709,42188700424.917755
CCOLA,2025-05-30,47.9654,2798078602.0,136434307937.03796,39688740178.884346
CCOLA,2025-06-30,48.3982,2798078602.0,137665469353.16455,40046885034.83557
CCOLA,2025-07-31,49.9721,2798078602.0,142142390846.83545,41349221497.34443
CCOLA,2025-08-29,48.4966,2798078602.0,137945272943.83545,40128279899.36173
CCOLA,2025-09-30,45.2504,2798078602.0,128711615692.0,37442209004.8028
CCOLA,2025-10-31,50.5624,2798078602.0,143821244412.3291,41923892746.19393
CCOLA,2025-11-28,50.5624,2798078602.0,143821244412.3291,41923892746.19393
CCOLA,2025-12-31,57.8418,2798078602.0,164527019662.83545,47959626231.71654
CCOLA,2026-01-30,70.7283,2798078602.0,201181855753.3291,58805456436.6981
CCOLA,2026-02-27,70.0397,2798078602.0,199223187923.34177,58232937829.9928
CCOLA,2026-03-31,69.3019,2798078602.0,197124628971.84177,57698378900.05808
CCOLA,2026-04-30,73.7778,2798078602.0,209855895150.0,61592705226.525
CCOLA,2026-05-26,80.05,2798078602.0,223986200629.15823,65739949884.65794
CCOLA,2026-06-30,83.05,2798078602.0,232380436435.15823,68203658093.71894
CCOLA,2026-07-21,92.35,2798078602.0,258402554625.1709,75763629016.10011
CIMSA,2016-07-29,1.6514,135084442.0,2024915754.66162,809966301.864648
CIMSA,2016-08-31,1.6679,135084442.0,2045178498.25756,818071399.303024
CIMSA,2016-09-30,1.6404,135084442.0,2011407387.75756,804562955.103024
CIMSA,2016-10-31,1.6933,135084442.0,2076247858.08081,830499143.232324
CIMSA,2016-11-30,1.6305,135084442.0,1999249767.36531,799699906.946124
CIMSA,2016-12-30,1.7395,135084442.0,2132983334.02694,853193333.610776
CIMSA,2017-01-31,1.9566,135084442.0,2399099720.83838,959639888.335352
CIMSA,2017-02-28,1.8905,135084442.0,2318049004.10775,927219601.6431
CIMSA,2017-03-31,1.8597,135084442.0,2087054603.13469,834821841.253876
CIMSA,2017-04-28,1.8044,135084442.0,2024915754.66162,809966301.864648
CIMSA,2017-05-31,1.7803,135084442.0,1997898892.02694,799159556.810776
CIMSA,2017-06-30,1.8224,135084442.0,2045178498.25756,818071399.303024
CIMSA,2017-07-31,1.8128,135084442.0,2034371753.20369,813748701.281476
CIMSA,2017-08-31,1.7249,135084442.0,1935760043.55387,774304017.421548
CIMSA,2017-09-29,1.7069,135084442.0,1915497428.7845,766198971.5138
CIMSA,2017-10-31,1.7249,135084442.0,1935760043.55387,774304017.421548
CIMSA,2017-11-30,1.6431,135084442.0,1843902581.76937,737561032.707748
CIMSA,2017-12-29,1.6479,135084442.0,1849305954.29631,739722381.718524
CIMSA,2018-01-31,1.6828,135084442.0,1888480437.32325,755392174.9293
CIMSA,2018-02-28,1.6154,135084442.0,1812833221.94613,725133288.778452
CIMSA,2018-03-30,1.6873,135084442.0,1824990842.33838,729996336.935352
CIMSA,2018-04-30,1.5724,135084442.0,1700713145.39225,680285258.1569
CIMSA,2018-05-31,1.3988,135084442.0,1512945724.63469,605178289.853876
CIMSA,2018-06-29,1.3638,135084442.0,1475122116.94613,590048846.778452
CIMSA,2018-07-31,1.2452,135084442.0,1346791922.81144,479053886.944029
CIMSA,2018-08-31,1.2614,135084442.0,1364352915.73063,485300332.125385
CIMSA,2018-09-28,1.124,135084442.0,1215759978.0,432445824.1746
CIMSA,2018-10-31,0.9379,135084442.0,1014484190.33838,360852026.503362
CIMSA,2018-11-30,0.9092,135084442.0,983414766.10184,349800632.302424
CIMSA,2018-12-31,0.9429,135084442.0,1019887562.86531,362774006.111191
CIMSA,2019-01-31,1.0179,135084442.0,1100938150.76937,391713794.043742
CIMSA,2019-02-28,0.9117,135084442.0,986116452.36531,350860233.751577
CIMSA,2019-03-29,0.8305,135084442.0,898311552.18266,319529419.111372
CIMSA,2019-04-30,0.8193,135084442.0,886153931.79041,315293568.931028
CIMSA,2019-05-31,0.7281,135084442.0,787542286.55387,280207545.555867
CIMSA,2019-06-28,0.7768,135084442.0,840225200.89816,298952126.479565
CIMSA,2019-07-31,0.843,135084442.0,911819983.5,324425550.1293
CIMSA,2019-08-29,0.7981,135084442.0,863189566.34428,307727080.401736
CIMSA,2019-09-30,0.9317,135084442.0,1007729942.47306,359255724.491646
CIMSA,2019-10-31,0.9941,135084442.0,1075272163.47306,383334526.278146
CIMSA,2019-11-29,1.0478,135084442.0,1133358514.75756,403928974.659594
CIMSA,2019-12-31,1.134,135084442.0,1226566723.05387,437271036.768705
CIMSA,2020-01-31,1.2289,135084442.0,1329230929.89225,473870826.506587
CIMSA,2020-02-28,1.1303,135084442.0,1222514225.86531,435826321.520983
CIMSA,2020-03-31,0.7893,135084442.0,853733696.62878,304356062.84816
CIMSA,2020-04-30,0.9704,135084442.0,1049606111.76347,376388751.67838
CIMSA,2020-05-29,0.9916,135084442.0,1072570477.20959,384623773.127359
CIMSA,2020-06-30,1.2377,135084442.0,1338686799.60775,480053086.339339
CIMSA,2020-07-30,1.4512,135084442.0,1569681200.58081,562887678.528278
CIMSA,2020-08-31,1.4287,135084442.0,1545365959.79631,554168233.182957
CIMSA,2020-09-30,1.8359,135084442.0,1985741271.63469,712086820.0082
CIMSA,2020-10-30,1.5536,135084442.0,1680450401.79631,602609514.084157
CIMSA,2020-11-30,1.8534,135084442.0,2004653139.89225,718868615.965361
CIMSA,2020-12-31,2.2231,135084442.0,2404502964.53875,862254763.083596
CIMSA,2021-01-29,2.7651,135084442.0,2990769463.431,1072489929.586357
CIMSA,2021-02-26,2.6976,135084442.0,2917823998.73063,1046331685.944804
CIMSA,2021-03-31,2.5353,135084442.0,2742214069.53875,983357965.336596
CIMSA,2021-04-30,2.7476,135084442.0,2971857724.0,1065708179.8264
CIMSA,2021-05-31,2.9349,135084442.0,3174484387.0,1137735204.3008
CIMSA,2021-06-30,2.6352,135084442.0,2850281777.73063,1022111045.494204
CIMSA,2021-07-30,2.9999,135084442.0,3244728358.67675,1163559589.421483
CIMSA,2021-08-31,3.1997,135084442.0,3460863517.40738,1241065657.342286
CIMSA,2021-09-30,3.4395,135084442.0,3720225656.3535,1334072920.368365
CIMSA,2021-10-28,3.8891,135084442.0,4206529441.431,1508461457.697157
CIMSA,2021-11-30,4.0914,135084442.0,4425366093.18525,1586936281.016231
CIMSA,2021-12-31,3.8466,135084442.0,4160600710.53875,1491991414.799196
CIMSA,2022-01-31,4.2213,135084442.0,4565854036.53875,1630009891.044334
CIMSA,2022-02-28,4.034,135084442.0,4363227373.53875,1557672172.353334
CIMSA,2022-03-31,4.4384,135084442.0,4603678030.707,1643513056.962399
CIMSA,2022-04-29,4.3446,135084442.0,4506417067.569,1609241534.82889
CIMSA,2022-05-31,4.6364,135084442.0,4809005929.0775,1717296017.273575
CIMSA,2022-06-30,4.4071,135084442.0,4571257537.89225,1632396066.781322
CIMSA,2022-07-29,5.0583,135084442.0,5246679747.89225,1873589337.972322
CIMSA,2022-08-31,6.909,135084442.0,7166229545.03875,2559060570.533338
CIMSA,2022-09-30,7.5666,135084442.0,7848405874.0775,2802665737.633075
CIMSA,2022-10-31,9.9825,135084442.0,10354222685.4225,3697492920.964375
CIMSA,2022-11-30,11.9165,135084442.0,12360226443.0,4413836862.7953
CIMSA,2022-12-30,13.0756,135084442.0,13562478182.9225,4843160959.121625
CIMSA,2023-01-31,10.6597,135084442.0,11056661371.5775,3948333775.790325
CIMSA,2023-02-28,16.2142,135084442.0,16818013029.0,6005712452.6559
CIMSA,2023-03-31,12.1704,135084442.0,12623640692.655,4553347197.840659
CIMSA,2023-04-28,11.4053,135084442.0,11455161093.845,5161695588.886557
CIMSA,2023-05-31,14.5391,135084442.0,14602627974.0775,6579944165.119322
CIMSA,2023-06-27,17.7535,135084442.0,17831146344.0,8034714542.6064
CIMSA,2023-07-31,25.3526,135084442.0,25463417317.0,11473815843.0402
CIMSA,2023-08-31,28.7957,135084442.0,28921579856.69,13032063883.424515
CIMSA,2023-09-29,39.0713,945591094.0,39242030401.0,17682458898.6906
CIMSA,2023-10-31,34.6087,945591094.0,34759927028.29675,15662823118.950516
CIMSA,2023-11-30,32.4433,945591094.0,32585068233.5255,14679573239.203238
CIMSA,2023-12-29,27.6229,945591094.0,27743642842.24575,12498511100.43171
CIMSA,2024-01-31,30.9746,945591094.0,31109948435.4575,14015031770.173603
CIMSA,2024-02-29,32.9517,945591094.0,33095688290.0,14909607574.645
CIMSA,2024-03-29,29.6188,945591094.0,29748294951.5255,13401606875.662237
CIMSA,2024-04-30,31.0669,945591094.0,30202180047.36013,13606082111.33574
CIMSA,2024-05-31,30.1332,945591094.0,29294411659.26275,13194203011.331944
CIMSA,2024-06-28,30.2888,945591094.0,29445706090.017,13262346022.943657
CIMSA,2024-07-31,32.7983,945591094.0,31885332843.966,14361153912.922285
CIMSA,2024-08-29,34.8798,945591094.0,33908897207.983,15272567302.475542
CIMSA,2024-09-30,34.1211,945591094.0,33171337308.94901,14940370323.950634
CIMSA,2024-10-31,33.9071,945591094.0,32963306113.983,14843376743.126545
CIMSA,2024-11-29,39.393,945591094.0,38296439307.0,17244886619.9421
CIMSA,2024-12-31,45.3262,945591094.0,44064543537.5425,19846670409.309143
CIMSA,2025-01-31,51.8917,945591094.0,50447283422.0425,22721456453.28794
CIMSA,2025-02-28,43.7894,945591094.0,42570511484.73725,19169501321.577183
CIMSA,2025-03-28,50.0923,945591094.0,48697941341.0,21928682985.8523
CIMSA,2025-04-30,46.0689,945591094.0,44234750223.034,19923331500.454514
CIMSA,2025-05-30,47.4673,945591094.0,45577491452.22875,20528102150.083828
CIMSA,2025-06-30,47.2704,945591094.0,45388372512.0,20433845304.9024
CIMSA,2025-07-31,50.9634,945591094.0,48934339114.5,22030239469.3479
CIMSA,2025-08-29,47.6643,945591094.0,45766610392.4575,20604127998.68437
CIMSA,2025-09-30,46.384,945591094.0,44537339084.5425,20050710055.861034
CIMSA,2025-10-31,46.7977,945591094.0,44934489219.73725,20234000495.647682
CIMSA,2025-11-28,45.0644,945591094.0,43270246874.29675,19480265142.808395
CIMSA,2025-12-31,45.7932,945591094.0,43969985871.0,19808478634.8855
CIMSA,2026-01-30,50.6679,945591094.0,48650662507.72875,21917123459.731804
CIMSA,2026-02-27,50.4217,945591094.0,48414264734.22875,21810626262.770054
CIMSA,2026-03-31,47.9597,945591094.0,46050286999.22875,20754864350.5524
CIMSA,2026-04-30,57.6,945591094.0,54466045571.5425,24547846739.094204
CIMSA,2026-05-26,50.65,945591094.0,47894190353.9575,21585911592.528645
CIMSA,2026-06-30,47.1,945591094.0,44537339084.5425,20072978725.403305
CIMSA,2026-07-21,50.65,945591094.0,47894190353.9575,21585911592.528645
CVKMD,2023-04-28,5.559,42000000.0,7782600128.17383,1533950485.263062
CVKMD,2023-05-31,4.578,42000000.0,6409200256.34766,1281840051.269532
CVKMD,2023-06-27,4.89,42000000.0,6846000000.0,1369200000.0
CVKMD,2023-07-31,8.268,42000000.0,11575200256.34766,2315040051.269532
CVKMD,2023-08-31,13.287,42000000.0,18601799743.65234,3718499768.756103
CVKMD,2023-09-29,12.954,42000000.0,18135599487.30469,3625306337.512208
CVKMD,2023-10-31,10.845,42000000.0,15183000000.0,3035081700.0
CVKMD,2023-11-30,10.605,42000000.0,14847000000.0,2966430600.0
CVKMD,2023-12-29,9.21,42000000.0,12894000000.0,2576221200.0
CVKMD,2024-01-31,12.915,42000000.0,18081000000.0,3612583800.0
CVKMD,2024-02-29,12.3,42000000.0,17220000000.0,3442278000.0
CVKMD,2024-03-29,12.7125,42000000.0,17797500000.0,3555940500.0
CVKMD,2024-04-30,14.175,42000000.0,19845000000.0,3967015500.0
CVKMD,2024-05-31,13.6875,42000000.0,19162500000.0,3830583750.0
CVKMD,2024-06-28,13.98,42000000.0,19572000000.0,3912442800.0
CVKMD,2024-07-31,16.05,42000000.0,22470000000.0,4485012000.0
CVKMD,2024-08-29,16.26,42000000.0,22764000000.0,4516377600.0
CVKMD,2024-09-30,8.43,42000000.0,11802000000.0,2348598000.0
CVKMD,2024-10-31,9.39,42000000.0,13146000000.0,3392982600.0
CVKMD,2024-11-29,8.79,42000000.0,12306000000.0,3176178600.0
CVKMD,2024-12-31,8.61,42000000.0,12054000000.0,3111137400.0
CVKMD,2025-01-31,10.1325,42000000.0,14185500000.0,3661277550.0
CVKMD,2025-02-28,9.53,1400000000.0,13341999626.15967,3439567503.623963
CVKMD,2025-03-28,10.1,1400000000.0,14140000534.05762,3659432138.214112
CVKMD,2025-04-30,11.28,1400000000.0,15791999626.15967,4086969503.250123
CVKMD,2025-05-30,11.78,1400000000.0,16491999626.15967,4264831103.324891
CVKMD,2025-06-30,12.04,1400000000.0,16855999946.59424,4358961586.18927
CVKMD,2025-07-31,13.01,1400000000.0,18214000320.43457,4710140482.86438
CVKMD,2025-08-29,14.74,1400000000.0,20635999679.56543,5336469517.13562
CVKMD,2025-09-30,15.79,1400000000.0,22105999946.59424,5716611586.18927
CVKMD,2025-10-31,21.4,1400000000.0,29959999465.94238,7756643861.732482
CVKMD,2025-11-28,17.09,1400000000.0,23926000213.62305,7165837063.980103
CVKMD,2025-12-31,26.46,1400000000.0,37043998718.26172,11068746817.016602
CVKMD,2026-01-30,40.2,1400000000.0,56280001068.11523,16799580318.832396
CVKMD,2026-02-27,32.28,1400000000.0,45191998291.01563,13503369089.35547
CVKMD,2026-03-31,31.36,1400000000.0,43904000854.49219,13118515455.322266
CVKMD,2026-04-30,35.68,1400000000.0,49952000427.24609,14960624127.960203
CVKMD,2026-05-26,47.24,1400000000.0,66136002349.85352,19807732703.781128
CVKMD,2026-06-30,38.84,1400000000.0,54376000213.62305,16285612063.980103
CVKMD,2026-07-21,37.52,1400000000.0,52528000640.86914,15705872191.619873
CWENE,2023-05-31,18.2938,123750000.0,19800000000.0,4589640000.0
CWENE,2023-06-27,19.3914,123750000.0,20988000755.31006,4865018575.080872
CWENE,2023-07-31,32.7116,123750000.0,35404875755.31006,8206850200.080872
CWENE,2023-08-31,38.9772,123750000.0,42186374244.68994,9778801549.919128
CWENE,2023-09-29,41.3325,123750000.0,44735625000.0,10369717875.0
CWENE,2023-10-31,35.1927,123750000.0,38090248489.37988,8829319599.838257
CWENE,2023-11-30,34.3009,123750000.0,37125000000.0,8601862500.0
CWENE,2023-12-29,31.0137,123750000.0,33567187500.0,7777517343.75
CWENE,2024-01-31,37.9596,123750000.0,41085000000.0,9519394500.0
CWENE,2024-02-29,35.3585,123750000.0,38269687500.0,8867086593.75
CWENE,2024-03-29,32.2428,123750000.0,34897500000.0,8085750750.0
CWENE,2024-04-30,32.7859,123750000.0,35485312500.0,8221946906.25
CWENE,2024-05-31,26.9948,123750000.0,29217375755.31006,6769665962.505341
CWENE,2024-06-28,23.7819,123750000.0,25740000000.0,5963958000.0
CWENE,2024-07-31,27.212,123750000.0,29452500000.0,6824144250.0
CWENE,2024-08-29,24.1121,123750000.0,25999875755.31006,6024171212.505341
CWENE,2024-09-30,20.038,123750000.0,21606750755.31006,5006284150.005341
CWENE,2024-10-31,21.0479,123750000.0,22695749244.68994,6615810904.827118
CWENE,2024-11-29,23.8826,123750000.0,25752375755.31006,7506817532.672882
CWENE,2024-12-31,19.5124,1000000000.0,21040000915.52734,6133160266.87622
CWENE,2025-01-31,18.5015,1000000000.0,19950000762.93945,5815425222.39685
CWENE,2025-02-28,15.7657,1000000000.0,17000000000.0,4953800000.0
CWENE,2025-03-28,15.5802,1000000000.0,16799999237.06055,4895519777.679444
CWENE,2025-04-30,13.9851,1000000000.0,15079999923.70605,4394311977.767943
CWENE,2025-05-30,13.3267,1000000000.0,14369999885.55908,4187417966.651916
CWENE,2025-06-30,13.4194,1000000000.0,14470000267.02881,4216558077.812195
CWENE,2025-07-31,15.5431,1000000000.0,16760000228.88184,4883864066.696168
CWENE,2025-08-29,17.8338,1000000000.0,19229999542.23633,5603621866.607667
CWENE,2025-09-30,22.1091,1000000000.0,23840000152.58789,6946976044.464111
CWENE,2025-10-31,24.78,1000000000.0,26719999313.35449,9528351755.142212
CWENE,2025-11-28,25.0,1078290009.0,26957250225.0,9612955430.235
CWENE,2025-12-31,28.04,1078290009.0,30235252839.56399,10781891162.588518
CWENE,2026-01-30,32.42,1078290009.0,34958160117.37202,12466079897.854862
CWENE,2026-02-27,30.5,1078290009.0,32887845274.5,11724516840.35925
CWENE,2026-03-31,29.36,1078290009.0,31658595322.37599,11289455091.959278
CWENE,2026-04-30,36.64,1078290009.0,39508545271.62401,14088747243.861122
CWENE,2026-05-26,39.42,1078290009.0,42506190180.37202,15157707418.320662
CWENE,2026-06-30,38.0,1078290009.0,40975020342.0,10911647917.0746
CWENE,2026-07-21,40.2,1078290009.0,43347259184.46999,12206588186.346748
DAPGM,2022-02-28,1.4748,200000000.0,3638000106.81152,545700016.021728
DAPGM,2022-03-31,1.5137,200000000.0,3734000015.25879,257646001.052857
DAPGM,2022-04-29,2.2475,200000000.0,5543999862.6709,443519989.013672
DAPGM,2022-05-31,2.6107,200000000.0,6440000152.58789,515200012.207031
DAPGM,2022-06-30,2.434,200000000.0,6004000091.55273,480320007.324218
DAPGM,2022-07-29,2.3448,200000000.0,5784000015.25879,462720001.220703
DAPGM,2022-08-31,3.3193,200000000.0,8187999725.3418,655039978.027344
DAPGM,2022-09-30,3.1702,200000000.0,7819999694.82422,625599975.585938
DAPGM,2022-10-31,4.7309,200000000.0,11669999694.82422,1168166969.451904
DAPGM,2022-11-30,5.4039,200000000.0,13330000305.17578,1334333030.548096
DAPGM,2022-12-30,5.8214,200000000.0,14360000610.35156,1437436061.096191
DAPGM,2023-01-31,4.2079,200000000.0,10380000305.17578,1039038030.548096
DAPGM,2023-02-28,4.3823,200000000.0,10809999847.41211,1082080984.725952
DAPGM,2023-03-31,4.0053,200000000.0,9880000305.17578,988988030.548096
DAPGM,2023-04-28,3.1945,200000000.0,7880000305.17578,788788030.548096
DAPGM,2023-05-31,3.8512,200000000.0,9500000000.0,950950000.0
DAPGM,2023-06-27,5.1474,385000000.0,12697299823.76099,1270999712.358475
DAPGM,2023-07-31,6.9734,385000000.0,17201800117.49268,1721900191.761017
DAPGM,2023-08-31,9.0602,385000000.0,22349249706.26831,2237159895.597458
DAPGM,2023-09-29,10.5507,385000000.0,26025999412.53662,2605202541.194916
DAPGM,2023-10-31,11.7056,385000000.0,28875000000.0,2890387500.0
DAPGM,2023-11-30,5.8996,385000000.0,14552999706.26831,1456755270.597458
DAPGM,2023-12-29,4.1266,385000000.0,10179400205.61218,1831274096.989631
DAPGM,2024-01-31,4.6167,385000000.0,11388299970.62683,2048755164.715767
DAPGM,2024-02-29,5.4626,385000000.0,13475000000.0,2424152500.0
DAPGM,2024-03-29,5.216,413599221.0,13822485208.49721,2315266272.423283
DAPGM,2024-04-30,5.3128,413599221.0,14078917861.5014,2358218741.801485
DAPGM,2024-05-31,5.3159,413599221.0,14087190035.25209,2359604330.904725
DAPGM,2024-06-28,5.2098,413599221.0,13805942438.75163,2312495358.490898
DAPGM,2024-07-31,5.0163,413599221.0,13293078710.49907,2226590684.008594
DAPGM,2024-08-29,5.55,2650000000.0,14707500505.44739,2463506334.662438
DAPGM,2024-09-30,5.38,2650000000.0,14257000303.26843,2388047550.797462
DAPGM,2024-10-31,4.52,2650000000.0,11977999949.45526,2006314991.533756
DAPGM,2024-11-29,5.85,2650000000.0,15502499747.27631,2596668707.668782
DAPGM,2024-12-31,6.88,2650000000.0,18232000303.26843,3053860050.797462
DAPGM,2025-01-31,7.52,2650000000.0,19927999949.45526,3335947191.538811
DAPGM,2025-02-28,7.8,2650000000.0,20670000505.44739,3462225084.662438
DAPGM,2025-03-28,7.32,2650000000.0,19398000454.90265,3249165076.196194
DAPGM,2025-04-30,7.98,2650000000.0,21147000050.54474,3542122508.466244
DAPGM,2025-05-30,8.5,2650000000.0,22525000000.0,3772937500.0
DAPGM,2025-06-30,8.86,2650000000.0,23478999090.1947,3932732347.607612
DAPGM,2025-07-31,13.26,2650000000.0,35139000606.53687,5885782601.594926
DAPGM,2025-08-29,17.3,2650000000.0,45844997978.21045,13180436918.735504
DAPGM,2025-09-30,14.33,2650000000.0,37974499797.82104,10594885443.59207
DAPGM,2025-10-31,14.04,2650000000.0,37205999898.91052,10216767572.24083
DAPGM,2025-11-28,11.48,2650000000.0,30421998786.92627,8551623859.004974
DAPGM,2025-12-31,11.86,2650000000.0,31428999090.1947,8834691644.25373
DAPGM,2026-01-30,10.84,2650000000.0,28726000404.35791,8074878713.665009
DAPGM,2026-02-27,11.45,2650000000.0,30342499494.55261,8529276607.918739
DAPGM,2026-03-31,14.4,2650000000.0,38159998989.10522,10722959715.938566
DAPGM,2026-04-30,10.54,2650000000.0,27930999898.91052,8024576270.956992
DAPGM,2026-05-26,9.5,2650000000.0,25175000000.0,7230260000.0
DAPGM,2026-06-30,9.8,2650000000.0,25970000505.44739,8710338169.527056
DAPGM,2026-07-21,9.64,2650000000.0,25546000909.8053,8795488113.245964
DOAS,2016-07-29,4.4353,220000000.0,2290199966.43066,595451991.271972
DOAS,2016-08-31,4.3331,220000000.0,2237400016.78467,581724004.364014
DOAS,2016-09-30,4.2819,220000000.0,2211000041.96167,574860010.910034
DOAS,2016-10-31,4.2478,220000000.0,2193400058.74634,570284015.274048
DOAS,2016-11-30,3.613,220000000.0,1865599899.29199,279839984.893799
DOAS,2016-12-30,3.7408,220000000.0,1931599941.25366,289739991.188049
DOAS,2017-01-31,3.8005,220000000.0,1962400016.78467,294360002.517701
DOAS,2017-02-28,3.9198,220000000.0,2023999958.03833,303599993.70575
DOAS,2017-03-31,3.6045,220000000.0,1861200008.39233,279180001.25885
DOAS,2017-04-28,3.8772,220000000.0,2002000083.92334,300300012.588501
DOAS,2017-05-31,3.9198,220000000.0,2023999958.03833,303599993.70575
DOAS,2017-06-30,4.0135,220000000.0,2072400016.78467,310860002.517701
DOAS,2017-07-31,4.0902,220000000.0,2112000083.92334,316800012.588501
DOAS,2017-08-31,3.8601,220000000.0,1993200092.31567,298980013.847351
DOAS,2017-09-29,3.5789,220000000.0,1847999916.07666,277199987.411499
DOAS,2017-10-31,3.5704,220000000.0,1843600025.177,276540003.77655
DOAS,2017-11-30,3.2168,220000000.0,1661000041.96167,249150006.294251
DOAS,2017-12-29,3.5108,220000000.0,1812799949.646,271919992.4469
DOAS,2018-01-31,3.7834,220000000.0,1953600025.177,293040003.77655
DOAS,2018-02-28,3.6258,220000000.0,1872200050.354,280830007.5531
DOAS,2018-03-30,3.4767,220000000.0,1795199966.43066,269279994.964599
DOAS,2018-04-30,3.221,220000000.0,1663199987.4115,249479998.111725
DOAS,2018-05-31,3.3576,220000000.0,1586200008.39233,237930001.25885
DOAS,2018-06-29,3.2411,220000000.0,1531200008.39233,229680001.25885
DOAS,2018-07-31,2.9617,220000000.0,1399200029.37317,205962244.323731
DOAS,2018-08-31,2.6916,220000000.0,1271600046.15784,187179526.794434
DOAS,2018-09-28,2.5147,220000000.0,1188000020.98083,174873603.088378
DOAS,2018-10-31,2.3284,220000000.0,1100000000.0,161920000.0
DOAS,2018-11-30,2.184,220000000.0,1031800012.5885,151880961.853027
DOAS,2018-12-31,2.0211,220000000.0,954800033.56934,140546564.941407
DOAS,2019-01-31,2.2586,220000000.0,1066999979.01917,157062396.911622
DOAS,2019-02-28,2.4914,220000000.0,1176999979.01917,173372096.909524
DOAS,2019-03-29,2.0816,220000000.0,983399953.84216,144658133.210182
DOAS,2019-04-30,2.1468,220000000.0,1014200029.37317,149391664.326668
DOAS,2019-05-31,1.8488,220000000.0,873400006.29425,128651820.927143
DOAS,2019-06-28,2.5426,220000000.0,1201200008.39233,176936761.23619
DOAS,2019-07-31,2.3331,220000000.0,1102200050.354,162354067.417144
DOAS,2019-08-29,2.4402,220000000.0,1152799949.646,169692152.587891
DOAS,2019-09-30,3.6323,220000000.0,1716000041.96167,252595206.176758
DOAS,2019-10-31,3.8791,220000000.0,1832599983.21533,269941977.527618
DOAS,2019-11-29,4.5404,220000000.0,2145000000.0,315958500.0
DOAS,2019-12-31,4.731,220000000.0,2094400100.70801,308505134.83429
DOAS,2020-01-31,5.9784,220000000.0,2646599941.25366,389844171.346664
DOAS,2020-02-28,4.8056,220000000.0,2127400016.78467,313366022.472382
DOAS,2020-03-31,3.424,220000000.0,1515799970.62683,223277335.673332
DOAS,2020-04-30,5.2479,220000000.0,2323200092.31567,342207373.598098
DOAS,2020-05-29,5.3274,220000000.0,2358400058.74634,347392328.653336
DOAS,2020-06-30,7.7774,220000000.0,3442999916.07666,507153887.638092
DOAS,2020-07-30,8.4483,220000000.0,3740000000.0,550902000.0
DOAS,2020-08-31,7.3053,220000000.0,3233999958.03833,476368193.819046
DOAS,2020-09-30,7.688,220000000.0,3403400058.74634,501320828.653336
DOAS,2020-10-30,8.3986,220000000.0,3717999916.07666,547661387.638092
DOAS,2020-11-30,13.2688,220000000.0,5874000167.84668,865240224.723816
DOAS,2020-12-31,14.2826,220000000.0,6322799949.646,931348432.582856
DOAS,2021-01-29,16.6084,220000000.0,7352399597.16797,1083008460.662842
DOAS,2021-02-26,15.4554,220000000.0,6842000083.92334,1007826612.361908
DOAS,2021-03-31,14.1236,220000000.0,6252400016.78467,920978522.472382
DOAS,2021-04-30,13.9057,220000000.0,5852000083.92334,861999612.361908
DOAS,2021-05-31,13.6547,220000000.0,5746400184.63135,846444747.196198
DOAS,2021-06-30,13.2574,220000000.0,5579200134.27734,821816179.779052
DOAS,2021-07-30,14.0823,220000000.0,5623199882.50732,828297342.693328
DOAS,2021-08-31,15.4266,220000000.0,6160000000.0,907368000.0
DOAS,2021-09-30,18.578,220000000.0,7418400268.55469,1092730359.558106
DOAS,2021-10-28,20.0105,220000000.0,7990399932.86133,1176985910.110474
DOAS,2021-11-30,26.3133,220000000.0,10507199630.7373,1547710505.607604
DOAS,2021-12-31,24.1316,220000000.0,9635999832.15332,1419382775.276184
DOAS,2022-01-31,26.2582,220000000.0,10485199966.43066,1544469955.055236
DOAS,2022-02-28,25.9056,220000000.0,10344400100.70801,1523730134.83429
DOAS,2022-03-31,33.9385,220000000.0,13551999664.30664,1996209550.552368
DOAS,2022-04-29,39.9999,220000000.0,14696000671.38672,2164720898.895264
DOAS,2022-05-31,41.4969,220000000.0,15246000671.38672,2245735898.895264
DOAS,2022-06-30,45.1197,220000000.0,16576999664.30664,2441792050.552368
DOAS,2022-07-29,50.6885,220000000.0,18623000335.69336,2743167949.447632
DOAS,2022-08-31,59.8203,220000000.0,21978000335.69336,3237359449.447632
DOAS,2022-09-30,58.2035,220000000.0,21383999328.61328,3149863101.104736
DOAS,2022-10-31,73.413,220000000.0,26971999664.30664,3972975550.552368
DOAS,2022-11-30,96.3619,220000000.0,34407998657.22656,5068298202.209472
DOAS,2022-12-30,120.7604,220000000.0,43120000000.0,14854840000.0
DOAS,2023-01-31,97.9638,220000000.0,34980000000.0,12068100000.0
DOAS,2023-02-28,104.0018,220000000.0,37136000671.38672,12811920231.628418
DOAS,2023-03-31,75.352,220000000.0,26906000671.38672,9279879631.56128
DOAS,2023-04-28,80.9376,220000000.0,26928000335.69336,9287467315.78064
DOAS,2023-05-31,94.4934,220000000.0,31437998657.22656,10842965736.877441
DOAS,2023-06-27,112.744,220000000.0,37510000000.0,12937199000.0
DOAS,2023-07-31,163.6607,220000000.0,54450000000.0,18779805000.0
DOAS,2023-08-31,195.4952,220000000.0,62787998657.22656,21655580736.87744
DOAS,2023-09-29,183.234,220000000.0,58850000000.0,20297365000.0
DOAS,2023-10-31,170.2192,220000000.0,54670000000.0,18855683000.0
DOAS,2023-11-30,171.6317,220000000.0,53943999328.61328,18599890968.50586
DOAS,2023-12-29,179.8914,220000000.0,56540000000.0,19494992000.0
DOAS,2024-01-31,190.9158,220000000.0,60005000000.0,20689724000.0
DOAS,2024-02-29,187.066,220000000.0,58795000000.0,20272516000.0
DOAS,2024-03-29,220.4894,220000000.0,69300000000.0,23894640000.0
DOAS,2024-04-30,221.9743,220000000.0,62425000000.0,21524140000.0
DOAS,2024-05-31,237.0334,220000000.0,66660000000.0,22984368000.0
DOAS,2024-06-28,206.5242,220000000.0,58080000000.0,20025984000.0
DOAS,2024-07-31,188.1404,220000000.0,52910000000.0,18243368000.0
DOAS,2024-08-29,187.2016,220000000.0,52646000671.38672,18147076431.427002
DOAS,2024-09-30,178.711,220000000.0,48157998657.22656,16600062137.145994
DOAS,2024-10-31,171.6899,220000000.0,46266000671.38672,15947890431.427002
DOAS,2024-11-29,174.7106,220000000.0,47080000000.0,16228476000.0
DOAS,2024-12-31,158.2193,220000000.0,42636000671.38672,16811375064.727783
DOAS,2025-01-31,153.5658,220000000.0,41382001342.77344,16316923129.455566
DOAS,2025-02-28,141.2381,220000000.0,38060000000.0,15022282000.0
DOAS,2025-03-28,187.0384,220000000.0,50402001342.77344,19893669929.992676
DOAS,2025-04-30,159.6071,220000000.0,43010000000.0,16976047000.0
DOAS,2025-05-30,160.8416,220000000.0,38192001342.77344,15074382929.992678
DOAS,2025-06-30,161.3975,220000000.0,38323999328.61328,15126482535.003662
DOAS,2025-07-31,170.7552,220000000.0,40546000671.38672,16003506464.996338
DOAS,2025-08-29,175.2024,220000000.0,41602001342.77344,16416149729.858398
DOAS,2025-09-30,162.9725,220000000.0,38697998657.22656,15270230270.141602
DOAS,2025-10-31,167.0491,220000000.0,39666000671.38672,15656170464.996338
DOAS,2025-11-28,167.2345,220000000.0,39710000000.0,15669566000.0
DOAS,2025-12-31,174.2759,220000000.0,41382001342.77344,16333475929.992678
DOAS,2026-01-30,212.448,220000000.0,50446000671.38672,19911036464.996338
DOAS,2026-02-27,202.905,220000000.0,48180000000.0,19016646000.0
DOAS,2026-03-31,178.7231,220000000.0,42437998657.22656,16750278070.007322
DOAS,2026-04-30,180.5,220000000.0,39710000000.0,15669566000.0
DOAS,2026-05-26,184.8,220000000.0,40656000671.38672,16042857864.9292
DOAS,2026-06-30,179.3,220000000.0,39446000671.38672,15565391864.9292
DOAS,2026-07-21,186.0,220000000.0,40920000000.0,16147032000.0
DOHOL,2016-07-29,0.4993,2616938288.0,1648671108.96147,577034888.136515
DOHOL,2016-08-31,0.7212,2616938288.0,2381413910.71194,833494868.749179
DOHOL,2016-09-30,0.634,2616938288.0,2093550661.59634,732742731.558719
DOHOL,2016-10-31,0.634,2616938288.0,2093550661.59634,732742731.558719
DOHOL,2016-11-30,0.5548,2616938288.0,1831856770.40366,641149869.641281
DOHOL,2016-12-30,0.6023,2616938288.0,1988873073.92293,696105575.873026
DOHOL,2017-01-31,0.6657,2616938288.0,2198228093.28806,769379832.650821
DOHOL,2017-02-28,0.5627,2616938288.0,1858026128.3266,650309144.91431
DOHOL,2017-03-31,0.5389,2616938288.0,1779518054.5578,622831319.09523
DOHOL,2017-04-28,0.5865,2616938288.0,1936534358.07707,677787025.326975
DOHOL,2017-05-31,0.5865,2616938288.0,1936534358.07707,677787025.326975
DOHOL,2017-06-30,0.5865,2616938288.0,1936534358.07707,677787025.326975
DOHOL,2017-07-31,0.6578,2616938288.0,2172058735.36513,760220557.377796
DOHOL,2017-08-31,0.7291,2616938288.0,2407583268.63487,842654144.022205
DOHOL,2017-09-29,0.6895,2616938288.0,2276736323.03853,796857713.063486
DOHOL,2017-10-31,0.7291,2616938288.0,2407583268.63487,842654144.022205
DOHOL,2017-11-30,0.634,2616938288.0,2093550661.59634,732742731.558719
DOHOL,2017-12-29,0.6895,2616938288.0,2276736323.03853,796857713.063486
DOHOL,2018-01-31,0.6736,2616938288.0,2224397607.19267,778539162.517435
DOHOL,2018-02-28,0.634,2616938288.0,2093550661.59634,732742731.558719
DOHOL,2018-03-30,1.0778,2616938288.0,3559036109.1156,1245662638.19046
DOHOL,2018-04-30,0.8084,2616938288.0,2669277003.84586,934246951.346051
DOHOL,2018-05-31,0.745,2616938288.0,2459921984.48073,860972694.568256
DOHOL,2018-06-29,0.7687,2616938288.0,2538430214.2312,888450574.98092
DOHOL,2018-07-31,0.7925,2616938288.0,2616938288.0,948378435.5712
DOHOL,2018-08-31,0.9748,2616938288.0,3218834144.15414,1166505493.84146
DOHOL,2018-09-28,0.8559,2616938288.0,2826293463.34681,1018596164.19019
DOHOL,2018-10-31,0.8638,2616938288.0,2852462821.26974,1027742354.503487
DOHOL,2018-11-30,0.9114,2616938288.0,3009478968.80733,1078898210.317428
DOHOL,2018-12-31,0.8084,2616938288.0,2669277003.84586,959071227.481817
DOHOL,2019-01-31,0.8955,2616938288.0,2957140252.96147,1059839066.661391
DOHOL,2019-02-28,0.8955,2616938288.0,2957140252.96147,1059839066.661391
DOHOL,2019-03-29,0.9035,2616938288.0,2983309610.8844,1069218164.540969
DOHOL,2019-04-30,0.9201,2616938288.0,2773954435.53759,994185269.696672
DOHOL,2019-05-31,0.9288,2616938288.0,2800124105.42388,1003564479.383919
DOHOL,2019-06-28,0.9895,2616938288.0,2983309610.8844,1069218164.540969
DOHOL,2019-07-31,1.1284,2616938288.0,3402019649.61466,1219283842.421894
DOHOL,2019-08-29,1.1458,2616938288.0,3454358677.42388,1238042149.988719
DOHOL,2019-09-30,1.328,2616938288.0,4003915505.7688,1435003317.267538
DOHOL,2019-10-31,1.5016,2616938288.0,4527303288.15414,1622585498.474444
DOHOL,2019-11-29,1.5363,2616938288.0,4631980719.84586,1660101889.992756
DOHOL,2019-12-31,1.5971,2616938288.0,4815166537.26974,1725755686.957475
DOHOL,2020-01-31,1.7707,2616938288.0,5338554007.69173,1913337756.356716
DOHOL,2020-02-28,1.4929,2616938288.0,4501133930.2312,1613206400.594862
DOHOL,2020-03-31,1.328,2616938288.0,4003915505.7688,1435003317.267538
DOHOL,2020-04-30,1.6011,2616938288.0,4710488793.61466,1688239183.631494
DOHOL,2020-05-29,1.699,2616938288.0,4998352042.73026,1791409372.114525
DOHOL,2020-06-30,1.868,2616938288.0,5495570155.22932,1969062786.618665
DOHOL,2020-07-30,1.8769,2616938288.0,5521739513.15225,1978439267.562451
DOHOL,2020-08-31,1.868,2616938288.0,5495570155.22932,1969062786.618665
DOHOL,2020-09-30,2.1081,2616938288.0,6202143443.07518,2222227995.653837
DOHOL,2020-10-30,2.1615,2616938288.0,6359160214.53948,2278487104.869496
DOHOL,2020-11-30,2.1348,2616938288.0,6280652140.77068,2250357662.038135
DOHOL,2020-12-31,2.7308,2616938288.0,8034000369.46052,2878582332.377704
DOHOL,2021-01-29,3.4602,2616938288.0,10179890214.84775,3649490642.022918
DOHOL,2021-02-26,2.8197,2616938288.0,8295694572.61655,2974006504.283033
DOHOL,2021-03-31,2.8731,2616938288.0,8452710720.15414,3028606251.031228
DOHOL,2021-04-30,2.6869,2616938288.0,7719968074.38534,2763748570.629952
DOHOL,2021-05-31,2.6778,2616938288.0,7693798716.46241,2754379940.493543
DOHOL,2021-06-30,2.5867,2616938288.0,7432104513.30639,2660693415.763688
DOHOL,2021-07-30,2.3863,2616938288.0,6856378015.07518,2454583329.396914
DOHOL,2021-08-31,2.3408,2616938288.0,6725531225.46052,2405722519.347228
DOHOL,2021-09-30,2.3135,2616938288.0,6647023151.69173,2377640181.360132
DOHOL,2021-10-28,2.4228,2616938288.0,6961056070.69361,2489969756.487104
DOHOL,2021-11-30,2.7962,2616938288.0,8034000369.46052,2873761932.156028
DOHOL,2021-12-31,2.5047,2616938288.0,7196580292.0,2574936428.4776
DOHOL,2022-01-31,2.7416,2616938288.0,7876984221.92293,2818384954.604024
DOHOL,2022-02-28,2.3135,2616938288.0,6647023151.69173,2378304883.675301
DOHOL,2022-03-31,3.0148,2616938288.0,8662065583.53759,3099287065.78975
DOHOL,2022-04-29,3.1514,2616938288.0,9054606576.30827,3239738233.003099
DOHOL,2022-05-31,3.6524,2616938288.0,10493923133.84964,3754725697.291401
DOHOL,2022-06-30,3.2728,2616938288.0,9106945292.15414,3258465025.532751
DOHOL,2022-07-29,3.6396,2616938288.0,10127550875.07518,3623637703.101899
DOHOL,2022-08-31,4.9939,2616938288.0,13895942159.53759,4971968104.68255
DOHOL,2022-09-30,4.5236,2616938288.0,12587473015.53759,4503797844.95935
DOHOL,2022-10-31,5.6052,2616938288.0,15596952296.30827,5580589531.619099
DOHOL,2022-11-30,8.0231,2616938288.0,22008450602.76691,7876824470.730277
DOHOL,2022-12-30,10.0933,2616938288.0,27687206887.38345,9909251344.994537
DOHOL,2023-01-31,8.4047,2616938288.0,23055227415.39101,8251465891.968442
DOHOL,2023-02-28,8.9389,2616938288.0,24520711459.07518,8775962631.203007
DOHOL,2023-03-31,8.9103,2616938288.0,24442204009.23309,8745420594.5036
DOHOL,2023-04-28,8.1662,2616938288.0,22400992843.39101,8017315338.649642
DOHOL,2023-05-31,8.017,2616938288.0,21799095739.38345,7784457088.53383
DOHOL,2023-06-27,9.6738,2616938288.0,25803010621.22554,9211674791.777517
DOHOL,2023-07-31,13.039,2616938288.0,34779109747.69173,12416142179.925947
DOHOL,2023-08-31,13.8925,2616938288.0,37055845758.76691,13232642520.455664
DOHOL,2023-09-29,13.1076,2616996091.0,34963066877.2857,12485311181.878723
DOHOL,2023-10-31,13.4216,2616996091.0,35800507323.52383,12784361165.23036
DOHOL,2023-11-30,12.9507,2616996091.0,34544347902.04761,12335786635.821201
DOHOL,2023-12-29,10.8511,2616996091.0,28943977864.59526,10335894495.446966
DOHOL,2024-01-31,12.9801,2616996091.0,34622857085.96426,12363822265.397837
DOHOL,2024-02-29,13.2941,2616996091.0,35460297532.20239,12659326218.996252
DOHOL,2024-03-29,12.9016,2616996091.0,34413497598.34521,12285618642.60924
DOHOL,2024-04-30,14.3144,2616996091.0,38181973367.01192,13630964492.023254
DOHOL,2024-05-31,13.9023,2616996091.0,37082834809.13096,13234863743.37884
DOHOL,2024-06-28,16.5317,2616996091.0,44096385131.65479,15737999853.487595
DOHOL,2024-07-31,16.5134,2616996091.0,43913196203.92861,15672619725.182121
DOHOL,2024-08-29,15.3423,2616996091.0,40798969458.01192,14561152199.564453
DOHOL,2024-09-30,14.8798,2616996091.0,39568980596.42857,14122169174.865356
DOHOL,2024-10-31,12.7738,2616996091.0,33968608063.21426,12123396217.76117
DOHOL,2024-11-29,13.8169,2616996091.0,36742625017.80952,13113442868.856218
DOHOL,2024-12-31,14.2598,2616996091.0,37920272759.60713,13533745347.903786
DOHOL,2025-01-31,13.3741,2616996091.0,35564977276.01192,12696696887.536255
DOHOL,2025-02-28,12.8525,2616996091.0,34177970046.59526,12198117509.629848
DOHOL,2025-03-28,15.6572,2616996091.0,41636407408.48808,14847542881.86685
DOHOL,2025-04-30,15.3128,2616996091.0,40720460274.09526,14516844087.71496
DOHOL,2025-05-30,14.4271,2616996091.0,38365162294.73808,13677180358.074125
DOHOL,2025-06-30,15.3226,2616996091.0,40746628338.22617,14526173002.57763
DOHOL,2025-07-31,15.6572,2616996091.0,41636407408.48808,14843379241.126001
DOHOL,2025-08-29,18.9343,2616996091.0,50351004191.85713,17950132994.397068
DOHOL,2025-09-30,17.13,2616996091.0,44829140842.55948,15981588710.372456
DOHOL,2025-10-31,17.1,2616996091.0,44750634154.40479,15953601076.045307
DOHOL,2025-11-28,17.09,2616996091.0,44724463594.51192,15944271271.443499
DOHOL,2025-12-31,16.95,2616996091.0,44358085739.05957,15813657565.974737
DOHOL,2026-01-30,21.72,2616996091.0,56841153299.57139,20263871151.2972
DOHOL,2026-02-27,20.12,2616996091.0,52653963547.19052,18771138004.57342
DOHOL,2026-03-31,19.97,2616996091.0,52261410140.32139,18631192715.024574
DOHOL,2026-04-30,22.74,2616996091.0,59510490510.35713,21215489866.942318
DOHOL,2026-05-26,23.52,2616996091.0,61551749258.28574,21967819310.28218
DOHOL,2026-06-30,20.5,2616996091.0,53648419865.5,19147121049.99695
DOHOL,2026-07-21,20.54,2616996091.0,53753102105.07148,19184482141.30001
DSTKF,2025-02-28,108.6,333333333.0,36199999455.1737,9049999863.793425
DSTKF,2025-03-28,147.5,333333333.0,49166666617.5,12291666654.375
DSTKF,2025-04-30,207.5,333333333.0,69166666597.5,17291666649.375
DSTKF,2025-05-30,294.5,333333333.0,98166666568.5,24541666642.125
DSTKF,2025-06-30,366.75,333333333.0,122249999877.75,30134624969.865376
DSTKF,2025-07-31,536.0,333333333.0,178666666488.0,44041333289.292
DSTKF,2025-08-29,760.0,333333333.0,253333333080.0,62446666604.22
DSTKF,2025-09-30,667.0,333333333.0,222333333111.0,54805166611.8615
DSTKF,2025-10-31,643.0,333333333.0,214333333119.0,52833166613.8335
DSTKF,2025-11-28,876.0,333333333.0,291999999708.0,71977999928.022
DSTKF,2025-12-31,555.0,333333333.0,184999999815.0,45084499954.9155
DSTKF,2026-01-30,800.0,333333333.0,266666666400.0,65733333267.6
DSTKF,2026-02-27,1497.0,333333333.0,498999999501.0,124749999875.25
DSTKF,2026-03-31,1882.0,333333333.0,627333332706.0,159091733174.2416
DSTKF,2026-04-30,2730.0,333333333.0,909999999090.0,230775999769.224
DSTKF,2026-05-26,2105.0,333333333.0,701666665965.0,177942666488.724
DSTKF,2026-06-30,3622.5,333333333.0,1207499998792.5,306221999693.778
DSTKF,2026-07-21,2044.0,333333333.0,681333332652.0,172786133160.5472
ECILC,2016-07-29,1.6482,548208000.0,1803604299.08752,432865031.781005
ECILC,2016-08-31,1.7434,548208000.0,1907763850.45624,457863324.109498
ECILC,2016-09-30,1.9738,548208000.0,2159939551.36871,518385492.32849
ECILC,2016-10-31,1.9588,548208000.0,2143493327.05307,514438398.492737
ECILC,2016-11-30,1.816,685260000.0,1987254065.35149,476940975.684358
ECILC,2016-12-30,1.9538,685260000.0,2138011121.57822,513122669.178773
ECILC,2017-01-31,2.0352,685260000.0,2227095000.0,534502800.0
ECILC,2017-02-28,2.0916,685260000.0,2288768341.18366,549304401.884078
ECILC,2017-03-31,2.3045,685260000.0,2521756845.74604,605221642.97905
ECILC,2017-04-28,2.6552,685260000.0,2905502243.15643,697320538.357543
ECILC,2017-05-31,3.289,685260000.0,3179606308.50792,763105514.041901
ECILC,2017-06-30,3.3528,685260000.0,3241279813.0703,777907155.136872
ECILC,2017-07-31,3.4024,685260000.0,3289248130.70297,789419551.368713
ECILC,2017-08-31,3.2252,685260000.0,3117933130.70297,748303951.368713
ECILC,2017-09-29,3.048,685260000.0,2946618130.70297,707188351.368713
ECILC,2017-10-31,3.2677,685260000.0,3159048691.49208,758171685.958099
ECILC,2017-11-30,2.97,685260000.0,2871239439.21089,689097465.410614
ECILC,2017-12-29,3.126,685260000.0,3021996495.43762,725279158.905029
ECILC,2018-01-31,3.3528,685260000.0,3241279813.0703,777907155.136872
ECILC,2018-02-28,2.9629,685260000.0,2864386682.36732,687452803.768157
ECILC,2018-03-30,3.0693,685260000.0,2967175747.71881,712122179.452514
ECILC,2018-04-30,2.885,685260000.0,2789008317.63268,669361996.231843
ECILC,2018-05-31,2.5649,685260000.0,2350441845.74604,564106042.97905
ECILC,2018-06-29,2.5275,685260000.0,2316178878.42178,555882930.821227
ECILC,2018-07-31,2.6621,685260000.0,2439525560.78911,480586535.475455
ECILC,2018-08-31,2.7668,685260000.0,2535462032.67574,498978928.030586
ECILC,2018-09-28,2.7518,685260000.0,2521756845.74604,496786098.61197
ECILC,2018-10-31,2.2209,685260000.0,2035222219.60545,400938777.262274
ECILC,2018-11-30,2.2583,685260000.0,2069485186.9297,407688581.825151
ECILC,2018-12-31,2.0414,685260000.0,1870759813.0703,368539683.174849
ECILC,2019-01-31,2.2209,685260000.0,2035222219.60545,400124688.374431
ECILC,2019-02-28,2.2957,685260000.0,2103748154.25396,413176137.495478
ECILC,2019-03-29,2.019,685260000.0,1850202032.67574,363564699.420783
ECILC,2019-04-30,2.0938,685260000.0,1918727967.32426,376646299.985752
ECILC,2019-05-31,1.9442,685260000.0,1582950560.78911,307092408.793087
ECILC,2019-06-28,1.9779,685260000.0,1610360934.64851,316274887.564967
ECILC,2019-07-31,2.0452,685260000.0,1665181845.74604,327041714.504522
ECILC,2019-08-29,2.1967,685260000.0,1788528528.11337,351267002.921466
ECILC,2019-09-30,2.6259,685260000.0,2138011121.57822,419905384.277962
ECILC,2019-10-31,2.5249,685260000.0,2055780000.0,404577504.0
ECILC,2019-11-29,2.9121,685260000.0,2370999626.14059,467086926.349696
ECILC,2019-12-31,3.1225,685260000.0,2542314626.14059,500835981.349696
ECILC,2020-01-31,3.5181,685260000.0,2864386682.36732,564284176.426362
ECILC,2020-02-28,3.2151,685260000.0,2617693154.25396,515685551.38803
ECILC,2020-03-31,4.0146,685260000.0,3268690186.9297,643931966.825151
ECILC,2020-04-30,4.0885,685260000.0,3275542943.77327,645281959.923334
ECILC,2020-05-29,4.807,685260000.0,3851161121.57822,758678740.950909
ECILC,2020-06-30,5.2261,685260000.0,4186938691.49208,824826922.22394
ECILC,2020-07-30,5.3972,685260000.0,4323990560.78911,852258539.531534
ECILC,2020-08-31,5.0893,685260000.0,4077296869.29703,803635212.938445
ECILC,2020-09-30,5.9874,685260000.0,4796820000.0,945453222.0
ECILC,2020-10-30,5.6196,685260000.0,4502158317.63268,887375404.405401
ECILC,2020-11-30,6.1242,685260000.0,4906461495.43762,967063560.750755
ECILC,2020-12-31,6.3808,685260000.0,5112039626.14059,1007583010.31231
ECILC,2021-01-29,6.8427,685260000.0,5482080000.0,1078873344.0
ECILC,2021-02-26,6.1499,685260000.0,4927019439.21089,969637425.636703
ECILC,2021-03-31,5.5169,685260000.0,4419926869.29703,869841607.877656
ECILC,2021-04-30,5.6703,685260000.0,4385664065.35149,861344422.435033
ECILC,2021-05-31,5.44,685260000.0,4207496308.50792,826352274.990955
ECILC,2021-06-30,5.2007,685260000.0,4022476121.57822,789209815.053647
ECILC,2021-07-30,5.1919,685260000.0,4015623691.49208,787865368.270746
ECILC,2021-08-31,5.5197,685260000.0,4269169813.0703,830780445.62348
ECILC,2021-09-30,5.1742,685260000.0,4001918504.56238,778773340.987839
ECILC,2021-10-28,5.3248,685260000.0,4118412756.84357,801443122.481759
ECILC,2021-11-30,6.2285,685260000.0,4817377943.77327,937461747.858278
ECILC,2021-12-31,6.636,685260000.0,5132597243.15643,978786294.269931
ECILC,2022-01-31,7.8587,685260000.0,6078256121.57822,1155476488.71202
ECILC,2022-02-28,6.5474,685260000.0,5064071308.50792,962679955.747356
ECILC,2022-03-31,8.4434,685260000.0,6530527617.01584,1231657508.569187
ECILC,2022-04-29,9.0105,685260000.0,6969094252.28119,1307402081.727951
ECILC,2022-05-31,8.7906,685260000.0,6592201121.57822,1236696930.408074
ECILC,2022-06-30,9.1378,685260000.0,6852600000.0,1285547760.0
ECILC,2022-07-29,12.93,685260000.0,9696428738.59406,1819050031.360246
ECILC,2022-08-31,12.6558,685260000.0,9490851261.40594,1780483696.639754
ECILC,2022-09-30,13.661,685260000.0,10244636869.29703,1921893876.680123
ECILC,2022-10-31,18.2116,685260000.0,13657232009.12476,2562096724.911805
ECILC,2022-11-30,25.0741,685260000.0,18803534765.96832,3527543122.095657
ECILC,2022-12-30,29.442,685260000.0,22079078036.49902,4142035039.647216
ECILC,2023-01-31,23.0272,685260000.0,17268552522.81189,3239580453.279511
ECILC,2023-02-28,25.4031,685260000.0,19050227477.18811,3571917651.972771
ECILC,2023-03-31,25.1107,685260000.0,18830944486.31287,3511971146.69735
ECILC,2023-04-28,27.3873,685260000.0,20297401775.09308,3785465431.054859
ECILC,2023-05-31,25.5936,685260000.0,18967997009.12476,3537531442.201768
ECILC,2023-06-27,35.1357,685260000.0,26039880000.0,4856437620.0
ECILC,2023-07-31,39.389,685260000.0,29192074954.37622,5444321978.991165
ECILC,2023-08-31,46.4161,685260000.0,34400052522.81189,6415609795.504417
ECILC,2023-09-29,51.2241,685260000.0,37963405045.62378,7110545765.045334
ECILC,2023-10-31,40.5725,685260000.0,30069209531.93665,5631962945.331735
ECILC,2023-11-30,44.5483,685260000.0,33015827009.12476,6187165981.50998
ECILC,2023-12-29,40.6464,685260000.0,30124028972.62573,5645243029.470062
ECILC,2024-01-31,43.5867,685260000.0,32303155981.75049,6053611430.980042
ECILC,2024-02-29,49.6523,685260000.0,36798462522.81189,6896031876.774948
ECILC,2024-03-29,46.2312,685260000.0,34263000000.0,6420886200.0
ECILC,2024-04-30,48.0804,685260000.0,35633520000.0,6677721648.0
ECILC,2024-05-31,48.8201,685260000.0,36181727477.18811,6780455729.225052
ECILC,2024-06-28,48.5311,685260000.0,35188099954.37622,6594249931.450104
ECILC,2024-07-31,51.2247,685260000.0,37141092522.81189,6960240738.774948
ECILC,2024-08-29,46.6882,685260000.0,33851845045.62378,6343835761.549896
ECILC,2024-09-30,45.2138,685260000.0,32782838504.56238,6143503935.75499
ECILC,2024-10-31,37.5585,685260000.0,27232233550.18616,5103320567.304886
ECILC,2024-11-29,45.0059,685260000.0,32632080468.06335,6115251879.715072
ECILC,2024-12-31,44.987,685260000.0,32618374954.37622,6112683466.450104
ECILC,2025-01-31,42.3407,685260000.0,30699647477.18811,5753113937.225052
ECILC,2025-02-28,41.509,685260000.0,30096617945.25146,5640106202.940124
ECILC,2025-03-28,41.4712,685260000.0,30069209531.93665,5634969866.284928
ECILC,2025-04-30,41.3956,685260000.0,30014387477.18811,5624696213.225052
ECILC,2025-05-30,45.1586,685260000.0,31590484954.37622,5920056880.450104
ECILC,2025-06-30,42.788,685260000.0,29932157009.12476,5609286223.50998
ECILC,2025-07-31,48.7242,685260000.0,34084833550.18616,6387497807.304886
ECILC,2025-08-29,62.4971,685260000.0,43719587477.18811,8193050693.225052
ECILC,2025-09-30,81.8927,685260000.0,57287734954.37622,10735721530.450104
ECILC,2025-10-31,88.7008,685260000.0,62050295091.24756,11628225300.099792
ECILC,2025-11-28,90.611,685260000.0,63386550000.0,11878639470.0
ECILC,2025-12-31,80.1295,685260000.0,56054270091.24756,10504570215.099792
ECILC,2026-01-30,115.9821,685260000.0,81134785045.62378,15204658717.549896
ECILC,2026-02-27,112.6515,685260000.0,78804900000.0,14760157770.0
ECILC,2026-03-31,102.6598,685260000.0,71815250091.24756,13450996342.090668
ECILC,2026-04-30,83.705,685260000.0,58555464908.75244,12893913372.907288
ECILC,2026-05-26,88.9,685260000.0,60919615045.62378,13414499233.046356
ECILC,2026-06-30,74.9,685260000.0,51325975045.62378,11301979705.046356
ECILC,2026-07-21,72.55,685260000.0,49715615091.24756,10947378443.092712
EFOR,2024-07-31,4.1554,363000000.0,9060479667.66357,
EFOR,2024-08-29,4.8513,363000000.0,10577819778.44238,
EFOR,2024-09-30,5.2775,363000000.0,11507100276.94702,
EFOR,2024-10-31,6.4562,363000000.0,14077139556.88477,
EFOR,2024-11-29,6.9223,363000000.0,15093540664.67285,
EFOR,2024-12-31,9.7476,363000000.0,21253649723.05298,
EFOR,2025-01-31,10.4884,363000000.0,22869000000.0,
EFOR,2025-02-28,11.0961,363000000.0,24193950553.89404,
EFOR,2025-03-28,13.0855,363000000.0,28531799446.10596,
EFOR,2025-04-30,14.5256,363000000.0,31671750000.0,
EFOR,2025-05-30,17.1144,363000000.0,37316401107.78809,
EFOR,2025-06-30,19.595,363000000.0,42725098892.21191,
EFOR,2025-07-31,23.5739,363000000.0,51400802215.57617,
EFOR,2025-08-29,21.5,363000000.0,46827000000.0,
EFOR,2025-09-30,22.0167,363000000.0,47952302215.57617,
EFOR,2025-10-31,23.6333,363000000.0,51473401107.78809,
EFOR,2025-11-28,22.4,2178000000.0,48787199169.15894,12094346674.0345
EFOR,2025-12-31,24.2,2178000000.0,52707601661.68213,13066214451.931
EFOR,2026-01-30,22.78,2178000000.0,49614841495.51392,12299519206.737902
EFOR,2026-02-27,21.46,2178000000.0,46739878005.98145,11586815757.6828
EFOR,2026-03-31,9.65,2178000000.0,21017699169.15894,6471349574.184038
EFOR,2026-04-30,11.55,2178000000.0,25155900415.42053,7745501737.907981
EFOR,2026-05-26,11.33,2178000000.0,24676739833.83179,7597968194.836808
EFOR,2026-06-30,14.59,2178000000.0,31777020332.33643,9571238524.099733
EFOR,2026-07-21,19.15,2178000000.0,41708699169.15894,12562660189.750673
EKGYO,2016-07-29,2.0739,3800000000.0,10146000289.91699,5174460147.857665
EKGYO,2016-08-31,2.2603,3800000000.0,11058000326.15662,5639580166.339876
EKGYO,2016-09-30,2.3613,3800000000.0,11551999855.0415,5891519926.071165
EKGYO,2016-10-31,2.4545,3800000000.0,12008000326.15662,6124080166.339876
EKGYO,2016-11-30,2.2448,3800000000.0,10982000398.63586,5600820203.304289
EKGYO,2016-12-30,2.3225,3800000000.0,11362000036.23962,5794620018.482206
EKGYO,2017-01-31,2.3846,3800000000.0,11665999746.32263,5949659870.624541
EKGYO,2017-02-28,2.4312,3800000000.0,11894000434.87549,6065940221.7865
EKGYO,2017-03-31,2.2525,3800000000.0,11020000362.39624,5620200184.822082
EKGYO,2017-04-28,2.2914,3800000000.0,11210000181.19812,5717100092.411041
EKGYO,2017-05-31,2.3691,3800000000.0,11589999818.80188,5910899907.588959
EKGYO,2017-06-30,2.2836,3800000000.0,11172000217.43774,5697720110.893247
EKGYO,2017-07-31,2.47,3800000000.0,12084000253.67737,6162840129.375459
EKGYO,2017-08-31,2.2836,3800000000.0,11172000217.43774,5697720110.893247
EKGYO,2017-09-29,2.0817,3800000000.0,10184000253.67737,5193840129.375459
EKGYO,2017-10-31,2.0506,3800000000.0,10032000398.63586,5116320203.304289
EKGYO,2017-11-30,1.9108,3800000000.0,9348000144.9585,4767480073.928835
EKGYO,2017-12-29,2.1826,3800000000.0,10677999782.56226,5445779889.106753
EKGYO,2018-01-31,2.0584,3800000000.0,10070000362.39624,5135700184.822082
EKGYO,2018-02-28,2.0506,3800000000.0,10032000398.63586,5116320203.304289
EKGYO,2018-03-30,1.9652,3800000000.0,9613999891.28113,4903139944.553376
EKGYO,2018-04-30,1.8875,3800000000.0,9234000253.67737,4709340129.375459
EKGYO,2018-05-31,1.7395,3800000000.0,7865999746.32263,4011659870.624541
EKGYO,2018-06-29,1.7058,3800000000.0,7713999891.28113,3934139944.553376
EKGYO,2018-07-31,1.479,3800000000.0,6687999963.76038,3383459181.666376
EKGYO,2018-08-31,1.5462,3800000000.0,6992000126.83868,3537252864.167688
EKGYO,2018-09-28,1.5042,3800000000.0,6801999855.0415,3439771326.694487
EKGYO,2018-10-31,1.4033,3800000000.0,6345999836.92169,3208537517.547606
EKGYO,2018-11-30,1.3613,3800000000.0,6156000018.11981,3114320409.166812
EKGYO,2018-12-31,1.2605,3800000000.0,5700000000.0,2883630000.0
EKGYO,2019-01-31,1.3277,3800000000.0,6004000163.07831,3041026082.599164
EKGYO,2019-02-28,1.2857,3800000000.0,5813999891.28113,2945372344.92302
EKGYO,2019-03-29,1.2857,3800000000.0,5813999891.28113,2944209544.944764
EKGYO,2019-04-30,1.2689,3800000000.0,5737999963.76038,2906296981.644632
EKGYO,2019-05-31,0.9865,3800000000.0,4331999945.64056,2194591172.461508
EKGYO,2019-06-28,0.9778,3800000000.0,4293999981.88019,2170616990.840436
EKGYO,2019-07-31,1.0557,3800000000.0,4636000108.71887,2343034454.946517
EKGYO,2019-08-29,1.0211,3800000000.0,4483999800.68207,2266213499.264718
EKGYO,2019-09-30,1.2028,3800000000.0,5281999945.64056,2669522772.526739
EKGYO,2019-10-31,1.047,3800000000.0,4598000144.9585,2324748873.291018
EKGYO,2019-11-29,1.2634,3800000000.0,5548000144.9585,2804514073.276522
EKGYO,2019-12-31,1.2634,3800000000.0,5548000144.9585,2810616873.435976
EKGYO,2020-01-31,1.4451,3800000000.0,6345999836.92169,3214883517.384528
EKGYO,2020-02-28,1.2028,3800000000.0,5281999945.64056,2675861172.461508
EKGYO,2020-03-31,1.0124,3800000000.0,4445999836.92169,2252343517.384528
EKGYO,2020-04-30,1.0816,3800000000.0,4750000000.0,2406350000.0
EKGYO,2020-05-29,1.272,3800000000.0,5586000108.71887,2829867655.07698
EKGYO,2020-06-30,1.7739,3800000000.0,7789999818.80188,3946413908.205032
EKGYO,2020-07-30,1.9548,3800000000.0,8512000036.23962,4310476818.351744
EKGYO,2020-08-31,1.5359,3800000000.0,6687999963.76038,3387471981.644632
EKGYO,2020-09-30,1.5097,3800000000.0,6574000072.47925,3329731036.71074
EKGYO,2020-10-30,1.501,3800000000.0,6536000108.71887,3311137655.07698
EKGYO,2020-11-30,1.885,3800000000.0,8208000326.15662,4157352165.198328
EKGYO,2020-12-31,1.8675,3800000000.0,8132000398.63586,4118858201.909063
EKGYO,2021-01-29,2.1031,3800000000.0,9158000326.15662,4639442965.230944
EKGYO,2021-02-26,1.9461,3800000000.0,8474000072.47925,4290386236.696244
EKGYO,2021-03-31,1.6668,3800000000.0,7257999873.16132,3676902735.743525
EKGYO,2021-04-30,1.5883,3800000000.0,6916000199.31793,3503645700.974463
EKGYO,2021-05-31,1.7221,3800000000.0,7410000181.19812,3753906091.794968
EKGYO,2021-06-30,1.6515,3800000000.0,7106000018.11981,3599189009.177684
EKGYO,2021-07-30,1.6073,3800000000.0,6916000199.31793,3502954100.954532
EKGYO,2021-08-31,1.625,3800000000.0,6992000126.83868,3541448064.243791
EKGYO,2021-09-30,1.5808,3800000000.0,6801999855.0415,3445212926.57852
EKGYO,2021-10-28,1.7398,3800000000.0,7486000108.71887,3791659055.066108
EKGYO,2021-11-30,1.9782,3800000000.0,8512000036.23962,4311328018.355368
EKGYO,2021-12-31,1.8899,3800000000.0,8132000398.63586,4118858201.909063
EKGYO,2022-01-31,2.1284,3800000000.0,9158000326.15662,4638527165.198328
EKGYO,2022-02-28,1.7575,3800000000.0,7562000036.23962,3830153018.355368
EKGYO,2022-03-31,2.0754,3800000000.0,8929999637.60376,4523044816.446304
EKGYO,2022-04-29,2.4351,3800000000.0,10108000326.15662,5119702165.198328
EKGYO,2022-05-31,2.6274,3800000000.0,10905999565.12451,5523888779.735564
EKGYO,2022-06-30,2.4168,3800000000.0,10032000398.63586,5081208201.909063
EKGYO,2022-07-29,2.8288,3800000000.0,11741999673.84338,5947322834.801672
EKGYO,2022-08-31,3.671,3800000000.0,15238000869.75098,7718047440.528871
EKGYO,2022-09-30,3.5428,3800000000.0,14705999565.12451,7448588779.735564
EKGYO,2022-10-31,4.0372,3800000000.0,16757999420.16602,8489602506.256106
EKGYO,2022-11-30,6.3075,3800000000.0,26181999492.64526,13263800942.974089
EKGYO,2022-12-30,7.9919,3800000000.0,33173998260.49805,16805947518.768312
EKGYO,2023-01-31,7.1863,3800000000.0,29829999637.60376,15111877816.410065
EKGYO,2023-02-28,7.6807,3800000000.0,31882001304.62646,15998388254.661558
EKGYO,2023-03-31,5.6667,3800000000.0,23522000217.43774,11372887105.131147
EKGYO,2023-04-28,5.6886,3800000000.0,22838000869.75098,11042173420.5246
EKGYO,2023-05-31,6.7298,3800000000.0,27018000507.35474,13063203245.306017
EKGYO,2023-06-27,7.0043,3800000000.0,28120000362.39624,13581960175.037384
EKGYO,2023-07-31,8.2253,3800000000.0,33021998405.45654,15949625229.835508
EKGYO,2023-08-31,8.1307,3800000000.0,32642000579.83398,15785671480.407713
EKGYO,2023-09-29,7.6479,3800000000.0,30703999710.08301,14845383859.825134
EKGYO,2023-10-31,6.2092,3800000000.0,24927999782.56226,12052687894.868853
EKGYO,2023-11-30,6.9759,3800000000.0,28005999565.12451,13540900789.737701
EKGYO,2023-12-29,6.5121,3800000000.0,26144000434.87549,12640624210.262299
EKGYO,2024-01-31,9.5126,3800000000.0,38190000724.79248,18464865350.437164
EKGYO,2024-02-29,10.5065,3800000000.0,42180001449.58496,20394030700.87433
EKGYO,2024-03-29,9.4369,3800000000.0,37886001014.70947,18321670090.7135
EKGYO,2024-04-30,9.2192,3800000000.0,37011999130.24902,17899002779.388428
EKGYO,2024-05-31,8.3768,3800000000.0,33630001449.58496,16263468701.019287
EKGYO,2024-06-28,9.1908,3800000000.0,36898000144.9585,17843872870.101933
EKGYO,2024-07-31,10.9797,3800000000.0,44080001449.58496,21317088701.019287
EKGYO,2024-08-29,11.0555,3800000000.0,44384001159.66797,21464102960.81543
EKGYO,2024-09-30,11.3773,3800000000.0,45676001739.50195,22088914441.223145
EKGYO,2024-10-31,9.5315,3800000000.0,38265998840.33203,18493957239.53247
EKGYO,2024-11-29,11.983,3800000000.0,48107999420.16602,23250596119.766235
EKGYO,2024-12-31,12.8917,3800000000.0,51755999565.12451,25024025789.7377
EKGYO,2025-01-31,14.4535,3800000000.0,58026001739.50195,28049769240.875244
EKGYO,2025-02-28,13.63,3800000000.0,54719998550.41504,26451647299.27063
EKGYO,2025-03-28,12.2386,3800000000.0,49134001159.66797,23751376160.583496
EKGYO,2025-04-30,10.904,3800000000.0,43776001739.50195,21161319240.875244
EKGYO,2025-05-30,13.2325,3800000000.0,53123998260.49805,25685453158.950806
EKGYO,2025-06-30,17.4986,3800000000.0,68400000000.0,33057720000.0
EKGYO,2025-07-31,19.2971,3800000000.0,75430001449.58496,36470405700.87433
EKGYO,2025-08-29,20.1234,3800000000.0,78660002899.16992,38032111401.74866
EKGYO,2025-09-30,19.3165,3800000000.0,75506003189.08691,36507152541.92352
EKGYO,2025-10-31,19.6568,3800000000.0,76835997390.74707,37150204738.42621
EKGYO,2025-11-28,20.5317,3800000000.0,80256003189.08691,38803777541.92352
EKGYO,2025-12-31,19.8706,3800000000.0,77672002029.41895,37554412981.22406
EKGYO,2026-01-30,24.7897,3800000000.0,96900000000.0,46851150000.0
EKGYO,2026-02-27,23.0398,3800000000.0,90060002899.16992,43544011401.74866
EKGYO,2026-03-31,18.6749,3800000000.0,72997996520.9961,35287231518.24951
EKGYO,2026-04-30,20.0067,3800000000.0,78203999710.08301,37803813459.854126
EKGYO,2026-05-26,18.568,3800000000.0,72580001449.58496,35092430700.87433
EKGYO,2026-06-30,20.68,3800000000.0,78584001159.66797,37987506160.583496
EKGYO,2026-07-21,19.8,3800000000.0,75239997100.83008,36355966599.12109
ENERY,2023-08-31,2.5202,145000000.0,22750499114.99023,6119884261.932372
ENERY,2023-09-29,2.5138,145000000.0,22692500000.0,6099744000.0
ENERY,2023-10-31,2.0978,145000000.0,18937000885.00977,5090265837.890626
ENERY,2023-11-30,2.2488,145000000.0,20300000000.0,5456640000.0
ENERY,2023-12-29,1.8022,145000000.0,16268999557.49512,4373107081.054688
ENERY,2024-01-31,2.3002,145000000.0,20763999557.49512,5581363081.054688
ENERY,2024-02-29,2.3773,145000000.0,21460000000.0,5768448000.0
ENERY,2024-03-29,2.6664,145000000.0,24070000000.0,6270235000.0
ENERY,2024-04-30,2.6343,145000000.0,23780000000.0,6075790000.0
ENERY,2024-05-31,2.8479,145000000.0,25708500442.50488,6565951013.015746
ENERY,2024-06-28,3.1371,145000000.0,28318500442.50488,7235376863.059997
ENERY,2024-07-31,3.014,145000000.0,27158500442.50488,6938996863.059997
ENERY,2024-08-29,3.2553,145000000.0,29333500442.50488,7494709363.059997
ENERY,2024-09-30,3.3953,145000000.0,30595000000.0,7817022500.0
ENERY,2024-10-31,3.8298,145000000.0,34510000000.0,8813854000.0
ENERY,2024-11-29,4.393,145000000.0,39585000000.0,10110009000.0
ENERY,2024-12-31,4.1315,145000000.0,37228750000.0,8514215125.0
ENERY,2025-01-31,3.6544,145000000.0,32929500885.00977,7550734552.93274
ENERY,2025-02-28,3.5836,145000000.0,32291499557.49512,7394753398.666382
ENERY,2025-03-28,3.286,9000000000.0,29609999656.67725,6759962921.619416
ENERY,2025-04-30,4.0451,9000000000.0,36450001716.61377,8190315385.723114
ENERY,2025-05-30,4.8741,9000000000.0,43920001029.96826,9684360227.108002
ENERY,2025-06-30,6.7818,9000000000.0,61109999656.67725,14880284916.40091
ENERY,2025-07-31,8.5497,9000000000.0,77040003776.5503,18728424918.079376
ENERY,2025-08-29,11.02,9000000000.0,99180004119.87305,24110659001.541138
ENERY,2025-09-30,9.54,9000000000.0,85859999656.67725,20486195918.08319
ENERY,2025-10-31,9.77,9000000000.0,87930004119.87305,20777859973.526
ENERY,2025-11-28,10.03,9000000000.0,90269997596.74072,19308752485.94284
ENERY,2025-12-31,9.59,9000000000.0,86310001373.29102,18211410289.764404
ENERY,2026-01-30,9.92,9000000000.0,89280000686.64551,18677376143.64624
ENERY,2026-02-27,10.02,9000000000.0,90180004119.87305,18279486835.098267
ENERY,2026-03-31,8.9,9000000000.0,80099996566.77246,16212239305.114746
ENERY,2026-04-30,8.9,9000000000.0,80099996566.77246,16380449297.904968
ENERY,2026-05-26,8.81,9000000000.0,79290003776.5503,17871966851.234436
ENERY,2026-06-30,10.75,9000000000.0,96750000000.0,19582200000.0
ENERY,2026-07-21,9.46,9000000000.0,85140000343.32275,17291934069.72885
ENJSA,2018-02-28,3.9297,1181068967.12,8255671809.84357,1651134361.968714
ENJSA,2018-03-30,3.9915,1181068967.12,8385589553.91648,1677117910.783296
ENJSA,2018-04-30,3.9485,1181068967.12,7948594171.2447,1589718834.24894
ENJSA,2018-05-31,3.8663,1181068967.12,7783244673.53762,1556648934.707524
ENJSA,2018-06-29,3.6375,1181068967.12,7322627370.87297,1464525474.174594
ENJSA,2018-07-31,3.5437,1181068967.12,7133656516.35059,1426017937.618483
ENJSA,2018-08-31,3.045,1181068967.12,6129748006.93411,1225336626.586129
ENJSA,2018-09-28,3.1036,1181068967.12,6247854791.01059,1248321387.243916
ENJSA,2018-10-31,2.8279,1181068967.12,5692752624.26232,1137981249.590038
ENJSA,2018-11-30,2.9218,1181068967.12,5881723478.7847,1175756523.409062
ENJSA,2018-12-31,2.9922,1181068967.12,6023451619.67649,1204087978.77333
ENJSA,2019-01-31,3.2855,1181068967.12,6613986103.23649,1322135822.036974
ENJSA,2019-02-28,3.3207,1181068967.12,6684850173.68238,1336301549.719108
ENJSA,2019-03-29,3.0274,1181068967.12,6094315690.12238,1218253706.455464
ENJSA,2019-04-30,3.4189,1181068967.12,6354151178.26822,1270194820.535817
ENJSA,2019-05-31,3.3999,1181068967.12,6318718861.45649,1263111900.405152
ENJSA,2019-06-28,3.5015,1181068967.12,6507690279.15643,1300887286.80337
ENJSA,2019-07-31,3.8511,1181068967.12,7157277873.16589,1430739846.845861
ENJSA,2019-08-29,3.743,1181068967.12,6956496058.64708,1390603562.123551
ENJSA,2019-09-30,3.9527,1181068967.12,7346248727.68827,1468515120.664885
ENJSA,2019-10-31,3.9337,1181068967.12,7310816974.05411,1461432313.113417
ENJSA,2019-11-29,4.4993,1181068967.12,8361968197.10119,1671557442.600528
ENJSA,2019-12-31,4.6963,1181068967.12,8728099509.32708,1744747091.914483
ENJSA,2020-01-31,5.1538,1181068967.12,9578468917.85535,1914735936.679284
ENJSA,2020-02-28,4.9505,1181068967.12,9200527208.81059,1839185389.041237
ENJSA,2020-03-31,4.3086,1181068967.12,8007647844.87173,1600728804.189859
ENJSA,2020-04-30,5.3683,1181068967.12,9094230821.55297,1817936741.228439
ENJSA,2020-05-29,5.6612,1181068967.12,9590279877.85178,1917096947.582571
ENJSA,2020-06-30,5.9958,1181068967.12,10157193567.77406,2030422994.198035
ENJSA,2020-07-30,5.7797,1181068967.12,9791061692.37059,1957233232.304881
ENJSA,2020-08-31,5.689,1181068967.12,9637522591.48238,1926540766.037328
ENJSA,2020-09-30,6.2189,1181068967.12,10535135276.81881,2105973541.83608
ENJSA,2020-10-30,6.2677,1181068967.12,10617809744.08356,2122500167.842304
ENJSA,2020-11-30,7.5296,1181068967.12,12755545070.16703,2549833459.526389
ENJSA,2020-12-31,8.7218,1181068967.12,14775173048.99643,2953557092.494386
ENJSA,2021-01-29,8.2408,1181068967.12,13960234830.92475,2790650942.701858
ENJSA,2021-02-26,7.941,1181068967.12,13452375940.98465,2689129950.602832
ENJSA,2021-03-31,8.1571,1181068967.12,13818506690.03297,2762319487.337591
ENJSA,2021-04-30,7.7911,1181068967.12,12165010586.60703,2431785616.262745
ENJSA,2021-05-31,8.0634,1181068967.12,12590195009.28238,2516779982.355548
ENJSA,2021-06-30,7.8289,1181068967.12,12224064260.23405,2443590445.620787
ENJSA,2021-07-30,7.7155,1181068967.12,12046903239.35297,2408175957.546659
ENJSA,2021-08-31,8.3962,1181068967.12,13109865985.57405,2620662210.516253
ENJSA,2021-09-30,7.8819,1181068967.12,12306738727.49881,2460117071.627012
ENJSA,2021-10-28,8.8955,1181068967.12,13889371323.65643,2776485327.59892
ENJSA,2021-11-30,9.9393,1181068967.12,15519246633.44465,3102297402.025586
ENJSA,2021-12-31,9.7427,1181068967.12,15212168431.66821,3042433686.333642
ENJSA,2022-01-31,11.1647,1181068967.12,17432578225.01643,3486515645.003286
ENJSA,2022-02-28,10.015,1181068967.12,15637352854.34356,3127470570.868712
ENJSA,2022-03-31,12.2918,1181068967.12,19192370715.7,3838474143.14
ENJSA,2022-04-29,11.486,1181068967.12,16641261926.93762,3328252385.387524
ENJSA,2022-05-31,12.0648,1181068967.12,17479820938.64703,3495964187.729406
ENJSA,2022-06-30,11.0865,1181068967.12,16062538403.37405,3212507680.67481
ENJSA,2022-07-29,12.3093,1181068967.12,17834141854.05405,3566828370.81081
ENJSA,2022-08-31,13.9723,1181068967.12,20243521375.56951,4048704275.113902
ENJSA,2022-09-30,14.1435,1181068967.12,20491547030.07405,4098309406.01481
ENJSA,2022-10-31,16.7113,1181068967.12,24211913825.96,4842382765.192
ENJSA,2022-11-30,23.4937,1181068967.12,34038407271.96475,6807681454.39295
ENJSA,2022-12-30,29.3956,1181068967.12,42589348576.2986,8517869715.25972
ENJSA,2023-01-31,26.8848,1181068967.12,38951653994.96713,7790330798.993426
ENJSA,2023-02-28,26.2001,1181068967.12,37959555882.36951,7588115220.885665
ENJSA,2023-03-31,22.3361,1181068967.12,32361289248.54594,6469021720.784333
ENJSA,2023-04-28,24.4198,1181068967.12,32880960224.83762,6572903948.94504
ENJSA,2023-05-31,27.1916,1181068967.12,36613137980.71999,7318966282.345926
ENJSA,2023-06-27,30.7001,1181068967.12,41337413849.2,8267482769.84
ENJSA,2023-07-31,44.5152,1181068967.12,59939250081.34,11987850016.268
ENJSA,2023-08-31,44.9538,1181068967.12,60529784564.89999,12099903934.523508
ENJSA,2023-09-29,45.3923,1181068967.12,61120319048.45999,12217951777.787151
ENJSA,2023-10-31,42.6644,1181068967.12,57447193839.8495,11483694048.585915
ENJSA,2023-11-30,41.7171,1181068967.12,56171641698.1786,11228711175.465902
ENJSA,2023-12-29,39.9453,1181068967.12,53785881843.94573,10751797780.604752
ENJSA,2024-01-31,48.8132,1181068967.12,65726489822.39622,13138725315.497004
ENJSA,2024-02-29,54.734,1181068967.12,73698705350.45622,14725001329.021152
ENJSA,2024-03-29,51.2254,1181068967.12,68974429481.97621,13781091010.498846
ENJSA,2024-04-30,59.6898,1181068967.12,80371746816.85243,16058275014.007116
ENJSA,2024-05-31,55.2904,1181068967.12,71395619963.4881,14264844868.704922
ENJSA,2024-06-28,62.0588,1181068967.12,80135527616.92377,16011078417.861368
ENJSA,2024-07-31,61.7844,1181068967.12,79781212333.29243,15940286224.191828
ENJSA,2024-08-29,55.016,1181068967.12,71041300174.43622,14186947644.834913
ENJSA,2024-09-30,54.1928,1181068967.12,69978336301.86,13967675925.851255
ENJSA,2024-10-31,50.5342,1181068967.12,65254060433.38,13031235868.545986
ENJSA,2024-11-29,57.1654,1181068967.12,73816810445.0,14741217045.8665
ENJSA,2024-12-31,53.8727,1181068967.12,69564963965.53622,13899079800.314137
ENJSA,2025-01-31,56.0678,1181068967.12,72399526783.37189,14465425451.317703
ENJSA,2025-02-28,53.0952,1181068967.12,68561052640.23188,13691642212.254307
ENJSA,2025-03-28,52.3178,1181068967.12,67557145820.34811,13491162020.323519
ENJSA,2025-04-30,51.9423,1181068967.12,63954886371.71622,12771790808.431728
ENJSA,2025-05-30,51.1749,1181068967.12,63010027593.68377,12583102510.458649
ENJSA,2025-06-30,56.1149,1181068967.12,69092534576.51999,13797779154.931042
ENJSA,2025-07-31,62.1101,1181068967.12,76474215621.01999,15271900859.517693
ENJSA,2025-08-29,75.7791,1181068967.12,93304448402.48,18632898345.975258
ENJSA,2025-09-30,76.3067,1181068967.12,93954039938.73244,18762621775.76487
ENJSA,2025-10-31,79.1364,1181068967.12,97438189787.4,19477894138.50126
ENJSA,2025-11-28,76.8822,1181068967.12,94662679516.83621,18923069635.415558
ENJSA,2025-12-31,86.6664,1181068967.12,106709579377.12376,21331244917.48704
ENJSA,2026-01-30,100.4313,1181068967.12,123657917253.12753,24719217658.900192
ENJSA,2026-02-27,103.0213,1181068967.12,126846808870.85622,25356677093.284157
ENJSA,2026-03-31,109.8318,1181068967.12,135232396735.23999,27032956107.374474
ENJSA,2026-04-30,122.8,1181068967.12,145035272766.67242,28978047498.78115
ENJSA,2026-05-26,109.8,1181068967.12,129681376194.11244,25923307101.203075
ENJSA,2026-06-30,102.4,1181068967.12,120941464035.25621,24176198660.647717
ENJSA,2026-07-21,106.9,1181068967.12,126256274387.29622,25226003622.581783
ENKAI,2016-07-29,2.0807,4200000000.0,18480000400.54321,2217600048.065185
ENKAI,2016-08-31,2.0665,4200000000.0,18353999519.34814,2202479942.321777
ENKAI,2016-09-30,2.0916,4200000000.0,18437999439.2395,2212559932.70874
ENKAI,2016-10-31,2.2488,4200000000.0,19823999118.80493,2378879894.256592
ENKAI,2016-11-30,2.225,4200000000.0,19614000320.43457,2353680038.452148
ENKAI,2016-12-30,2.5804,4200000000.0,22596000480.65186,2711520057.678223
ENKAI,2017-01-31,2.7531,4200000000.0,24107999038.69629,2892959884.643555
ENKAI,2017-02-28,2.7051,4200000000.0,23687999439.2395,2842559932.70874
ENKAI,2017-03-31,2.9257,4200000000.0,25619999599.45679,3074399951.934815
ENKAI,2017-04-28,2.9264,4600000000.0,25116000175.47607,3013920021.057128
ENKAI,2017-05-31,2.8728,4600000000.0,24656000614.16626,2958720073.699951
ENKAI,2017-06-30,2.8782,4600000000.0,24701999473.57178,2964239936.828614
ENKAI,2017-07-31,2.9586,4600000000.0,25391999912.26196,3047039989.471435
ENKAI,2017-08-31,2.8675,4600000000.0,24609999561.30981,2953199947.357177
ENKAI,2017-09-29,2.7954,4600000000.0,23827999210.35767,2859359905.24292
ENKAI,2017-10-31,3.103,4600000000.0,26450000000.0,3174000000.0
ENKAI,2017-11-30,3.0436,4600000000.0,25943999385.83374,3113279926.300049
ENKAI,2017-12-29,3.277,4600000000.0,27738000965.11841,3328560115.814209
ENKAI,2018-01-31,3.0705,4600000000.0,25990000438.69019,3118800052.642823
ENKAI,2018-02-28,2.9836,4600000000.0,25253998947.14355,3030479873.657226
ENKAI,2018-03-30,2.9944,4600000000.0,25346001052.85645,3041520126.342774
ENKAI,2018-04-30,2.7191,4600000000.0,22493999385.83374,2699279926.300049
ENKAI,2018-05-31,2.6956,5000000000.0,22300000190.73486,2676000022.888183
ENKAI,2018-06-29,2.8225,5000000000.0,23350000381.46973,2802000045.776368
ENKAI,2018-07-31,2.9495,5000000000.0,24400000572.20459,2869440067.29126
ENKAI,2018-08-31,3.1005,5000000000.0,25650000572.20459,3016440067.29126
ENKAI,2018-09-28,3.1489,5000000000.0,26050000190.73486,3053060022.354126
ENKAI,2018-10-31,2.8225,5000000000.0,23350000381.46973,2736620044.708252
ENKAI,2018-11-30,2.8346,5000000000.0,23450000286.10229,2743650033.473968
ENKAI,2018-12-31,2.7928,5000000000.0,22899999618.53027,2679299955.368042
ENKAI,2019-01-31,3.0123,5000000000.0,24700000286.10229,2899780033.588409
ENKAI,2019-02-28,3.0489,5000000000.0,25000000000.0,2935000000.0
ENKAI,2019-03-29,2.7989,5000000000.0,22950000762.93945,2694330089.569091
ENKAI,2019-04-30,3.3746,5000000000.0,26849999427.79541,3146819932.937622
ENKAI,2019-05-31,3.3306,5000000000.0,26500000953.67432,3095200111.389161
ENKAI,2019-06-28,3.4374,5000000000.0,27349998950.95825,3194479877.471924
ENKAI,2019-07-31,3.8333,5000000000.0,30499999523.16284,3562399944.30542
ENKAI,2019-08-29,3.6448,5000000000.0,29000000953.67432,3430700112.819672
ENKAI,2019-09-30,3.4655,5000000000.0,27573931217.1936,3261996062.994003
ENKAI,2019-10-31,3.5391,5000000000.0,28159573078.15552,3331277495.145798
ENKAI,2019-11-29,3.7113,5000000000.0,28800001144.40918,3407040135.383606
ENKAI,2019-12-31,4.1365,5000000000.0,32100000381.46973,3797430045.127869
ENKAI,2020-01-31,4.5424,5000000000.0,35250000953.67432,4170075112.819672
ENKAI,2020-02-28,4.1429,5000000000.0,32149999141.69312,3803344898.462296
ENKAI,2020-03-31,4.0076,5000000000.0,31099998950.95825,3679129875.898361
ENKAI,2020-04-30,4.003,5000000000.0,30250000953.67432,3578575112.819672
ENKAI,2020-05-29,4.0684,5600000000.0,30743998718.26172,3630866248.626709
ENKAI,2020-06-30,4.5649,5600000000.0,34495999145.50781,3270220718.99414
ENKAI,2020-07-30,4.8094,5600000000.0,36343998718.26172,3445411078.491211
ENKAI,2020-08-31,4.7353,5600000000.0,35783999252.31934,3392323129.119873
ENKAI,2020-09-30,5.217,5600000000.0,39423999786.37695,3674316780.090332
ENKAI,2020-10-30,5.343,5600000000.0,40376000213.62305,3710554419.631958
ENKAI,2020-11-30,5.2614,5600000000.0,39759999465.94238,3626111951.293945
ENKAI,2020-12-31,5.4615,5600000000.0,41271999359.13086,3718607142.25769
ENKAI,2021-01-29,5.7654,5600000000.0,43568001174.92676,3916763305.625916
ENKAI,2021-02-26,5.2392,5600000000.0,39592000961.30371,3559320886.421204
ENKAI,2021-03-31,5.8691,5600000000.0,44352000427.24609,3987244838.409423
ENKAI,2021-04-30,6.0884,5600000000.0,43959999465.94238,3952003951.98822
ENKAI,2021-05-31,6.6933,5600000000.0,48328000640.86914,4339854457.550049
ENKAI,2021-06-30,7.2362,5600000000.0,52247999572.75391,4670971161.8042
ENKAI,2021-07-30,7.1819,5600000000.0,51856001281.73828,4635926514.587402
ENKAI,2021-08-31,8.5082,5600000000.0,61432001495.36133,5461304932.937622
ENKAI,2021-09-30,8.0584,5600000000.0,58184001922.60742,5172557770.9198
ENKAI,2021-10-28,8.5315,5600000000.0,61600000000.0,5451600000.0
ENKAI,2021-11-30,12.0371,5600000000.0,86912002563.47656,7691712226.867676
ENKAI,2021-12-31,11.6803,5600000000.0,84336002349.85352,7413134606.552124
ENKAI,2022-01-31,12.303,5600000000.0,87695999145.50781,7699708724.975586
ENKAI,2022-02-28,9.624,5600000000.0,68600000000.0,6023080000.0
ENKAI,2022-03-31,12.633,5600000000.0,90047999572.7539,7852185562.744141
ENKAI,2022-04-29,12.8631,5600000000.0,88871999359.13086,7731863944.244385
ENKAI,2022-05-31,12.7496,5600000000.0,88087997436.52344,7663655776.977539
ENKAI,2022-06-30,14.9716,6000000000.0,103439998626.70898,8999279880.523682
ENKAI,2022-07-29,16.2568,6000000000.0,112319995880.12695,9771839641.571045
ENKAI,2022-08-31,16.0571,6000000000.0,110939998626.70898,9651779880.523682
ENKAI,2022-09-30,14.685,6000000000.0,101459999084.47266,8827019920.349121
ENKAI,2022-10-31,16.2742,6000000000.0,112439998626.70898,9782279880.523682
ENKAI,2022-11-30,22.2837,6000000000.0,153959999084.47266,13409915920.257568
ENKAI,2022-12-30,28.7795,6000000000.0,198839996337.89062,17537687677.001953
ENKAI,2023-01-31,25.7748,6000000000.0,178080001831.0547,15760080162.04834
ENKAI,2023-02-28,28.4148,6000000000.0,196320007324.21875,17374320648.19336
ENKAI,2023-03-31,25.4447,6000000000.0,175799995422.36328,15628619593.048096
ENKAI,2023-04-28,24.0151,6000000000.0,164040000915.52734,14583156081.39038
ENKAI,2023-05-31,22.7151,6000000000.0,155160003662.10938,13793724325.561523
ENKAI,2023-06-27,25.7368,6000000000.0,175799995422.36328,15628619593.048096
ENKAI,2023-07-31,29.5314,6000000000.0,201719993591.3086,17932907430.267334
ENKAI,2023-08-31,28.8111,6000000000.0,196799995422.36328,17495519593.048096
ENKAI,2023-09-29,30.5855,6000000000.0,208919998168.9453,18572987837.21924
ENKAI,2023-10-31,26.7206,6000000000.0,182520000457.76367,16226028040.69519
ENKAI,2023-11-30,30.8841,6000000000.0,210959999084.47266,18522287919.6167
ENKAI,2023-12-29,29.8652,6000000000.0,204000000000.0,17646000000.0
ENKAI,2024-01-31,33.2158,6000000000.0,223559989929.19922,19159091136.932373
ENKAI,2024-02-29,33.6972,6000000000.0,226799995422.36328,19436759607.696533
ENKAI,2024-03-29,31.0228,6000000000.0,208799995422.36328,17894159607.696533
ENKAI,2024-04-30,34.2321,6000000000.0,230400009155.27344,19514880775.45166
ENKAI,2024-05-31,38.3088,6000000000.0,249480010986.32812,21106008929.44336
ENKAI,2024-06-28,37.9218,6000000000.0,246959999084.47266,20868119922.63794
ENKAI,2024-07-31,42.9522,6000000000.0,279719993591.3086,23580395459.747314
ENKAI,2024-08-29,44.9607,6000000000.0,292799995422.3633,24683039614.105225
ENKAI,2024-09-30,41.7361,6000000000.0,271799995422.36328,22912739614.105225
ENKAI,2024-10-31,43.3761,6000000000.0,282480010986.3281,23728320922.851562
ENKAI,2024-11-29,48.3236,6000000000.0,314700004577.6367,26403330384.06372
ENKAI,2024-12-31,44.7765,6000000000.0,291599990844.72656,24465239231.87256
ENKAI,2025-01-31,44.8686,6000000000.0,292200004577.6367,24515580384.06372
ENKAI,2025-02-28,44.758,6000000000.0,291480010986.3281,24455172921.75293
ENKAI,2025-03-28,58.6424,6000000000.0,381900009155.27344,31888650764.465332
ENKAI,2025-04-30,60.867,6000000000.0,384000000000.0,32064000000.0
ENKAI,2025-05-30,57.3481,6000000000.0,361799995422.3633,30174119618.225098
ENKAI,2025-06-30,63.5133,6000000000.0,398699981689.4531,33012358483.88672
ENKAI,2025-07-31,66.5241,6000000000.0,417599990844.72656,34535519242.85889
ENKAI,2025-08-29,69.9172,6000000000.0,438900009155.27344,36297030757.14111
ENKAI,2025-09-30,67.2887,6000000000.0,422400009155.27344,34974720758.05664
ENKAI,2025-10-31,75.1674,6000000000.0,466199981689.4531,38554738485.71777
ENKAI,2025-11-28,76.812,6000000000.0,476400009155.27344,39398280757.14111
ENKAI,2025-12-31,76.2799,6000000000.0,473099990844.72656,39125369242.85889
ENKAI,2026-01-30,95.6452,6000000000.0,587099990844.7266,48553169242.85889
ENKAI,2026-02-27,99.4085,6000000000.0,610199981689.4531,50463538485.71777
ENKAI,2026-03-31,91.3444,6000000000.0,560699981689.4531,46313818487.54883
ENKAI,2026-04-30,104.6,6000000000.0,627599990844.7266,51839759243.774414
ENKAI,2026-05-26,100.5,6000000000.0,603000000000.0,49807800000.0
ENKAI,2026-06-30,90.5,6000000000.0,543000000000.0,44851800000.0
ENKAI,2026-07-21,91.2,6000000000.0,547199981689.4531,45089278491.21094
EREGL,2016-07-29,1.2097,3500000000.0,15889999866.4856,7627199935.913088
EREGL,2016-08-31,1.1858,3500000000.0,15574999332.42798,7475999679.56543
EREGL,2016-09-30,1.1005,3500000000.0,14455000400.54321,6938400192.260741
EREGL,2016-10-31,1.1191,3500000000.0,14699999332.42798,7055999679.56543
EREGL,2016-11-30,1.255,3500000000.0,16485000133.5144,7912800064.086912
EREGL,2016-12-30,1.3696,3500000000.0,17989999532.69958,8635199775.695799
EREGL,2017-01-31,1.5481,3500000000.0,20334999799.72839,9760799903.869627
EREGL,2017-02-28,1.5828,3500000000.0,20790000200.27161,9979200096.130373
EREGL,2017-03-31,1.5721,3500000000.0,20650000333.78601,9912000160.217285
EREGL,2017-04-28,1.8621,3500000000.0,22785000801.08643,10936800384.521486
EREGL,2017-05-31,1.8278,3500000000.0,22364999532.69958,10735199775.695799
EREGL,2017-06-30,2.0166,3500000000.0,24675000667.57202,11844000320.43457
EREGL,2017-07-31,2.2426,3500000000.0,27440000534.05762,13171200256.347658
EREGL,2017-08-31,2.3513,3500000000.0,28770000934.60083,13809600448.608398
EREGL,2017-09-29,2.2111,3500000000.0,27055000066.7572,12986400032.043455
EREGL,2017-10-31,2.5458,3500000000.0,31149998664.85596,14951999359.130861
EREGL,2017-11-30,2.4628,3500000000.0,30134998798.37036,14464799423.217773
EREGL,2017-12-29,2.8661,3500000000.0,35070001602.17285,16833600769.042969
EREGL,2018-01-31,2.8461,3500000000.0,34824999332.42798,16715999679.56543
EREGL,2018-02-28,3.2494,3500000000.0,39759998798.37036,19084799423.217773
EREGL,2018-03-30,2.9977,3500000000.0,36679998397.82715,17606399230.95703
EREGL,2018-04-30,2.9062,3500000000.0,35559999465.94238,17068799743.652342
EREGL,2018-05-31,3.4463,3500000000.0,39304998397.82715,18866399230.95703
EREGL,2018-06-29,3.1302,3500000000.0,35699999332.42798,17135999679.56543
EREGL,2018-07-31,3.388,3500000000.0,38639999866.4856,18377183936.50055
EREGL,2018-08-31,3.6335,3500000000.0,41440000534.05762,19708864253.997803
EREGL,2018-09-28,3.3849,3500000000.0,38604999065.39917,18360537555.503845
EREGL,2018-10-31,2.7803,3500000000.0,31710001468.65845,15081276698.49396
EREGL,2018-11-30,2.3292,3500000000.0,26565000534.05762,12634314253.997805
EREGL,2018-12-31,2.2157,3500000000.0,25269999265.67078,12020938650.67959
EREGL,2019-01-31,2.6054,3500000000.0,29714999198.91357,14135425118.923185
EREGL,2019-02-28,2.8601,3500000000.0,32619998931.88477,15517333491.897585
EREGL,2019-03-29,2.7987,3500000000.0,31919999599.45679,15187535809.421541
EREGL,2019-04-30,2.811,3500000000.0,32059999465.94238,15254147745.895384
EREGL,2019-05-31,2.6326,3500000000.0,25375000000.0,12073425000.0
EREGL,2019-06-28,2.8578,3500000000.0,27544999599.45679,13105910809.421541
EREGL,2019-07-31,2.698,3500000000.0,26004999399.18518,12373178714.132309
EREGL,2019-08-29,2.3276,3500000000.0,22434999465.94238,10674572745.895384
EREGL,2019-09-30,2.4874,3500000000.0,23974999666.21399,11407304841.184616
EREGL,2019-10-31,2.3748,3500000000.0,22889999866.4856,10891061936.473848
EREGL,2019-11-29,2.9122,3500000000.0,28070001602.17285,13355706762.313843
EREGL,2019-12-31,3.2826,3500000000.0,31639999866.4856,15054311936.473848
EREGL,2020-01-31,3.3879,3500000000.0,32654999732.97119,15537248872.947693
EREGL,2020-02-28,2.9957,3500000000.0,28875000000.0,13738725000.0
EREGL,2020-03-31,2.727,3500000000.0,26285000801.08643,12506403381.156923
EREGL,2020-04-30,2.9376,3500000000.0,28315000534.05762,13472277254.104616
EREGL,2020-05-29,2.9231,3500000000.0,28175000667.57202,13405665317.630768
EREGL,2020-06-30,3.1156,3500000000.0,30029999732.97119,14288273872.947693
EREGL,2020-07-30,2.8472,3500000000.0,26739999532.69958,12722891777.65846
EREGL,2020-08-31,3.2496,3500000000.0,30520000934.60083,14521416444.683075
EREGL,2020-09-30,3.5254,3500000000.0,33110000133.5144,15753738063.526152
EREGL,2020-10-30,3.5515,3500000000.0,33354999065.39917,15870308555.316925
EREGL,2020-11-30,4.0993,3500000000.0,38500000000.0,18318300000.0
EREGL,2020-12-31,5.5639,3500000000.0,52255001068.11523,24862929508.209225
EREGL,2021-01-29,5.3478,3500000000.0,50225001335.14404,23897055635.261536
EREGL,2021-02-26,5.4372,3500000000.0,51065000534.05762,24296727254.104614
EREGL,2021-03-31,6.4633,3500000000.0,53410000801.08643,25412478381.15692
EREGL,2021-04-30,8.0643,3500000000.0,66640003204.3457,31707313524.627686
EREGL,2021-05-31,8.1448,3500000000.0,67304998397.82715,32023718237.686157
EREGL,2021-06-30,7.6238,3500000000.0,63000000000.0,29975400000.0
EREGL,2021-07-30,8.4709,3500000000.0,70000000000.0,33306000000.0
EREGL,2021-08-31,7.9542,3500000000.0,65730002403.25928,31274335143.470764
EREGL,2021-09-30,7.052,3500000000.0,58274998664.85596,27727244364.738464
EREGL,2021-10-28,8.3396,3500000000.0,68915001869.20166,32789757889.36615
EREGL,2021-11-30,9.5467,3500000000.0,78890003204.3457,37535863524.627686
EREGL,2021-12-31,11.9271,3500000000.0,98559999465.94238,46894847745.895386
EREGL,2022-01-31,11.5543,3500000000.0,95480002403.25928,45429385143.470764
EREGL,2022-02-28,13.1638,3500000000.0,108779999732.97119,51757523872.94769
EREGL,2022-03-31,15.6608,3500000000.0,113539995193.48145,54022329713.05847
EREGL,2022-04-29,16.2014,3500000000.0,117460004806.51855,55899216287.42218
EREGL,2022-05-31,16.5104,3500000000.0,119700002670.28809,56965231270.7901
EREGL,2022-06-30,13.1021,3500000000.0,94989997863.76953,45205739983.36792
EREGL,2022-07-29,13.3338,3500000000.0,96670002937.3169,46005254397.86911
EREGL,2022-08-31,13.8938,3500000000.0,100730002403.25928,47937408143.71109
EREGL,2022-09-30,13.9904,3500000000.0,101429998397.82715,48270536237.52594
EREGL,2022-10-31,14.338,3500000000.0,103950002670.28809,49449016270.25604
EREGL,2022-11-30,20.5946,3500000000.0,149309999465.94238,71041697745.89539
EREGL,2022-12-30,19.9187,3500000000.0,144409994125.3662,68710275204.84924
EREGL,2023-01-31,18.3932,3500000000.0,133349994659.42383,63447927458.95386
EREGL,2023-02-28,21.2897,3500000000.0,154349994659.42383,73439727458.95386
EREGL,2023-03-31,17.0897,3500000000.0,123900005340.57617,58926842539.97803
EREGL,2023-04-28,15.9987,3500000000.0,115989997863.76953,55141644984.436035
EREGL,2023-05-31,15.9504,3500000000.0,115640003204.3457,54998385523.98682
EREGL,2023-06-27,17.727,3500000000.0,128520004272.46094,61111262031.555176
EREGL,2023-07-31,20.1311,3500000000.0,145950002670.2881,69399226269.72198
EREGL,2023-08-31,20.7684,3500000000.0,150570001602.17285,71626149762.15363
EREGL,2023-09-29,21.4925,3500000000.0,155820001602.17285,74123574762.15363
EREGL,2023-10-31,18.2773,3500000000.0,132510002136.23047,63035008016.204834
EREGL,2023-11-30,19.7739,3500000000.0,143359996795.6543,68139006476.97449
EREGL,2023-12-29,19.7932,3500000000.0,143500000000.0,68205550000.0
EREGL,2024-01-31,20.8263,3500000000.0,150989997863.76953,71765545984.64966
EREGL,2024-02-29,21.9753,3500000000.0,159320001602.17285,75740728761.67297
EREGL,2024-03-29,20.4304,3500000000.0,148119998931.88477,70416247492.21802
EREGL,2024-04-30,21.0423,3500000000.0,150710004806.51855,71647536285.01892
EREGL,2024-05-31,23.427,3500000000.0,167789995193.48145,79750584715.46173
EREGL,2024-06-28,26.0219,3500000000.0,186375000000.0,88584037500.0
EREGL,2024-07-31,27.3902,3500000000.0,196174997329.7119,93241976230.81207
EREGL,2024-08-29,23.6225,3500000000.0,169190000534.05762,80416007253.83759
EREGL,2024-09-30,26.1441,3500000000.0,187250000000.0,88999925000.0
EREGL,2024-10-31,23.2609,3500000000.0,166599994659.42383,79184977461.62415
EREGL,2024-11-29,25.196,7000000000.0,180460004806.51855,57476511530.87616
EREGL,2024-12-31,23.8473,7000000000.0,170799997329.7119,81164158731.0791
EREGL,2025-01-31,21.9317,7000000000.0,157080003738.40332,74660125776.8631
EREGL,2025-02-28,21.8144,7000000000.0,156239997863.76953,74213998985.29053
EREGL,2025-03-28,22.0099,7000000000.0,157640003204.3457,74879001522.06421
EREGL,2025-04-30,21.9903,7000000000.0,157500000000.0,74812500000.0
EREGL,2025-05-30,22.909,7000000000.0,164080003738.40332,77938001775.74158
EREGL,2025-06-30,26.0561,7000000000.0,186619998931.88477,88159287495.42236
EREGL,2025-07-31,26.3616,7000000000.0,187039995193.48145,88376397728.91998
EREGL,2025-08-29,29.4594,7000000000.0,209020004272.46094,98761952018.7378
EREGL,2025-09-30,29.0056,7000000000.0,205799997329.7119,97240498738.28888
EREGL,2025-10-31,27.1114,7000000000.0,192359996795.6543,90890098485.94666
EREGL,2025-11-28,23.5399,7000000000.0,167020004272.46094,78933654019.16504
EREGL,2025-12-31,23.5005,7000000000.0,166739997863.76953,78801322990.41748
EREGL,2026-01-30,27.802,7000000000.0,197260002136.23047,93225077009.58252
EREGL,2026-02-27,32.2219,7000000000.0,228619998931.88477,108045811495.20874
EREGL,2026-03-31,27.8414,7000000000.0,197539995193.48145,93436417726.51672
EREGL,2026-04-30,34.6489,7000000000.0,245839992523.19336,116306900462.72278
EREGL,2026-05-26,38.6544,7000000000.0,274260002136.23047,129752407010.65063
EREGL,2026-06-30,40.48,7000000000.0,283359996795.6543,132187438505.17273
EREGL,2026-07-21,42.3,7000000000.0,296099994659.4238,137952987511.82556
ESEN,2020-10-30,0.6382,64000000.0,1168640014.64844,432396805.419923
ESEN,2020-11-30,0.5941,64000000.0,1088000000.0,407891200.0
ESEN,2020-12-31,0.6651,64000000.0,1217920043.94531,456598224.475097
ESEN,2021-01-29,1.075,64000000.0,1968640014.64844,738043141.4917
ESEN,2021-02-26,1.2316,64000000.0,2255360107.42188,845308968.261721
ESEN,2021-03-31,1.3343,64000000.0,2443520019.53125,916075655.322266
ESEN,2021-04-30,1.048,64000000.0,1918719970.70313,719136245.019533
ESEN,2021-05-31,1.0067,64000000.0,1843199951.17188,690831341.699221
ESEN,2021-06-30,0.985,64000000.0,1803520019.53125,675778951.318359
ESEN,2021-07-30,1.0151,64000000.0,1858560058.59375,696402453.955078
ESEN,2021-08-31,1.2612,64000000.0,2309120117.1875,865458219.921875
ESEN,2021-09-30,1.085,64000000.0,1986560058.59375,744562709.960938
ESEN,2021-10-28,1.0074,64000000.0,1844479980.46875,691495544.677734
ESEN,2021-11-30,1.0542,64000000.0,1930239990.23438,723646972.338869
ESEN,2021-12-31,1.178,64000000.0,2156800048.82813,777095057.592775
ESEN,2022-01-31,1.171,64000000.0,2144000000.0,721241600.0
ESEN,2022-02-28,1.057,64000000.0,1935359985.35156,651055099.072265
ESEN,2022-03-31,1.0487,64000000.0,1920000000.0,645888000.0
ESEN,2022-04-29,1.2703,64000000.0,2325760009.76563,763081859.204103
ESEN,2022-05-31,1.1186,64000000.0,2048000000.0,671948800.0
ESEN,2022-06-30,1.1046,64000000.0,2022400024.41406,663549448.010253
ESEN,2022-07-29,1.2032,64000000.0,2202879882.8125,722764889.550781
ESEN,2022-08-31,1.4696,64000000.0,2681600097.65625,879832992.041016
ESEN,2022-09-30,1.5973,64000000.0,2914560058.59375,956267155.224609
ESEN,2022-10-31,2.0764,64000000.0,3788800048.82813,1179453455.200197
ESEN,2022-11-30,2.9287,64000000.0,5344000000.0,1663587200.0
ESEN,2022-12-30,2.7603,64000000.0,5036799804.6875,1567955779.199219
ESEN,2023-01-31,2.2938,64000000.0,4185600097.65625,1241867548.974609
ESEN,2023-02-28,2.2903,64000000.0,4179200195.3125,1239968697.949219
ESEN,2023-03-31,1.901,64000000.0,3468800048.82813,1028846094.482423
ESEN,2023-04-28,1.876,64000000.0,3414399902.34375,1012711011.035156
ESEN,2023-05-31,2.0607,64000000.0,3750399902.34375,1112368611.035156
ESEN,2023-06-27,2.3086,64000000.0,4201600097.65625,1246194588.964844
ESEN,2023-07-31,2.9732,64000000.0,5411200195.3125,1604961977.929688
ESEN,2023-08-31,3.3793,64000000.0,6150399902.34375,1824208611.035156
ESEN,2023-09-29,3.8892,64000000.0,7078399902.34375,2099453411.035156
ESEN,2023-10-31,3.1596,64000000.0,5750399902.34375,1705568611.035156
ESEN,2023-11-30,3.0057,260000000.0,5470400238.03711,1622520710.601807
ESEN,2023-12-29,2.3871,260000000.0,4344599761.96289,1288608289.398193
ESEN,2024-01-31,2.6771,260000000.0,4872399940.49072,1444666582.355498
ESEN,2024-02-29,3.2886,260000000.0,5985200119.01855,1774013315.277098
ESEN,2024-03-29,2.7171,260000000.0,4945200119.01855,1465757315.277098
ESEN,2024-04-30,3.0514,260000000.0,5553600158.69141,1578888525.115968
ESEN,2024-05-31,2.8971,260000000.0,5272800178.52783,1496947970.684051
ESEN,2024-06-28,3.1429,260000000.0,5720000000.0,1574716000.0
ESEN,2024-07-31,2.8829,260000000.0,5246800079.3457,1437098541.732787
ESEN,2024-08-29,2.7786,260000000.0,5057000198.36426,1385112354.331971
ESEN,2024-09-30,3.0,260000000.0,5460000000.0,1495494000.0
ESEN,2024-10-31,2.9629,260000000.0,5392399940.49072,1659241461.688995
ESEN,2024-11-29,2.9229,260000000.0,5319599761.96289,1636840846.755981
ESEN,2024-12-31,3.3343,260000000.0,6068400039.67285,1867246692.207336
ESEN,2025-01-31,4.1314,260000000.0,7519200019.83643,2818196167.434694
ESEN,2025-02-28,5.06,260000000.0,9209199523.92578,3451607981.567382
ESEN,2025-03-28,5.3571,260000000.0,9750000000.0,3654300000.0
ESEN,2025-04-30,5.8857,260000000.0,10712000198.36426,4014857674.346925
ESEN,2025-05-30,9.3286,260000000.0,16978000793.45703,6363354697.387695
ESEN,2025-06-30,10.7714,260000000.0,19604000396.72852,7347579348.693849
ESEN,2025-07-31,13.6,260000000.0,24751999206.54297,9277049302.612305
ESEN,2025-08-29,10.07,1820000000.0,18327399444.58008,6870942051.773072
ESEN,2025-09-30,13.9,1820000000.0,25297999305.7251,9484219939.71634
ESEN,2025-10-31,7.81,1820000000.0,14214199895.85876,5328903540.957449
ESEN,2025-11-28,6.59,1820000000.0,11993800277.70996,4496475724.113464
ESEN,2025-12-31,4.44,1820000000.0,8080800104.14124,3029491959.042551
ESEN,2026-01-30,3.93,1820000000.0,7152600121.49811,2681509785.549641
ESEN,2026-02-27,3.85,1820000000.0,7006999826.43127,2626223534.94644
ESEN,2026-03-31,3.72,1820000000.0,6770400052.07062,2538222979.521275
ESEN,2026-04-30,3.73,1820000000.0,6788600034.71375,3052833435.610773
ESEN,2026-05-26,3.94,1820000000.0,7170800104.14124,3223991726.821902
ESEN,2026-06-30,3.65,1820000000.0,6643000173.56873,2983371377.949717
ESEN,2026-07-21,3.5,1820000000.0,6370000000.0,2860767000.0
EUPWR,2023-04-28,23.9333,220000000.0,15796000671.38672,4307569383.087159
EUPWR,2023-05-31,31.0,220000000.0,20460000000.0,5579442000.0
EUPWR,2023-06-27,30.2833,220000000.0,19986999664.30664,5450454808.456421
EUPWR,2023-07-31,64.3,220000000.0,42437998657.22656,11572842233.825684
EUPWR,2023-08-31,66.3333,220000000.0,43780000000.0,11938806000.0
EUPWR,2023-09-29,77.7333,220000000.0,51303999328.61328,13985470216.97998
EUPWR,2023-10-31,61.2667,220000000.0,40436000671.38672,11022853783.02002
EUPWR,2023-11-30,56.8667,220000000.0,37532001342.77344,10227470365.905762
EUPWR,2023-12-29,54.0,220000000.0,35640000000.0,9711900000.0
EUPWR,2024-01-31,59.8333,220000000.0,39490000000.0,10761025000.0
EUPWR,2024-02-29,58.0333,220000000.0,38302001342.77344,10437295365.905762
EUPWR,2024-03-29,51.0,220000000.0,33660000000.0,9172350000.0
EUPWR,2024-04-30,49.6667,220000000.0,32780000000.0,8932550000.0
EUPWR,2024-05-31,39.6667,220000000.0,26180000000.0,7134050000.0
EUPWR,2024-06-28,34.1,220000000.0,22506000671.38672,6803564002.960205
EUPWR,2024-07-31,32.7667,220000000.0,21626000671.38672,6535377402.893067
EUPWR,2024-08-29,29.7167,220000000.0,19613000335.69336,5927048701.446533
EUPWR,2024-09-30,28.2,220000000.0,18611999664.30664,5624546298.553467
EUPWR,2024-10-31,33.32,660000000.0,21991199798.58398,6645740579.132079
EUPWR,2024-11-29,35.22,660000000.0,23245200805.66406,7024699683.471679
EUPWR,2024-12-31,33.18,660000000.0,21898800201.41602,6620007300.888063
EUPWR,2025-01-31,37.0,660000000.0,24420000000.0,7379724000.0
EUPWR,2025-02-28,32.72,660000000.0,21595200805.66406,6526069683.471679
EUPWR,2025-03-28,29.14,660000000.0,19232399597.16797,5812031158.264161
EUPWR,2025-04-30,25.02,660000000.0,16513200302.12402,4990289131.301879
EUPWR,2025-05-30,26.8,660000000.0,17687999496.45996,5345313447.8302
EUPWR,2025-06-30,25.66,660000000.0,16935599899.29199,5117938289.566039
EUPWR,2025-07-31,31.12,660000000.0,20539200553.89404,6206946407.386779
EUPWR,2025-08-29,29.2,660000000.0,19272000503.54004,5825925752.220154
EUPWR,2025-09-30,28.1,660000000.0,18546000251.77002,5606455876.110077
EUPWR,2025-10-31,28.66,660000000.0,18915599899.29199,5714402729.57611
EUPWR,2025-11-28,28.02,660000000.0,18493200302.12402,5586795811.271666
EUPWR,2025-12-31,32.8,660000000.0,21647999496.45996,6539860647.880554
EUPWR,2026-01-30,41.5,660000000.0,27390000000.0,8271780000.0
EUPWR,2026-02-27,35.32,660000000.0,23311199798.58398,7042313459.15222
EUPWR,2026-03-31,41.14,660000000.0,27152399597.16797,8202739918.304444
EUPWR,2026-04-30,52.4,660000000.0,34584001007.08008,10444368304.138184
EUPWR,2026-05-26,76.1,660000000.0,50225998992.91992,15173274295.761108
EUPWR,2026-06-30,83.85,660000000.0,55340998992.91992,21145795715.194702
EUPWR,2026-07-21,105.6,660000000.0,69695998992.91992,26630841215.194702
EUREN,2022-06-30,2.1009,168780000.0,4411909096.98486,882381819.396972
EUREN,2022-07-29,2.4063,168780000.0,5053273290.13824,1010654658.027648
EUREN,2022-08-31,2.7262,168780000.0,5725017290.95459,1145003458.190918
EUREN,2022-09-30,2.9528,168780000.0,6200977483.29163,1240195496.658326
EUREN,2022-10-31,4.324,168780000.0,9080363871.23108,1816980810.633339
EUREN,2022-11-30,5.8149,168780000.0,12211232742.46216,2443467671.766678
EUREN,2022-12-30,4.4333,760000000.0,9310000000.0,1862931000.0
EUREN,2023-01-31,3.7023,760000000.0,7774799652.09961,2332439895.629883
EUREN,2023-02-28,4.0425,760000000.0,8489200057.9834,2546760017.39502
EUREN,2023-03-31,3.9013,760000000.0,8192799797.05811,2457839939.117433
EUREN,2023-04-28,3.5648,760000000.0,7486000289.91699,2245800086.975097
EUREN,2023-05-31,3.2897,760000000.0,6908400115.9668,2072520034.79004
EUREN,2023-06-27,4.8314,760000000.0,10146000289.91699,3043800086.975097
EUREN,2023-07-31,5.1427,760000000.0,10799600028.9917,3239880008.69751
EUREN,2023-08-31,7.6,760000000.0,15960000000.0,4788000000.0
EUREN,2023-09-29,7.325,760000000.0,15382399826.0498,4614719947.81494
EUREN,2023-10-31,5.4322,760000000.0,11407600173.9502,3422280052.18506
EUREN,2023-11-30,5.7362,760000000.0,12046000289.91699,3612595486.946105
EUREN,2023-12-29,5.3417,760000000.0,11217600173.9502,3364158292.167665
EUREN,2024-01-31,6.0981,760000000.0,12806000289.91699,3840519486.946105
EUREN,2024-02-29,7.0354,760000000.0,14774400405.88379,4430842681.724549
EUREN,2024-03-29,5.8701,760000000.0,12327199478.14941,3696927123.497008
EUREN,2024-04-30,5.624,760000000.0,11810399971.0083,3541938951.305389
EUREN,2024-05-31,5.3272,760000000.0,11187200202.94189,3346091580.699919
EUREN,2024-06-28,5.4756,760000000.0,11498800086.9751,3439291106.014252
EUREN,2024-07-31,5.5987,760000000.0,11757200202.94189,3515402860.679625
EUREN,2024-08-29,5.2078,760000000.0,10936400260.92529,3269983678.016662
EUREN,2024-09-30,4.4876,760000000.0,9423999710.08301,2818718313.285828
EUREN,2024-10-31,4.2415,760000000.0,8907200202.94189,2662362140.659331
EUREN,2024-11-29,4.0027,760000000.0,8405600318.90869,2511593375.289917
EUREN,2024-12-31,4.89,2100000000.0,10268999719.61975,3069404016.194343
EUREN,2025-01-31,4.27,2100000000.0,8966999959.94568,2679339588.031769
EUREN,2025-02-28,4.22,2100000000.0,8861999559.40247,2655055067.99698
EUREN,2025-03-28,4.36,2100000000.0,9156000280.38025,2743137684.001923
EUREN,2025-04-30,5.32,2100000000.0,11172000360.48889,3342662507.858276
EUREN,2025-05-30,5.4,2100000000.0,11340000200.27161,3959928069.934846
EUREN,2025-06-30,5.5,2100000000.0,11550000000.0,4322010000.0
EUREN,2025-07-31,6.65,2100000000.0,13965000200.27161,5225703074.941636
EUREN,2025-08-29,8.85,2100000000.0,18585000801.08643,6956365799.846651
EUREN,2025-09-30,8.2,2100000000.0,17219999599.45679,6445445850.076676
EUREN,2025-10-31,8.85,2100000000.0,18585000801.08643,6956365799.846651
EUREN,2025-11-28,6.14,2100000000.0,12893999719.61975,4897141093.511581
EUREN,2025-12-31,6.34,2100000000.0,13314000320.43457,5056657321.70105
EUREN,2026-01-30,5.03,2100000000.0,10563000440.59753,5226572618.007658
EUREN,2026-02-27,5.03,2100000000.0,10563000440.59753,5226572618.007658
EUREN,2026-03-31,4.47,2100000000.0,9386999559.40247,4644687381.992342
EUREN,2026-04-30,5.51,2100000000.0,11571000480.65186,5724173937.778475
EUREN,2026-05-26,4.84,2100000000.0,10164000320.43457,5028130958.518982
EUREN,2026-06-30,4.43,2100000000.0,9302999639.51111,4600333321.738244
EUREN,2026-07-21,4.11,2100000000.0,8631000280.38025,4269755838.70411
FENER,2016-07-29,0.3777,28280000.0,1023170408.63037,347877938.934326
FENER,2016-08-31,0.3727,28280000.0,1009596021.57593,343262647.335816
FENER,2016-09-30,0.3854,28280000.0,1044097548.21777,354993166.394042
FENER,2016-10-31,0.4095,28280000.0,1109141634.52148,377108155.737303
FENER,2016-11-30,0.3948,28280000.0,1069549591.36963,363646861.065674
FENER,2016-12-30,0.4072,28280000.0,1102920000.0,374992800.0
FENER,2017-01-31,0.3923,28280000.0,1062762451.78223,361339233.605958
FENER,2017-02-28,0.3946,28280000.0,1068983978.42407,363454552.664184
FENER,2017-03-31,0.3667,28280000.0,993193569.7937,337685813.729858
FENER,2017-04-28,0.3715,28280000.0,1006202451.78223,342108833.605958
FENER,2017-05-31,0.3708,28280000.0,1004505612.94556,341531908.40149
FENER,2017-06-30,0.3765,28280000.0,1019776838.83667,346724125.204468
FENER,2017-07-31,0.3953,28280000.0,1070680817.26074,364031477.868652
FENER,2017-08-31,0.3767,28280000.0,1020342451.78223,346916433.605958
FENER,2017-09-29,0.3727,28280000.0,1009596021.57593,343262647.335816
FENER,2017-10-31,0.3606,28280000.0,976791225.89111,332109016.802977
FENER,2017-11-30,0.3466,28280000.0,938896021.57593,319224647.335816
FENER,2017-12-29,0.3581,28280000.0,970003978.42407,329801352.664184
FENER,2018-01-31,0.3502,28280000.0,948511225.89111,322493816.802977
FENER,2018-02-28,0.3779,28280000.0,1023736021.57593,348070247.335816
FENER,2018-03-30,0.3531,28280000.0,956429591.36963,325186061.065674
FENER,2018-04-30,0.3518,28280000.0,953036021.57593,324032247.335816
FENER,2018-05-31,0.4243,28280000.0,1149299182.73926,390761722.131348
FENER,2018-06-29,0.3372,28280000.0,913443978.42407,310570952.664184
FENER,2018-07-31,0.2886,28280000.0,781659182.73926,248020458.683167
FENER,2018-08-31,0.2451,28280000.0,664014387.05444,210691765.012374
FENER,2018-09-28,0.2297,28280000.0,622160000.0,197411368.0
FENER,2018-10-31,0.229,98980000.0,702757990.56053,268172449.197898
FENER,2018-11-30,0.219,98980000.0,672074196.22421,218558528.612113
FENER,2018-12-31,0.2232,98980000.0,684941607.55157,222743010.775771
FENER,2019-01-31,0.2519,98980000.0,773033794.33632,251390589.918171
FENER,2019-02-28,0.2303,98980000.0,706717186.78474,229824429.142397
FENER,2019-03-29,0.2016,98980000.0,618625000.0,201176850.0
FENER,2019-04-30,0.2296,98980000.0,704737588.67264,229180663.836343
FENER,2019-05-31,0.2296,98980000.0,704737588.67264,229180663.836343
FENER,2019-06-28,0.24,98980000.0,736411205.66368,239480924.081829
FENER,2019-07-31,0.2432,98980000.0,746309196.22421,242699750.612113
FENER,2019-08-29,0.2967,98980000.0,910615981.12106,296132317.060569
FENER,2019-09-30,0.4225,98980000.0,1296638037.75787,421666689.878859
FENER,2019-10-31,0.5128,98980000.0,1573781962.24213,511793894.121141
FENER,2019-11-29,0.5135,98980000.0,1575761607.55157,509286151.560667
FENER,2019-12-31,0.4667,98980000.0,1432240626.43051,465764651.715202
FENER,2020-01-31,0.5525,98980000.0,1695527316.93268,551385483.466508
FENER,2020-02-28,0.3819,98980000.0,1171923215.10315,381109429.551544
FENER,2020-03-31,0.2825,98980000.0,867064822.65472,281969480.327315
FENER,2020-04-30,0.3319,98980000.0,1018504196.22421,331217564.612113
FENER,2020-05-29,0.3816,98980000.0,1170933392.44843,380787539.224229
FENER,2020-06-30,0.4061,98980000.0,1246158215.10315,405250651.551544
FENER,2020-07-30,0.4335,98980000.0,1330291158.46634,432610684.733254
FENER,2020-08-31,0.827,98980000.0,2537847139.5874,825307889.793822
FENER,2020-09-30,0.9405,98980000.0,2886256784.89685,938610706.448456
FENER,2020-10-30,1.1205,98980000.0,3438565366.13464,1128537153.165389
FENER,2020-11-30,1.0663,98980000.0,3272278935.92834,1073961946.771681
FENER,2020-12-31,0.9534,98980000.0,2925848747.13898,960556143.685727
FENER,2021-01-29,1.2256,98980000.0,3761240000.0,1234815092.0
FENER,2021-02-26,0.947,98980000.0,2906052860.4126,954057154.073457
FENER,2021-03-31,0.9786,98980000.0,3003053215.10315,985902370.518364
FENER,2021-04-30,0.9224,98980000.0,2830828037.75787,929360844.795909
FENER,2021-05-31,1.0934,98980000.0,3355422151.03149,1101585092.183638
FENER,2021-06-30,1.2237,98980000.0,3755301064.07166,1232865339.334726
FENER,2021-07-30,1.1727,98980000.0,3598912860.4126,1181523092.073457
FENER,2021-08-31,1.1031,98980000.0,3385116075.51575,1111333607.591821
FENER,2021-09-30,1.0837,98980000.0,3325727848.96851,1091836452.816362
FENER,2021-10-28,0.987,98980000.0,3028788037.75787,994351112.795909
FENER,2021-11-30,0.9999,98980000.0,3068380000.0,1007349154.0
FENER,2021-12-31,0.9083,98980000.0,2787276784.89685,915341696.160126
FENER,2022-01-31,0.865,98980000.0,2654643569.7937,871784948.320251
FENER,2022-02-28,0.7734,98980000.0,2373540354.69055,779470652.480377
FENER,2022-03-31,0.9502,98980000.0,2915950709.3811,957598212.960753
FENER,2022-04-29,1.1037,98980000.0,3387095720.8252,1112322234.718996
FENER,2022-05-31,1.4611,98980000.0,4483793924.48425,1472477924.800628
FENER,2022-06-30,1.345,98980000.0,4127466075.51575,1355459859.199372
FENER,2022-07-29,1.6223,98980000.0,4978693924.48425,1635003084.800628
FENER,2022-08-31,1.9271,98980000.0,5914055000.0,1942175662.0
FENER,2022-09-30,1.7159,98980000.0,5265736075.51575,1729267727.199372
FENER,2022-10-31,2.4722,98980000.0,7586817151.03149,2491510752.398741
FENER,2022-11-30,2.1465,98980000.0,6587119302.06299,2163209978.797486
FENER,2022-12-30,2.3513,98980000.0,7215642151.03149,2369616882.398741
FENER,2023-01-31,2.0578,98980000.0,6314923924.48425,2073821016.800628
FENER,2023-02-28,1.7207,98980000.0,5280582848.96851,1734143407.601259
FENER,2023-03-31,1.861,98980000.0,5711146075.51575,1873827027.376718
FENER,2023-04-28,1.6643,98980000.0,5107367848.96851,1676238128.031465
FENER,2023-05-31,1.5436,98980000.0,4737182860.4126,1554743414.787415
FENER,2023-06-27,2.0062,98980000.0,6156556075.51575,2020581703.984269
FENER,2023-07-31,2.4416,98980000.0,7492785697.93701,2459132266.062927
FENER,2023-08-31,3.1657,98980000.0,9714887151.03149,3188425962.968535
FENER,2023-09-29,3.2898,98980000.0,10095960000.0,3313494072.0
FENER,2023-10-31,4.1994,98980000.0,12887195697.93701,4229577628.062927
FENER,2023-11-30,3.951,98980000.0,12125050000.0,3979441410.0
FENER,2023-12-29,2.9496,98980000.0,9051720697.93701,2970774733.062927
FENER,2024-01-31,3.5737,98980000.0,10966984302.06299,3599364247.937073
FENER,2024-02-29,3.3608,98980000.0,10313715697.93701,3384961492.062927
FENER,2024-03-29,2.7657,98980000.0,8487535000.0,2784760233.5
FENER,2024-04-30,2.8157,98980000.0,8640954302.06299,2835097106.506867
FENER,2024-05-31,4.0123,98980000.0,12313112151.03149,4039932096.753432
FENER,2024-06-28,6.0991,98980000.0,18717118604.12598,6141086614.013734
FENER,2024-07-31,4.5187,98980000.0,13867098604.12598,4549795052.013734
FENER,2024-08-29,4.5768,98980000.0,14045261395.87402,4606845737.846679
FENER,2024-09-30,3.6382,98980000.0,11164944302.06299,3662101731.076661
FENER,2024-10-31,3.1673,98980000.0,9719835697.93701,3188106108.923339
FENER,2024-11-29,3.3479,98980000.0,10274124302.06299,3369912771.076661
FENER,2024-12-31,3.7663,250000000.0,11725000381.46973,2974632596.778871
FENER,2025-01-31,4.216,250000000.0,13125000000.0,4307625000.0
FENER,2025-02-28,3.8562,250000000.0,12005000114.44092,3940041037.55951
FENER,2025-03-28,3.8851,250000000.0,12095000267.02881,3969579087.638855
FENER,2025-04-30,3.3728,250000000.0,10500000000.0,3950100000.0
FENER,2025-05-30,3.792,250000000.0,11805000305.17578,4441041114.807128
FENER,2025-06-30,4.2844,1250000000.0,14437500238.41858,5427056339.621544
FENER,2025-07-31,4.9966,1250000000.0,16837500333.78601,6334267625.570297
FENER,2025-08-29,4.915,1250000000.0,16562500000.0,6230812500.0
FENER,2025-09-30,4.2065,1250000000.0,14175000190.73486,5332635071.754454
FENER,2025-10-31,3.7688,1250000000.0,12699999809.26514,4777739928.245546
FENER,2025-11-28,3.9802,1250000000.0,13412499427.79541,5045782284.736633
FENER,2025-12-31,3.4201,1250000000.0,11525000333.78601,4335705125.570297
FENER,2026-01-30,3.33,6250000000.0,20812499523.16284,7831743570.566177
FENER,2026-02-27,3.15,6250000000.0,19687500596.04645,7406437724.232674
FENER,2026-03-31,2.59,6250000000.0,16187499463.5582,6089737298.190595
FENER,2026-04-30,3.14,6250000000.0,19625000655.65109,7382925246.65594
FENER,2026-05-26,4.02,6250000000.0,25124999880.79071,9452024955.153465
FENER,2026-06-30,2.96,6250000000.0,18500000238.41858,6959700089.69307
FENER,2026-07-21,3.22,6250000000.0,20125000178.81393,7571025067.2698
FROTO,2016-07-29,1.7704,350910000.0,11418611721.2677,2055350109.828186
FROTO,2016-08-31,1.7453,350910000.0,11257193442.5354,2026294819.656372
FROTO,2016-09-30,1.7225,350910000.0,11109810546.45538,1999765898.361968
FROTO,2016-10-31,1.7214,350910000.0,11102792185.82153,1998502593.447875
FROTO,2016-11-30,1.6194,350910000.0,10127262814.17847,1822907306.552125
FROTO,2016-12-30,1.716,350910000.0,10730827773.22769,1931548999.180984
FROTO,2017-01-31,1.9595,350910000.0,12253776557.4646,2205679780.343628
FROTO,2017-02-28,2.0549,350910000.0,12850323825.18768,2313058288.533782
FROTO,2017-03-31,1.9976,350910000.0,12492395464.55383,2248631183.619689
FROTO,2017-04-28,2.2898,350910000.0,13860945000.0,2494970100.0
FROTO,2017-05-31,2.3443,350910000.0,14190799918.09845,2554343985.257721
FROTO,2017-06-30,2.4904,350910000.0,15075093278.7323,2713516790.171814
FROTO,2017-07-31,2.6087,350910000.0,15790950000.0,2842371000.0
FROTO,2017-08-31,2.7559,350910000.0,16682261721.2677,3002807109.828186
FROTO,2017-09-29,2.6434,350910000.0,16001495464.55383,2880269183.619689
FROTO,2017-10-31,3.1723,350910000.0,18791230232.27692,3382421441.809846
FROTO,2017-11-30,3.2612,350910000.0,19317595232.27692,3477167141.809846
FROTO,2017-12-29,3.5693,350910000.0,21142327500.0,3805618950.0
FROTO,2018-01-31,3.5544,350910000.0,21054600000.0,3789828000.0
FROTO,2018-02-28,3.7144,350910000.0,22002057267.72308,3960370308.190154
FROTO,2018-03-30,3.6907,350910000.0,21861692732.27692,3935104691.809846
FROTO,2018-04-30,3.4527,350910000.0,19703597035.44617,3546647466.380311
FROTO,2018-05-31,3.9354,350910000.0,22458240000.0,4042483200.0
FROTO,2018-06-29,3.7694,350910000.0,21510782732.27692,3871940891.809846
FROTO,2018-07-31,3.628,350910000.0,20703690000.0,3676975344.0
FROTO,2018-08-31,4.1168,350910000.0,23493423429.10767,4172432001.009522
FROTO,2018-09-28,4.0461,350910000.0,23089879070.89233,4100762522.990478
FROTO,2018-10-31,3.6895,350910000.0,21054600000.0,3739296960.0
FROTO,2018-11-30,3.3961,350910000.0,18966685232.27692,3368483297.252381
FROTO,2018-12-31,3.1416,350910000.0,17545500000.0,3116080800.0
FROTO,2019-01-31,3.7668,350910000.0,21037054767.72308,3736180926.747619
FROTO,2019-02-28,3.484,350910000.0,19457959767.72308,3455733654.747619
FROTO,2019-03-29,3.0649,350910000.0,17117389371.64307,3040048352.403809
FROTO,2019-04-30,3.4848,350910000.0,18492957267.72308,3284349210.747619
FROTO,2019-05-31,3.6402,350910000.0,19317595232.27692,3430804913.252381
FROTO,2019-06-28,4.1329,350910000.0,21931875000.0,3895101000.0
FROTO,2019-07-31,4.0403,350910000.0,21440600464.55383,3807850642.50476
FROTO,2019-08-29,3.8849,350910000.0,20615962500.0,3661394940.0
FROTO,2019-09-30,3.9279,350910000.0,20844054535.44617,3701904085.49524
FROTO,2019-10-31,4.2651,350910000.0,22633695000.0,4019744232.0
FROTO,2019-11-29,4.2963,350910000.0,22388057732.27692,3976119053.252381
FROTO,2019-12-31,4.771,350910000.0,24861972964.55383,4415486398.50476
FROTO,2020-01-31,5.0505,350910000.0,26318250000.0,4674121200.0
FROTO,2020-02-28,5.2525,350910000.0,27370980000.0,4861086048.0
FROTO,2020-03-31,3.5562,350910000.0,17292844371.64307,3071209160.403809
FROTO,2020-04-30,4.5679,350910000.0,22212602732.27692,3944958245.252381
FROTO,2020-05-29,4.4633,350910000.0,21703782964.55383,3854591854.50476
FROTO,2020-06-30,5.1163,350910000.0,24879519535.44617,4418602669.49524
FROTO,2020-07-30,5.9895,350910000.0,29125530000.0,5172694128.0
FROTO,2020-08-31,6.0977,350910000.0,29651895000.0,5266176552.0
FROTO,2020-09-30,6.3142,350910000.0,30704625000.0,5453141400.0
FROTO,2020-10-30,7.7936,350910000.0,37898280000.0,6730734528.0
FROTO,2020-11-30,7.7791,350910000.0,37828099070.89233,6718270394.990478
FROTO,2020-12-31,9.0925,350910000.0,44214660000.0,7852523616.0
FROTO,2021-01-29,10.3842,350910000.0,50495946858.21533,8968080162.019043
FROTO,2021-02-26,12.6357,350910000.0,61444343141.78467,10918659776.295135
FROTO,2021-03-31,14.39,350910000.0,67830904070.89233,12053551653.397568
FROTO,2021-04-30,13.0872,350910000.0,61689979070.89233,10962309280.897568
FROTO,2021-05-31,12.9458,350910000.0,61023246858.21533,10843830966.704865
FROTO,2021-06-30,12.6703,350910000.0,59724880929.10767,10613111341.102432
FROTO,2021-07-30,12.8639,350910000.0,60637249070.89233,10775239159.897568
FROTO,2021-08-31,12.7895,350910000.0,60286339070.89233,10712882452.897568
FROTO,2021-09-30,12.4396,350910000.0,58637063141.78467,10419806120.295135
FROTO,2021-10-28,13.8168,350910000.0,65128898141.78467,11573405199.795135
FROTO,2021-11-30,18.6246,350910000.0,86323860000.0,15339749922.0
FROTO,2021-12-31,18.0265,350910000.0,83551673141.78467,14847132317.295135
FROTO,2022-01-31,18.776,350910000.0,87025680000.0,15464463336.0
FROTO,2022-02-28,20.4113,350910000.0,94605338141.78467,16811368587.795135
FROTO,2022-03-31,23.5847,350910000.0,104816821283.56934,18625949142.09027
FROTO,2022-04-29,23.6005,350910000.0,104886996858.21533,18638419341.704865
FROTO,2022-05-31,24.4454,350910000.0,108641738141.78467,19305636867.795135
FROTO,2022-06-30,21.0818,350910000.0,93692970000.0,16649240769.0
FROTO,2022-07-29,23.9084,350910000.0,106255543716.43066,18881610118.40973
FROTO,2022-08-31,26.2061,350910000.0,116467026858.21533,20696190672.704865
FROTO,2022-09-30,25.8192,350910000.0,114747570000.0,20390643189.0
FROTO,2022-10-31,28.6617,350910000.0,127380330000.0,22635484641.0
FROTO,2022-11-30,35.5865,350910000.0,156119856858.21533,27742498563.704865
FROTO,2022-12-30,41.9535,350910000.0,184052295000.0,32706092821.5
FROTO,2023-01-31,40.8016,350910000.0,178999193141.78467,31808156621.295135
FROTO,2023-02-28,44.0811,350910000.0,193386492432.86133,34364779705.31946
FROTO,2023-03-31,47.8945,350910000.0,205247267567.13867,36451914719.92383
FROTO,2023-04-28,44.0049,350910000.0,188579042567.13867,33491637959.92383
FROTO,2023-05-31,46.9364,350910000.0,201141616283.56934,35722751051.961914
FROTO,2023-06-27,62.3144,350910000.0,267042510000.0,47426749776.0
FROTO,2023-07-31,77.7579,350910000.0,333224127432.8613,59180605032.07617
FROTO,2023-08-31,70.6421,350910000.0,302730061283.56934,53734585877.83356
FROTO,2023-09-29,69.1927,350910000.0,296518950000.0,52632113625.0
FROTO,2023-10-31,66.725,350910000.0,275920528716.43066,48975893847.16644
FROTO,2023-11-30,71.3668,350910000.0,295115310000.0,52382967525.0
FROTO,2023-12-29,62.7536,350910000.0,259497945000.0,46034935443.0
FROTO,2024-01-31,74.846,350910000.0,309502620000.0,54905764788.0
FROTO,2024-02-29,86.3021,350910000.0,356875470000.0,63309708378.0
FROTO,2024-03-29,96.0609,350910000.0,397230120000.0,70508346300.0
FROTO,2024-04-30,98.015,350910000.0,390913740000.0,69387188850.0
FROTO,2024-05-31,96.1673,350910000.0,383544630000.0,68079171825.0
FROTO,2024-06-28,98.8948,350910000.0,394422840000.0,70010054100.0
FROTO,2024-07-31,87.4568,350910000.0,348804540000.0,61877925396.0
FROTO,2024-08-29,84.8173,350910000.0,338277240000.0,60010382376.0
FROTO,2024-09-30,80.77,350910000.0,322135380000.0,57146816412.0
FROTO,2024-10-31,86.0931,350910000.0,343365435000.0,60913028169.0
FROTO,2024-11-29,86.2903,350910000.0,339329970000.0,60197136678.0
FROTO,2024-12-31,83.6133,350910000.0,328802670000.0,58329593658.0
FROTO,2025-01-31,82.944,350910000.0,326170845000.0,57862707903.0
FROTO,2025-02-28,78.75,350910000.0,309678075000.0,54936890505.0
FROTO,2025-03-28,94.5,350910000.0,371613690000.0,65924268606.0
FROTO,2025-04-30,80.3373,350910000.0,310730805000.0,55123644807.0
FROTO,2025-05-30,72.7164,3509100000.0,281254370354.4617,49894525300.8815
FROTO,2025-06-30,80.9724,3509100000.0,313187175000.0,55559404845.0
FROTO,2025-07-31,86.3252,3509100000.0,333890870354.4617,59232240400.8815
FROTO,2025-08-29,101.3403,3509100000.0,391966459291.07666,69534849878.237
FROTO,2025-09-30,89.8635,3509100000.0,347576365708.92334,61660047276.763
FROTO,2025-10-31,90.0449,3509100000.0,348278175000.0,61784548245.0
FROTO,2025-11-28,85.8262,3509100000.0,331960854645.5383,58889855614.1185
FROTO,2025-12-31,89.5757,3509100000.0,325118120354.4617,57675954550.8815
FROTO,2026-01-30,109.9273,3509100000.0,398984659291.07666,70779878558.237
FROTO,2026-02-27,112.0543,3509100000.0,406704695354.4617,72149412955.8815
FROTO,2026-03-31,101.1,3509100000.0,354770004645.5383,62936198824.1185
FROTO,2026-04-30,98.0,3509100000.0,343891800000.0,61006405320.0
FROTO,2026-05-26,84.15,3509100000.0,295290770354.4617,52384582660.8815
FROTO,2026-06-30,84.55,3509100000.0,296694415708.92334,52425903255.766754
FROTO,2026-07-21,81.1,3509100000.0,284588004645.5383,50343618021.79573
GARAN,2016-07-29,5.3762,4200000000.0,30785999679.56543,14777279846.191406
GARAN,2016-08-31,5.5962,4200000000.0,32046000480.65186,15382080230.712893
GARAN,2016-09-30,5.8309,4200000000.0,33389999198.91357,16027199615.478514
GARAN,2016-10-31,6.1683,4200000000.0,35321999359.13086,16954559692.382812
GARAN,2016-11-30,5.3468,4200000000.0,30617999839.78271,14696639923.095701
GARAN,2016-12-30,5.5889,4200000000.0,32003999519.34814,15361919769.287107
GARAN,2017-01-31,6.1023,4200000000.0,34943998718.26172,16773119384.765627
GARAN,2017-02-28,6.3223,4200000000.0,36203999519.34814,17377919769.287106
GARAN,2017-03-31,6.4983,4200000000.0,37211998558.04443,17861759307.861324
GARAN,2017-04-28,7.2588,4200000000.0,40278000640.86914,19333440307.617188
GARAN,2017-05-31,7.2663,4200000000.0,40320001602.17285,19353600769.04297
GARAN,2017-06-30,7.4102,4200000000.0,41117999839.78271,19736639923.0957
GARAN,2017-07-31,7.9778,4200000000.0,44267999839.78271,21248639923.0957
GARAN,2017-08-31,8.1292,4200000000.0,45107999038.69629,21651839538.57422
GARAN,2017-09-29,7.3269,4200000000.0,40656001281.73828,19514880615.234375
GARAN,2017-10-31,7.8946,4200000000.0,43806001281.73828,21026880615.234375
GARAN,2017-11-30,7.2739,4200000000.0,40361998558.04443,19373759307.861324
GARAN,2017-12-29,8.1141,4200000000.0,45024001121.521,21611520538.33008
GARAN,2018-01-31,9.3024,4200000000.0,51617999839.78271,24776639923.0957
GARAN,2018-02-28,8.8786,4200000000.0,49265998077.39258,23647679077.148438
GARAN,2018-03-30,8.2806,4200000000.0,45947998237.60986,22055039154.052734
GARAN,2018-04-30,7.272,4200000000.0,38682000160.21729,18567360076.9043
GARAN,2018-05-31,7.0352,4200000000.0,37421999359.13086,17962559692.382812
GARAN,2018-06-29,6.6167,4200000000.0,35196000480.65186,16894080230.712893
GARAN,2018-07-31,5.6139,4200000000.0,29862000560.7605,14907110679.931643
GARAN,2018-08-31,4.698,4200000000.0,24989999198.91357,12477506600.017546
GARAN,2018-09-28,6.0877,4200000000.0,32382000160.21729,16165094479.98047
GARAN,2018-10-31,5.5192,4200000000.0,29357999038.69629,14699550118.675232
GARAN,2018-11-30,6.5298,4200000000.0,34734001922.60742,17391314762.649536
GARAN,2018-12-31,6.2851,4200000000.0,33432000160.21729,16739402480.220797
GARAN,2019-01-31,7.1536,4200000000.0,38052001762.39014,19052637282.42874
GARAN,2019-02-28,7.0431,4200000000.0,37464000320.43457,18758224960.44159
GARAN,2019-03-29,6.5851,4200000000.0,35028000640.86914,17538519920.88318
GARAN,2019-04-30,6.4509,4200000000.0,34314000320.43457,17181019960.44159
GARAN,2019-05-31,6.2614,4200000000.0,33305999279.02222,16676313839.006426
GARAN,2019-06-28,7.1852,4200000000.0,38220001602.17285,19136754802.207947
GARAN,2019-07-31,7.7774,4200000000.0,41370001602.17285,20713959802.207947
GARAN,2019-08-29,7.0273,4200000000.0,37379998397.82715,18716165197.792053
GARAN,2019-09-30,8.0616,4200000000.0,42882000160.21729,21471017480.2208
GARAN,2019-10-31,7.2641,4200000000.0,38639999198.91357,19347047598.896023
GARAN,2019-11-29,7.9748,4200000000.0,42420001602.17285,21239694802.207947
GARAN,2019-12-31,8.7959,4200000000.0,46788001441.95557,23426752321.987152
GARAN,2020-01-31,9.396,4200000000.0,49979998397.82715,25024985197.792053
GARAN,2020-02-28,7.501,4200000000.0,39900000000.0,19977930000.0
GARAN,2020-03-31,6.4193,4200000000.0,34146000480.65186,17096902440.662386
GARAN,2020-04-30,6.5851,4200000000.0,35028000640.86914,17538519920.88318
GARAN,2020-05-29,6.1745,4200000000.0,32844000720.97778,16444991160.993574
GARAN,2020-06-30,6.6799,4200000000.0,35532000160.21729,17790872480.2208
GARAN,2020-07-30,5.5429,4200000000.0,29483999919.89136,14762638759.889605
GARAN,2020-08-31,5.3376,4200000000.0,28392000961.30371,14215874881.324768
GARAN,2020-09-30,5.606,4200000000.0,29819999599.45679,14930873799.448015
GARAN,2020-10-30,5.2112,4200000000.0,27719999599.45679,13876631799.48807
GARAN,2020-11-30,6.9088,4200000000.0,36750000000.0,18400725000.0
GARAN,2020-12-31,8.188,4200000000.0,43553999519.34814,21807487559.337612
GARAN,2021-01-29,7.351,4200000000.0,39102001762.39014,19578372282.42874
GARAN,2021-02-26,7.0431,4200000000.0,37464000320.43457,18758224960.44159
GARAN,2021-03-31,5.2823,4200000000.0,28098000240.32593,14068668720.331194
GARAN,2021-04-30,5.8158,4200000000.0,30282000160.21729,15022900279.483797
GARAN,2021-05-31,6.4449,4200000000.0,33557999038.69629,16802490118.675232
GARAN,2021-06-30,6.695,4200000000.0,34860000801.08643,17440458400.783543
GARAN,2021-07-30,6.8724,4200000000.0,35784001922.60742,17902736161.880493
GARAN,2021-08-31,7.9694,4200000000.0,41496000480.65186,20777047440.662388
GARAN,2021-09-30,7.4532,4200000000.0,38807999038.69629,19431165118.675232
GARAN,2021-10-28,7.9452,4200000000.0,41370001602.17285,20713959802.207947
GARAN,2021-11-30,9.2116,4200000000.0,47964000320.43457,24015574960.44159
GARAN,2021-12-31,9.0906,4200000000.0,47334001922.60742,23695401362.457275
GARAN,2022-01-31,9.6069,4200000000.0,50021999359.13086,25041012879.18091
GARAN,2022-02-28,8.9374,4200000000.0,46535999679.56543,23295921439.590454
GARAN,2022-03-31,9.8408,4200000000.0,51239999198.91357,25650743598.97613
GARAN,2022-04-29,12.0832,4200000000.0,62915998077.39258,31451707438.88855
GARAN,2022-05-31,11.9831,4200000000.0,61110000801.08643,30548889400.463104
GARAN,2022-06-30,11.4477,4200000000.0,58379998397.82715,29184161199.07379
GARAN,2022-07-29,11.9583,4200000000.0,60984001922.60742,30485902561.11145
GARAN,2022-08-31,18.9423,4200000000.0,96600000000.0,48290340000.0
GARAN,2022-09-30,16.0021,4200000000.0,81606001281.73828,40794840040.74097
GARAN,2022-10-31,19.3541,4200000000.0,98700000000.0,13768650000.0
GARAN,2022-11-30,21.9566,4200000000.0,111971999359.13086,15620093910.598755
GARAN,2022-12-30,24.7403,4200000000.0,126168003845.21484,17600436536.40747
GARAN,2023-01-31,19.7988,4200000000.0,100968003845.21484,14085036536.40747
GARAN,2023-02-28,19.1729,4200000000.0,97776002883.91113,13639752402.305603
GARAN,2023-03-31,22.9449,4200000000.0,117012002563.47656,16323174357.60498
GARAN,2023-04-28,24.2711,4200000000.0,114995996475.21973,16099439506.530762
GARAN,2023-05-31,23.7393,4200000000.0,112476002883.91113,15746640403.747559
GARAN,2023-06-27,28.402,4200000000.0,134568003845.21484,18785693336.791992
GARAN,2023-07-31,38.9153,4200000000.0,184380006408.6914,25739448894.65332
GARAN,2023-08-31,44.5,4200000000.0,210840003204.3457,29454348447.647095
GARAN,2023-09-29,47.2037,4200000000.0,223650000000.0,31266270000.0
GARAN,2023-10-31,41.6634,4200000000.0,197400000000.0,27596520000.0
GARAN,2023-11-30,47.9129,4200000000.0,227009996795.6543,31713296552.352905
GARAN,2023-12-29,51.7246,4200000000.0,245069993591.3086,34236278104.70581
GARAN,2024-01-31,56.2899,4200000000.0,266700000000.0,37284660000.0
GARAN,2024-02-29,55.9353,4200000000.0,265019993591.3086,37049795104.06494
GARAN,2024-03-29,63.4918,4200000000.0,287700000000.0,40220460000.0
GARAN,2024-04-30,76.4219,4200000000.0,346289987182.6172,48411340208.12988
GARAN,2024-05-31,99.9184,4200000000.0,452760012817.3828,63295849791.87012
GARAN,2024-06-28,104.1821,4200000000.0,472080006408.6914,65996784895.93506
GARAN,2024-07-31,114.7486,4200000000.0,519960012817.3828,72690409791.87012
GARAN,2024-08-29,104.0894,4200000000.0,471660012817.3828,65938069791.87012
GARAN,2024-09-30,113.451,4200000000.0,514080006408.6914,71868384895.93506
GARAN,2024-10-31,99.0843,4200000000.0,448980006408.6914,62767404895.93506
GARAN,2024-11-29,111.6899,4200000000.0,506100000000.0,70752780000.0
GARAN,2024-12-31,115.3048,4200000000.0,522480006408.6914,73042704895.93506
GARAN,2025-01-31,117.9928,4200000000.0,534660012817.3828,74745469791.87012
GARAN,2025-02-28,119.2904,4200000000.0,540539987182.6172,75567490208.12988
GARAN,2025-03-28,113.4167,4200000000.0,495600000000.0,69284880000.0
GARAN,2025-04-30,98.711,4200000000.0,431339987182.6172,60301330208.12988
GARAN,2025-05-30,101.7867,4200000000.0,444780006408.6914,62135766895.29419
GARAN,2025-06-30,129.7564,4200000000.0,567000000000.0,79209900000.0
GARAN,2025-07-31,137.2534,4200000000.0,599760012817.3828,83846449791.87012
GARAN,2025-08-29,138.503,4200000000.0,605220025634.7656,84609759583.74023
GARAN,2025-09-30,134.37,4200000000.0,587160012817.3828,82084969791.87012
GARAN,2025-10-31,129.372,4200000000.0,565320025634.7656,79031739583.74023
GARAN,2025-11-28,133.5049,4200000000.0,583379974365.2344,81556520416.25977
GARAN,2025-12-31,137.9263,4200000000.0,602700000000.0,84257460000.0
GARAN,2026-01-30,155.0349,4200000000.0,677460012817.3828,94708909791.87012
GARAN,2026-02-27,153.8815,4200000000.0,672420025634.7656,94004319583.74023
GARAN,2026-03-31,121.5866,4200000000.0,531300000000.0,74275740000.0
GARAN,2026-04-30,133.8,4200000000.0,561960012817.3828,78562009791.87012
GARAN,2026-05-26,122.9,4200000000.0,516180006408.6914,72161964895.93506
GARAN,2026-06-30,138.0,4200000000.0,579600000000.0,81028080000.0
GARAN,2026-07-21,124.2,4200000000.0,521639987182.6172,72925270208.12988
GENIL,2021-08-31,0.9885,300000000.0,4767000102.99683,1096410023.689271
GENIL,2021-09-30,0.8734,300000000.0,4211999988.55591,964969197.378159
GENIL,2021-10-28,0.79,300000000.0,3809999942.77954,862964987.039566
GENIL,2021-11-30,0.8889,300000000.0,4286999988.55591,971005497.407914
GENIL,2021-12-31,0.9549,300000000.0,4605000114.44092,1042572025.909424
GENIL,2022-01-31,1.098,300000000.0,5294999885.55908,1198787974.090576
GENIL,2022-02-28,0.8099,300000000.0,3906000137.3291,884318431.091308
GENIL,2022-03-31,0.9387,300000000.0,4527000045.77637,1025365510.368348
GENIL,2022-04-29,1.2086,300000000.0,5696999931.33545,1290370484.447479
GENIL,2022-05-31,1.1545,300000000.0,5441999816.89453,1232612958.526611
GENIL,2022-06-30,1.2188,300000000.0,5744999885.55908,1301242474.079132
GENIL,2022-07-29,1.348,300000000.0,6354000091.55273,1439181020.736693
GENIL,2022-08-31,1.642,300000000.0,7739999771.11816,1753109948.158263
GENIL,2022-09-30,1.4613,300000000.0,6887999725.3418,1560131937.789918
GENIL,2022-10-31,1.8075,300000000.0,8519999885.55908,1929779974.079132
GENIL,2022-11-30,2.5967,300000000.0,12239999771.11816,2719727949.142455
GENIL,2022-12-30,3.2968,300000000.0,15539999771.11816,3519809948.158263
GENIL,2023-01-31,3.5609,300000000.0,16785000228.88184,3801802551.841737
GENIL,2023-02-28,3.3254,300000000.0,15675000000.0,3550387500.0
GENIL,2023-03-31,3.0422,300000000.0,14339999771.11816,3248009948.158263
GENIL,2023-04-28,2.8386,300000000.0,13379999542.23633,3029231896.362305
GENIL,2023-05-31,2.6298,300000000.0,12047999954.22363,2727667189.63623
GENIL,2023-06-27,2.6756,300000000.0,12258000183.10547,2775211241.455078
GENIL,2023-07-31,4.2498,300000000.0,19470000457.76367,4408008103.637695
GENIL,2023-08-31,4.2564,300000000.0,19500000000.0,4407000000.0
GENIL,2023-09-29,4.0927,300000000.0,18750000000.0,4237500000.0
GENIL,2023-10-31,3.9159,300000000.0,17939999771.11816,4054439948.272704
GENIL,2023-11-30,3.6343,300000000.0,16650000000.0,3762900000.0
GENIL,2023-12-29,3.0698,300000000.0,14064000320.43457,3178464072.418213
GENIL,2024-01-31,3.4575,300000000.0,15839999771.11816,3579839948.272704
GENIL,2024-02-29,4.7082,300000000.0,21570000457.76367,4874820103.454589
GENIL,2024-03-29,4.3808,300000000.0,20070000457.76367,4535820103.454589
GENIL,2024-04-30,3.5917,300000000.0,16454999542.23633,3715538896.636963
GENIL,2024-05-31,3.9584,300000000.0,18135000228.88184,4094883051.681519
GENIL,2024-06-28,4.4136,300000000.0,20100000000.0,4538580000.0
GENIL,2024-07-31,4.8615,300000000.0,22140000915.52734,4999212206.726073
GENIL,2024-08-29,5.7404,300000000.0,26009999084.47266,5873057793.273927
GENIL,2024-09-30,5.9754,300000000.0,27075000000.0,6110827500.0
GENIL,2024-10-31,5.4865,300000000.0,24750000000.0,5583600000.0
GENIL,2024-11-29,7.189,300000000.0,32429999542.23633,7309721896.820069
GENIL,2024-12-31,7.9804,300000000.0,36000000000.0,8114400000.0
GENIL,2025-01-31,7.8274,300000000.0,35309999084.47266,7955342793.73169
GENIL,2025-02-28,10.1151,300000000.0,45630001831.05469,10613538425.90332
GENIL,2025-03-28,9.0311,300000000.0,40740000915.52734,9472050212.860107
GENIL,2025-04-30,8.4193,300000000.0,37979999542.23633,8796167893.981934
GENIL,2025-05-30,9.4205,300000000.0,42450000000.0,10183755000.0
GENIL,2025-06-30,10.1861,300000000.0,45900000000.0,10993050000.0
GENIL,2025-07-31,12.3764,300000000.0,55769998168.94531,13356914561.462402
GENIL,2025-08-29,11.9653,300000000.0,53880001831.05469,12904260438.537598
GENIL,2025-09-30,12.3184,300000000.0,55469998168.94531,13273970561.828613
GENIL,2025-10-31,12.7581,300000000.0,57450000000.0,13747785000.0
GENIL,2025-11-28,12.4467,300000000.0,56009999084.47266,13403192780.914309
GENIL,2025-12-31,13.2667,300000000.0,59700000000.0,14250390000.0
GENIL,2026-01-30,8.0333,300000000.0,36150000000.0,8629005000.0
GENIL,2026-02-27,7.81,4500000000.0,35144999742.50793,8919800934.648514
GENIL,2026-03-31,10.7,4500000000.0,48149999141.69312,12181949782.848358
GENIL,2026-04-30,9.26,4500000000.0,41670001029.96826,10450836258.31604
GENIL,2026-05-26,9.36,4500000000.0,42119998455.04761,10841687602.329254
GENIL,2026-06-30,9.21,4500000000.0,41445000171.66138,10290793542.623522
GENIL,2026-07-21,9.07,4500000000.0,40814998626.70898,9803762670.135496
GESAN,2021-08-31,5.77,115000000.0,2654199991.2262,622940737.940789
GESAN,2021-09-30,6.275,115000000.0,2886500043.86902,677461560.296059
GESAN,2021-10-28,5.725,115000000.0,2633499956.13098,600964689.98909
GESAN,2021-11-30,5.71,115000000.0,2626600017.54761,599390124.004365
GESAN,2021-12-31,4.275,115000000.0,1966500043.86902,448755310.01091
GESAN,2022-01-31,4.4975,115000000.0,2068849973.67859,472111563.993454
GESAN,2022-02-28,4.6175,115000000.0,2124049921.03577,484708191.980363
GESAN,2022-03-31,4.705,115000000.0,2164299964.90479,493893251.991273
GESAN,2022-04-29,5.595,115000000.0,2573699903.48816,587318317.975998
GESAN,2022-05-31,7.15,115000000.0,3289000043.86902,750549810.01091
GESAN,2022-06-30,10.505,115000000.0,4832300052.64282,1102730872.013092
GESAN,2022-07-29,13.8125,115000000.0,6353750000.0,1449925750.0
GESAN,2022-08-31,16.75,115000000.0,7705000000.0,1758281000.0
GESAN,2022-09-30,21.0,115000000.0,9660000000.0,2204412000.0
GESAN,2022-10-31,41.0,115000000.0,18860000000.0,4303852000.0
GESAN,2022-11-30,57.7,115000000.0,26542000350.95215,6808023090.019226
GESAN,2022-12-30,59.525,115000000.0,27381500701.9043,7023354930.038453
GESAN,2023-01-31,61.0,115000000.0,28060000000.0,7197390000.0
GESAN,2023-02-28,62.65,115000000.0,28819000701.9043,7392073680.038453
GESAN,2023-03-31,65.825,115000000.0,30279498596.19141,7763663440.063478
GESAN,2023-04-28,67.0,460000000.0,30820000000.0,7902248000.0
GESAN,2023-05-31,59.9,460000000.0,27554000701.9043,7064845779.968263
GESAN,2023-06-27,59.25,460000000.0,27255000000.0,6988182000.0
GESAN,2023-07-31,94.8,460000000.0,43608001403.80859,11181091559.936522
GESAN,2023-08-31,92.8,460000000.0,42688001403.80859,10945203559.936522
GESAN,2023-09-29,105.0,460000000.0,48300000000.0,13746180000.0
GESAN,2023-10-31,86.2,460000000.0,39651998596.19141,11284958800.476074
GESAN,2023-11-30,82.2,460000000.0,37811998596.19141,10761294800.476074
GESAN,2023-12-29,66.6,460000000.0,30635999298.0957,8719005400.238035
GESAN,2024-01-31,77.8,460000000.0,35788001403.80859,10185265199.523926
GESAN,2024-02-29,77.5,460000000.0,35650000000.0,10145990000.0
GESAN,2024-03-29,70.2,460000000.0,32291998596.19141,9190302800.476074
GESAN,2024-04-30,71.05,460000000.0,32683001403.80859,9301582199.523926
GESAN,2024-05-31,60.1,460000000.0,27645999298.0957,7865286800.308227
GESAN,2024-06-28,51.0,460000000.0,23460000000.0,7223334000.0
GESAN,2024-07-31,48.3,460000000.0,22217999649.04785,6840922091.941833
GESAN,2024-08-29,43.58,460000000.0,20046800842.28516,6170405299.255372
GESAN,2024-09-30,41.3,460000000.0,18997999649.04785,5847584291.976928
GESAN,2024-10-31,43.44,460000000.0,19982399368.28613,6152580765.495299
GESAN,2024-11-29,46.5,460000000.0,21390000000.0,6583842000.0
GESAN,2024-12-31,47.18,460000000.0,21702800140.38086,6682292163.223267
GESAN,2025-01-31,51.25,460000000.0,23575000000.0,7258742500.0
GESAN,2025-02-28,47.4,460000000.0,21804000701.9043,6713451816.116334
GESAN,2025-03-28,44.34,460000000.0,20396400070.19043,6278011941.604614
GESAN,2025-04-30,40.5,460000000.0,18630000000.0,5734314000.0
GESAN,2025-05-30,42.92,460000000.0,19743199157.71484,6078931020.660399
GESAN,2025-06-30,40.5,460000000.0,18630000000.0,5736177000.0
GESAN,2025-07-31,50.0,460000000.0,23000000000.0,7081700000.0
GESAN,2025-08-29,47.66,460000000.0,21923599929.80957,6750276418.388367
GESAN,2025-09-30,45.2,460000000.0,20792000350.95215,6401856908.058167
GESAN,2025-10-31,47.2,460000000.0,21712000350.95215,6685124908.058167
GESAN,2025-11-28,43.06,460000000.0,19807600631.71387,6098760234.504701
GESAN,2025-12-31,46.4,460000000.0,21344000701.9043,6571817816.116334
GESAN,2026-01-30,55.45,460000000.0,25507000350.95215,7853605408.058167
GESAN,2026-02-27,46.14,460000000.0,21224399719.23828,6537115113.52539
GESAN,2026-03-31,45.9,460000000.0,21114000701.9043,6503112216.186524
GESAN,2026-04-30,49.8,460000000.0,22907999649.04785,7053373091.941833
GESAN,2026-05-26,75.5,460000000.0,34730000000.0,10696840000.0
GESAN,2026-06-30,71.5,460000000.0,32890000000.0,12567269000.0
GESAN,2026-07-21,87.05,460000000.0,40043001403.80859,15296426536.25488
GLRMK,2025-01-31,151.8,322600000.0,48970680984.49707,5881378786.238098
GLRMK,2025-02-28,133.6,322600000.0,43099361968.99414,5176233372.476196
GLRMK,2025-03-28,154.0,322600000.0,49680400000.0,5966616040.0
GLRMK,2025-04-30,150.0,322600000.0,48390000000.0,5811639000.0
GLRMK,2025-05-30,134.6,322600000.0,43421961968.99414,5214977632.476196
GLRMK,2025-06-30,134.3,322600000.0,43325180984.49707,5199021718.139648
GLRMK,2025-07-31,160.3,322600000.0,51712780984.49707,6210704996.238098
GLRMK,2025-08-29,166.8,322600000.0,53809680984.49707,6462542686.238098
GLRMK,2025-09-30,175.2,322600000.0,56519519015.50293,6787994233.761902
GLRMK,2025-10-31,195.4,322600000.0,63036038031.00586,7570628167.523804
GLRMK,2025-11-28,170.6,322600000.0,55035561968.99414,6609770992.476196
GLRMK,2025-12-31,175.0,322600000.0,56455000000.0,6780245500.0
GLRMK,2026-01-30,194.8,322600000.0,62842480984.49707,7547381966.238098
GLRMK,2026-02-27,167.5,322600000.0,54035500000.0,6489663550.0
GLRMK,2026-03-31,181.7,322600000.0,58616419015.50293,7039831923.761902
GLRMK,2026-04-30,189.5,322600000.0,61132700000.0,19507444570.0
GLRMK,2026-05-26,170.1,322600000.0,54874261968.99414,17510376994.30603
GLRMK,2026-06-30,171.6,322600000.0,55358161968.99414,14609018943.617554
GLRMK,2026-07-21,159.5,322600000.0,51454700000.0,13568604390.0
GRSEL,2022-03-31,7.9369,102000000.0,828239988.32703,178568541.483308
GRSEL,2022-04-29,8.2301,102000000.0,858840007.78198,185165905.677795
GRSEL,2022-05-31,7.9271,102000000.0,827219964.98108,178348624.449921
GRSEL,2022-06-30,7.5557,102000000.0,788460001.9455,169991976.41945
GRSEL,2022-07-29,7.6339,102000000.0,796619994.16351,171751270.741653
GRSEL,2022-08-31,9.276,102000000.0,967979976.65405,208696482.966613
GRSEL,2022-09-30,9.1108,102000000.0,940440027.23694,202758869.872284
GRSEL,2022-10-31,13.3203,102000000.0,1374959953.30811,296441365.933229
GRSEL,2022-11-30,19.5358,102000000.0,2016540046.69189,434766034.066771
GRSEL,2022-12-30,17.0852,102000000.0,1763580093.38379,380227868.133545
GRSEL,2023-01-31,12.5496,102000000.0,1295399980.54504,279288235.805511
GRSEL,2023-02-28,11.9171,102000000.0,1230120042.8009,265213881.227874
GRSEL,2023-03-31,16.5219,102000000.0,1705439929.96216,367692848.899842
GRSEL,2023-04-28,15.3658,102000000.0,1586100019.45496,341963164.194489
GRSEL,2023-05-31,16.018,102000000.0,1653419906.61621,356477331.866455
GRSEL,2023-06-27,20.8896,102000000.0,2156279937.74414,464893954.577637
GRSEL,2023-07-31,24.2098,102000000.0,2499000000.0,538784400.0
GRSEL,2023-08-31,41.957,102000000.0,4330919906.61621,933746331.866455
GRSEL,2023-09-29,56.0283,102000000.0,5783400077.81982,1246901056.777953
GRSEL,2023-10-31,63.3285,102000000.0,6528000000.0,1407436800.0
GRSEL,2023-11-30,71.9867,102000000.0,7420500000.0,1599859800.0
GRSEL,2023-12-29,67.3855,102000000.0,6946199844.36035,1497600686.444091
GRSEL,2024-01-31,73.6194,102000000.0,7588800155.63965,1636145313.555909
GRSEL,2024-02-29,79.6554,102000000.0,8211000000.0,1770291600.0
GRSEL,2024-03-29,80.1501,102000000.0,8262000000.0,1781287200.0
GRSEL,2024-04-30,107.6584,102000000.0,11097600311.2793,2392642627.111817
GRSEL,2024-05-31,132.594,102000000.0,13668000000.0,2946820800.0
GRSEL,2024-06-28,142.5006,102000000.0,14667600311.2793,3162334627.111817
GRSEL,2024-07-31,131.2036,102000000.0,13504799377.44141,2911634745.776368
GRSEL,2024-08-29,140.2214,102000000.0,14433000000.0,3111754800.0
GRSEL,2024-09-30,132.8883,102000000.0,13678200622.55859,2949020054.223632
GRSEL,2024-10-31,138.5716,102000000.0,14239200622.55859,3069971654.223632
GRSEL,2024-11-29,176.788,102000000.0,18166200622.55859,3916632854.223632
GRSEL,2024-12-31,193.9605,102000000.0,19930799377.44141,4297080345.776368
GRSEL,2025-01-31,192.0746,102000000.0,19737000000.0,4255297200.0
GRSEL,2025-02-28,225.8241,102000000.0,23205000000.0,5002998000.0
GRSEL,2025-03-28,226.2211,102000000.0,23245799377.44141,5011794345.776368
GRSEL,2025-04-30,287.8637,102000000.0,29580000000.0,6377448000.0
GRSEL,2025-05-30,268.011,102000000.0,27540000000.0,5937624000.0
GRSEL,2025-06-30,283.8931,102000000.0,29172000000.0,6289483200.0
GRSEL,2025-07-31,299.6277,102000000.0,30702000000.0,8922001200.0
GRSEL,2025-08-29,332.9749,102000000.0,34119000000.0,9914981400.0
GRSEL,2025-09-30,366.3222,102000000.0,37536000000.0,10907961600.0
GRSEL,2025-10-31,339.6942,102000000.0,34807500000.0,10115059500.0
GRSEL,2025-11-28,308.5866,102000000.0,31620000000.0,9188772000.0
GRSEL,2025-12-31,318.541,102000000.0,32640000000.0,9485184000.0
GRSEL,2026-01-30,378.5163,102000000.0,38785500000.0,11271066300.0
GRSEL,2026-02-27,360.5984,102000000.0,36949500000.0,10737524700.0
GRSEL,2026-03-31,308.0889,102000000.0,31569000000.0,9173951400.0
GRSEL,2026-04-30,297.6368,102000000.0,30498000000.0,8859669000.0
GRSEL,2026-05-26,316.5,102000000.0,32283000000.0,9381439800.0
GRSEL,2026-06-30,306.0,102000000.0,31212000000.0,6904094400.0
GRSEL,2026-07-21,326.0,102000000.0,33252000000.0,7352017200.0
GRTHO,2023-04-28,23.3126,125000000.0,2924999952.31628,
GRTHO,2023-05-31,19.1881,125000000.0,2407500028.61023,
GRTHO,2023-06-27,20.4235,125000000.0,2562500000.0,
GRTHO,2023-07-31,29.2504,125000000.0,3670000076.29395,
GRTHO,2023-08-31,40.0062,125000000.0,5017499923.70605,
GRTHO,2023-09-29,37.0362,125000000.0,4644999980.92651,
GRTHO,2023-10-31,32.6708,125000000.0,4097499847.41211,
GRTHO,2023-11-30,35.88,125000000.0,4500000000.0,
GRTHO,2023-12-29,41.1026,125000000.0,5155000209.80835,
GRTHO,2024-01-31,63.3382,125000000.0,7943749904.63257,
GRTHO,2024-02-29,63.0891,125000000.0,7912499904.63257,
GRTHO,2024-03-29,67.7236,125000000.0,8493749618.53027,
GRTHO,2024-04-30,74.2019,125000000.0,9306249618.53027,
GRTHO,2024-05-31,59.6007,125000000.0,7474999904.63257,
GRTHO,2024-06-28,63.0392,125000000.0,7906250000.0,
GRTHO,2024-07-31,77.8345,125000000.0,9756250381.46973,
GRTHO,2024-08-29,104.7101,125000000.0,13125000000.0,
GRTHO,2024-09-30,107.7336,125000000.0,13500000000.0,
GRTHO,2024-10-31,122.9959,125000000.0,15412500381.46973,3080958826.255799
GRTHO,2024-11-29,155.8147,125000000.0,19524999618.53027,3903047423.744201
GRTHO,2024-12-31,149.1707,125000000.0,18687500000.0,5417506250.0
GRTHO,2025-01-31,158.2507,125000000.0,19825000762.93945,5747267721.176147
GRTHO,2025-02-28,235.4802,125000000.0,29500000000.0,8552050000.0
GRTHO,2025-03-28,329.5227,125000000.0,41281250000.0,11967434375.0
GRTHO,2025-04-30,299.3393,125000000.0,37500000000.0,10871250000.0
GRTHO,2025-05-30,288.6129,125000000.0,36156250000.0,10481696875.0
GRTHO,2025-06-30,332.5161,125000000.0,41656250000.0,12076146875.0
GRTHO,2025-07-31,460.9825,125000000.0,57750000000.0,16741725000.0
GRTHO,2025-08-29,442.0244,125000000.0,55375000000.0,16053212500.0
GRTHO,2025-09-30,490.1681,125000000.0,61406250000.0,17801671875.0
GRTHO,2025-10-31,458.7375,125000000.0,57468750000.0,16660190625.0
GRTHO,2025-11-28,271.8998,125000000.0,34062500000.0,9874718750.0
GRTHO,2025-12-31,286.8668,125000000.0,35937500000.0,10418281250.0
GRTHO,2026-01-30,221.112,125000000.0,27700000762.93945,8071780222.320556
GRTHO,2026-02-27,227.6974,125000000.0,28524999618.53027,8292217389.106749
GRTHO,2026-03-31,225.5023,125000000.0,28250000000.0,8189675000.0
GRTHO,2026-04-30,257.4318,125000000.0,32250000000.0,9349275000.0
GRTHO,2026-05-26,205.6,125000000.0,25700000762.93945,7450430221.176147
GRTHO,2026-06-30,250.0,125000000.0,31250000000.0,6400000000.0
GRTHO,2026-07-21,233.9,125000000.0,29237499237.06055,5900127346.038819
GSRAY,2016-07-29,0.2126,21645000.0,446319918.16521,124969577.086259
GSRAY,2016-08-31,0.2128,21645000.0,446752786.78894,125090780.300903
GSRAY,2016-09-30,0.3316,21645000.0,696103196.69724,194908895.075227
GSRAY,2016-10-31,0.3804,21645000.0,798700533.02765,223636149.247742
GSRAY,2016-11-30,0.3023,21645000.0,634631393.39447,177696790.150452
GSRAY,2016-12-30,0.333,21645000.0,699133483.48618,195757375.37613
GSRAY,2017-01-31,0.3322,21645000.0,697401926.42212,195272539.398194
GSRAY,2017-02-28,0.3101,21645000.0,651081598.34862,182302847.537614
GSRAY,2017-03-31,0.2512,21645000.0,527272213.21106,147636219.699097
GSRAY,2017-04-28,0.2495,21645000.0,523809016.51382,146666524.62387
GSRAY,2017-05-31,0.3268,21645000.0,686146516.51382,233289815.614699
GSRAY,2017-06-30,0.2945,21645000.0,618181188.44032,210181604.069709
GSRAY,2017-07-31,0.3182,108000000.0,761400020.59937,258876007.003786
GSRAY,2017-08-31,0.3656,108000000.0,874800041.19873,297432014.007568
GSRAY,2017-09-29,0.3453,108000000.0,826200010.29968,280908003.501891
GSRAY,2017-10-31,0.3751,108000000.0,897480045.3186,305143215.408324
GSRAY,2017-11-30,0.2677,108000000.0,640439981.46057,217749593.696594
GSRAY,2017-12-29,0.2808,108000000.0,671759977.3407,228398392.295838
GSRAY,2018-01-31,0.2817,108000000.0,673919975.28076,229132791.595458
GSRAY,2018-02-28,0.2695,108000000.0,644759977.3407,219218392.295838
GSRAY,2018-03-30,0.3186,540000000.0,1285200061.7981,436968021.011354
GSRAY,2018-04-30,0.3025,540000000.0,1220399994.85016,414935998.249054
GSRAY,2018-05-31,0.2543,540000000.0,1025999987.1254,348839995.622636
GSRAY,2018-06-29,0.2383,540000000.0,961199984.55048,326807994.747163
GSRAY,2018-07-31,0.2316,540000000.0,934200010.29968,313610943.457603
GSRAY,2018-08-31,0.2209,540000000.0,890999987.1254,299108695.677997
GSRAY,2018-09-28,0.2128,540000000.0,858600018.02444,288232026.050805
GSRAY,2018-10-31,0.162,540000000.0,653400020.59937,219346386.915209
GSRAY,2018-11-30,0.1633,540000000.0,658800015.44952,221159165.186404
GSRAY,2018-12-31,0.166,540000000.0,669600005.14984,224784721.728801
GSRAY,2019-01-31,0.1994,540000000.0,804600005.14984,270104221.728801
GSRAY,2019-02-28,0.2008,540000000.0,810000000.0,271917000.0
GSRAY,2019-03-29,0.162,540000000.0,653400020.59937,219346386.915209
GSRAY,2019-04-30,0.2905,540000000.0,1171800041.19873,393373273.830414
GSRAY,2019-05-31,0.1887,540000000.0,761399981.97556,255601973.949195
GSRAY,2019-06-28,0.1968,540000000.0,793800015.44952,266478665.186404
GSRAY,2019-07-31,0.1968,540000000.0,793800015.44952,266478665.186404
GSRAY,2019-08-29,0.2061,540000000.0,831599979.40063,279168113.084791
GSRAY,2019-09-30,0.2209,540000000.0,890999987.1254,299108695.677997
GSRAY,2019-10-31,0.2101,540000000.0,847800028.32413,284606469.50841
GSRAY,2019-11-29,0.2516,540000000.0,1015199997.42508,340701119.135857
GSRAY,2019-12-31,0.2717,540000000.0,1096199984.55048,367884714.815141
GSRAY,2020-01-31,0.3132,540000000.0,1263599953.65143,447061663.601876
GSRAY,2020-02-28,0.5033,540000000.0,2030399994.85016,794495517.984868
GSRAY,2020-03-31,0.2971,540000000.0,1198800015.44952,469090446.045397
GSRAY,2020-04-30,0.3453,540000000.0,1393199958.80127,545159143.878937
GSRAY,2020-05-29,0.4538,540000000.0,1830600056.64825,716313802.16646
GSRAY,2020-06-30,0.3895,540000000.0,1571400046.34857,614888838.136195
GSRAY,2020-07-30,0.332,540000000.0,1339200010.29968,524028964.030265
GSRAY,2020-08-31,0.4149,540000000.0,1673999948.50159,655036179.848672
GSRAY,2020-09-30,0.5689,540000000.0,2295000000.0,898033500.0
GSRAY,2020-10-30,0.4538,540000000.0,1830600056.64825,731873902.64797
GSRAY,2020-11-30,0.5046,540000000.0,2035799989.70032,813912835.882188
GSRAY,2020-12-31,0.5421,540000000.0,2187000102.99683,874362641.178133
GSRAY,2021-01-29,0.4912,540000000.0,1981800041.19873,792323656.471252
GSRAY,2021-02-26,0.5715,540000000.0,2305799989.70032,921858835.882188
GSRAY,2021-03-31,0.4939,540000000.0,1992600030.89905,796840752.35653
GSRAY,2021-04-30,0.4216,540000000.0,1701000051.49841,680229920.594214
GSRAY,2021-05-31,0.435,540000000.0,1755000000.0,701824500.0
GSRAY,2021-06-30,0.4805,540000000.0,1938599953.65143,775246121.465207
GSRAY,2021-07-30,0.5073,540000000.0,2046599979.40063,818435331.762312
GSRAY,2021-08-31,0.4698,540000000.0,1895399994.85016,757970457.940579
GSRAY,2021-09-30,0.4337,540000000.0,1749600005.14984,699665042.059421
GSRAY,2021-10-28,0.4832,540000000.0,1949399943.35175,779565037.346365
GSRAY,2021-11-30,0.518,540000000.0,2089799938.2019,835710995.28694
GSRAY,2021-12-31,0.435,540000000.0,1755000000.0,701824500.0
GSRAY,2022-01-31,0.419,540000000.0,1690200061.7981,675911004.71306
GSRAY,2022-02-28,0.3761,540000000.0,1517399969.10095,606808247.64347
GSRAY,2022-03-31,0.4176,540000000.0,1684799938.2019,673751495.28694
GSRAY,2022-04-29,0.439,540000000.0,1771199984.55048,708302873.821737
GSRAY,2022-05-31,0.51,540000000.0,2057399969.10095,822754247.64347
GSRAY,2022-06-30,0.4993,540000000.0,2014200010.29968,805478584.118842
GSRAY,2022-07-29,0.5247,540000000.0,2116800041.19873,846508336.475372
GSRAY,2022-08-31,0.7951,540000000.0,3207600030.89905,1282719252.35653
GSRAY,2022-09-30,0.7549,540000000.0,3045599927.90222,1217935411.168098
GSRAY,2022-10-31,0.7148,540000000.0,2883600082.39746,1153151672.950744
GSRAY,2022-11-30,1.0119,540000000.0,4082399969.10095,1632551747.64347
GSRAY,2022-12-30,1.0588,540000000.0,4271399917.60254,1708132827.049256
GSRAY,2023-01-31,1.2569,540000000.0,5070600185.39429,2027733014.139177
GSRAY,2023-02-28,1.1819,540000000.0,4768199958.80127,1906803163.524628
GSRAY,2023-03-31,1.1591,540000000.0,4676399917.60254,1869624687.057495
GSRAY,2023-04-28,1.2047,540000000.0,4860000000.0,1943028000.0
GSRAY,2023-05-31,1.0748,540000000.0,4336199855.80444,1733612702.350615
GSRAY,2023-06-27,1.1217,540000000.0,4525200061.7981,1809174984.70688
GSRAY,2023-07-31,1.7026,540000000.0,6868800144.19556,2746146297.649385
GSRAY,2023-08-31,2.2158,1080000000.0,9720000000.0,3886056000.0
GSRAY,2023-09-29,1.8687,1080000000.0,8197200164.79492,3277240625.885009
GSRAY,2023-10-31,2.1542,1080000000.0,9450000000.0,3778110000.0
GSRAY,2023-11-30,1.9425,1080000000.0,8521199855.80444,3405923582.365035
GSRAY,2023-12-29,1.5511,1080000000.0,6804000205.99365,2719558882.335662
GSRAY,2024-01-31,1.7702,1080000000.0,7765200061.7981,3103750464.700701
GSRAY,2024-02-29,1.7283,1080000000.0,7581599979.40063,3030365511.766432
GSRAY,2024-03-29,1.6569,1080000000.0,7268400020.59937,2905179488.233568
GSRAY,2024-04-30,2.169,1080000000.0,9514800453.18604,3803065741.13846
GSRAY,2024-05-31,1.9548,1080000000.0,8575200061.7981,3427507464.700701
GSRAY,2024-06-28,2.1739,1080000000.0,9536399917.60254,3810745407.073975
GSRAY,2024-07-31,1.945,1080000000.0,8532000102.99683,3408534041.147234
GSRAY,2024-08-29,1.8342,1080000000.0,8045999794.00635,3211963117.767335
GSRAY,2024-09-30,1.7283,1080000000.0,7581599979.40063,3026574711.776731
GSRAY,2024-10-31,1.7456,1080000000.0,7657200164.79492,3055222865.753173
GSRAY,2024-11-29,1.7283,1080000000.0,7581599979.40063,3025058391.780851
GSRAY,2024-12-31,1.5134,5400000000.0,10853999948.50159,4330745979.452134
GSRAY,2025-01-31,1.5059,5400000000.0,10800000000.0,4313520000.0
GSRAY,2025-02-28,1.3929,5400000000.0,9990000128.74603,3990006051.421164
GSRAY,2025-03-28,1.4908,5400000000.0,10692000102.99683,4271454041.147234
GSRAY,2025-04-30,1.5285,5400000000.0,10961999845.50476,4380415138.263702
GSRAY,2025-05-30,1.3478,5400000000.0,9665999794.00635,3862533517.684937
GSRAY,2025-06-30,1.2348,5400000000.0,8855999922.75238,3537971969.139576
GSRAY,2025-07-31,1.41,13500000000.0,19034999549.38889,7606385819.9358
GSRAY,2025-08-29,1.66,13500000000.0,22409999549.38889,8957276819.89074
GSRAY,2025-09-30,1.41,13500000000.0,19034999549.38889,7608289319.890739
GSRAY,2025-10-31,1.47,13500000000.0,19845000386.2381,7932046654.379369
GSRAY,2025-11-28,1.27,13500000000.0,17144999742.50793,6839140397.286413
GSRAY,2025-12-31,1.16,13500000000.0,15659999549.38889,6257735819.9358
GSRAY,2026-01-30,1.18,13500000000.0,15929999291.89682,6365627717.041969
GSRAY,2026-02-27,1.2,13500000000.0,16200000643.73016,6473520257.234572
GSRAY,2026-03-31,1.05,13500000000.0,14174999356.26984,5664329742.765428
GSRAY,2026-04-30,1.17,13500000000.0,15794999420.64285,6311681768.488883
GSRAY,2026-05-26,1.05,13500000000.0,14174999356.26984,5662912242.829801
GSRAY,2026-06-30,1.02,13500000000.0,13769999742.50793,5502491897.106169
GSRAY,2026-07-21,1.0,13500000000.0,13500000000.0,5394600000.0
GUBRF,2016-07-29,5.44,334000000.0,1816960019.11163,399731204.204559
GUBRF,2016-08-31,5.16,334000000.0,1723439949.03564,379156788.787841
GUBRF,2016-09-30,4.83,334000000.0,1613219974.51782,354908394.39392
GUBRF,2016-10-31,5.1,334000000.0,1703399968.14728,374747992.992402
GUBRF,2016-11-30,4.28,334000000.0,1429520070.07599,314494415.416718
GUBRF,2016-12-30,4.38,334000000.0,1462920038.22327,321842408.409119
GUBRF,2017-01-31,4.86,334000000.0,1623240044.59381,357112809.810638
GUBRF,2017-02-28,4.94,334000000.0,1649960019.11163,362991204.204559
GUBRF,2017-03-31,4.56,334000000.0,1523039980.88837,335068795.795441
GUBRF,2017-04-28,4.88,334000000.0,1629920038.22327,358582408.409119
GUBRF,2017-05-31,4.86,334000000.0,1623240044.59381,357112809.810638
GUBRF,2017-06-30,4.99,334000000.0,1666659923.55347,366665183.181763
GUBRF,2017-07-31,5.37,334000000.0,1793579961.77673,394587591.590881
GUBRF,2017-08-31,5.03,334000000.0,1680020070.07599,369604415.416718
GUBRF,2017-09-29,4.65,334000000.0,1553100031.85272,341682007.007598
GUBRF,2017-10-31,4.72,334000000.0,1576479929.92401,346825584.583282
GUBRF,2017-11-30,3.64,334000000.0,1215760035.03799,267467207.708358
GUBRF,2017-12-29,4.23,334000000.0,1412820006.37054,310820401.401519
GUBRF,2018-01-31,4.5,334000000.0,1503000000.0,330660000.0
GUBRF,2018-02-28,4.53,334000000.0,1513020070.07599,332864415.416718
GUBRF,2018-03-30,4.15,334000000.0,1386100031.85272,304942007.007598
GUBRF,2018-04-30,3.85,334000000.0,1285899968.14728,282897992.992402
GUBRF,2018-05-31,3.19,334000000.0,1065460019.11163,234401204.204559
GUBRF,2018-06-29,3.54,334000000.0,1182359987.25891,260119197.19696
GUBRF,2018-07-31,3.55,334000000.0,1185699984.07364,279943766.239786
GUBRF,2018-08-31,3.01,334000000.0,1005339996.81473,237360773.247958
GUBRF,2018-09-28,3.09,334000000.0,1032059971.33255,243669359.231615
GUBRF,2018-10-31,2.97,334000000.0,991980009.55582,234206480.256129
GUBRF,2018-11-30,2.89,334000000.0,965260035.03799,227897894.272469
GUBRF,2018-12-31,2.96,334000000.0,988640012.74109,233417907.008171
GUBRF,2019-01-31,3.2,334000000.0,1068800015.92636,252343683.760214
GUBRF,2019-02-28,3.26,334000000.0,1088839996.81473,257184007.247639
GUBRF,2019-03-29,2.73,334000000.0,911820006.37054,215280703.504084
GUBRF,2019-04-30,2.67,334000000.0,891780025.48218,210549264.016343
GUBRF,2019-05-31,2.47,334000000.0,824980009.55582,194777780.256129
GUBRF,2019-06-28,2.57,334000000.0,858379977.70309,202663512.7357
GUBRF,2019-07-31,3.5,334000000.0,1169000000.0,276000900.0
GUBRF,2019-08-29,4.13,334000000.0,1379420038.22327,325681071.024514
GUBRF,2019-09-30,5.69,334000000.0,1900460019.11163,448698610.512256
GUBRF,2019-10-31,5.6,334000000.0,1870399968.14728,441788472.476388
GUBRF,2019-11-29,6.82,334000000.0,2277880057.3349,538035269.542503
GUBRF,2019-12-31,9.04,334000000.0,3019359987.25891,713172828.990555
GUBRF,2020-01-31,10.25,334000000.0,3423500000.0,808630700.0
GUBRF,2020-02-28,17.05,334000000.0,5694699745.17822,1345657549.785613
GUBRF,2020-03-31,14.63,334000000.0,4886420038.22327,1154661055.032159
GUBRF,2020-04-30,16.0,334000000.0,5344000000.0,1259046400.0
GUBRF,2020-05-29,22.58,334000000.0,7541719974.51782,1776829225.996398
GUBRF,2020-06-30,27.68,334000000.0,9245120101.92871,2178150296.014404
GUBRF,2020-07-30,29.2,334000000.0,9752800254.82178,2297759740.036011
GUBRF,2020-08-31,29.68,334000000.0,9913120101.92871,2335531096.014404
GUBRF,2020-09-30,32.12,334000000.0,10728079643.24951,2527535563.949585
GUBRF,2020-10-30,33.34,334000000.0,11135560050.96436,2623537948.007203
GUBRF,2020-11-30,51.7,334000000.0,17267800254.82178,4099375780.494691
GUBRF,2020-12-31,86.05,334000000.0,28740701019.28711,6823042421.97876
GUBRF,2021-01-29,72.5,334000000.0,24215000000.0,5751062500.0
GUBRF,2021-02-26,79.8,334000000.0,26653201019.28711,6340796522.488403
GUBRF,2021-03-31,73.1,334000000.0,24415399490.35645,5808423538.755799
GUBRF,2021-04-30,60.55,334000000.0,20223699745.17822,4813240539.352416
GUBRF,2021-05-31,61.45,334000000.0,20524300254.82178,4884783460.647584
GUBRF,2021-06-30,51.55,334000000.0,17217699745.17822,4099534309.326934
GUBRF,2021-07-30,49.94,334000000.0,16679959541.3208,3971498366.788482
GUBRF,2021-08-31,51.85,334000000.0,17317899490.35645,4123391868.653871
GUBRF,2021-09-30,48.66,334000000.0,16252439949.03564,3869705951.865386
GUBRF,2021-10-28,68.75,334000000.0,22962500000.0,5453593750.0
GUBRF,2021-11-30,79.0,334000000.0,26386000000.0,6266675000.0
GUBRF,2021-12-31,76.85,334000000.0,25667899490.35645,6103826498.806764
GUBRF,2022-01-31,79.35,334000000.0,26502899490.35645,6302389498.806764
GUBRF,2022-02-28,76.1,334000000.0,25417399490.35645,6044257598.806764
GUBRF,2022-03-31,79.8,334000000.0,26653201019.28711,6308812681.265259
GUBRF,2022-04-29,80.3,334000000.0,26820201019.28711,6348341581.265259
GUBRF,2022-05-31,76.7,334000000.0,25617798980.71289,6063733018.734741
GUBRF,2022-06-30,70.95,334000000.0,23697298980.71289,5609150668.734741
GUBRF,2022-07-29,89.05,334000000.0,29742701019.28711,7040097331.265259
GUBRF,2022-08-31,117.0,334000000.0,39078000000.0,9249762600.0
GUBRF,2022-09-30,127.0,334000000.0,42418000000.0,10040340600.0
GUBRF,2022-10-31,145.5,334000000.0,48597000000.0,11366838300.0
GUBRF,2022-11-30,203.4,334000000.0,67935597961.42578,15910517042.565918
GUBRF,2022-12-30,264.3,334000000.0,88276195922.85156,20674285085.131836
GUBRF,2023-01-31,276.0,334000000.0,92184000000.0,21598711200.0
GUBRF,2023-02-28,231.7,334000000.0,77387798980.71289,18131961301.18103
GUBRF,2023-03-31,198.5,334000000.0,66299000000.0,15527225800.0
GUBRF,2023-04-28,202.1,334000000.0,67501402038.57422,15808828357.434082
GUBRF,2023-05-31,259.0,334000000.0,86506000000.0,20259705200.0
GUBRF,2023-06-27,271.2,334000000.0,90580804077.14844,21214024314.868164
GUBRF,2023-07-31,311.6,334000000.0,104074402038.57422,24374224957.434082
GUBRF,2023-08-31,357.2,334000000.0,119304804077.14844,27953115595.27588
GUBRF,2023-09-29,360.9,334000000.0,120540597961.42578,28230608042.565918
GUBRF,2023-10-31,328.1,334000000.0,109585402038.57422,25664901157.434082
GUBRF,2023-11-30,380.0,334000000.0,126920000000.0,29737356000.0
GUBRF,2023-12-29,153.8,334000000.0,51369201019.28711,12035803798.81897
GUBRF,2024-01-31,145.6,334000000.0,48630402038.57422,11612940006.811523
GUBRF,2024-02-29,200.6,334000000.0,67000402038.57422,15992995966.607666
GUBRF,2024-03-29,159.1,334000000.0,53139402038.57422,12689689206.811523
GUBRF,2024-04-30,154.1,334000000.0,51469402038.57422,12290893206.811523
GUBRF,2024-05-31,152.3,334000000.0,50868201019.28711,12147326403.405762
GUBRF,2024-06-28,140.2,334000000.0,46826798980.71289,11177556916.696167
GUBRF,2024-07-31,162.7,334000000.0,54341798980.71289,12971387416.696167
GUBRF,2024-08-29,169.7,334000000.0,56679798980.71289,13529468016.696167
GUBRF,2024-09-30,204.5,334000000.0,68303000000.0,16303926100.0
GUBRF,2024-10-31,201.9,334000000.0,67434597961.42578,16096638533.392334
GUBRF,2024-11-29,249.0,334000000.0,83166000000.0,19860040800.0
GUBRF,2024-12-31,287.0,334000000.0,95858000000.0,20226038000.0
GUBRF,2025-01-31,266.75,334000000.0,89094500000.0,18798939500.0
GUBRF,2025-02-28,276.0,334000000.0,92184000000.0,19450824000.0
GUBRF,2025-03-28,263.0,334000000.0,87842000000.0,18534662000.0
GUBRF,2025-04-30,274.5,334000000.0,91683000000.0,19345113000.0
GUBRF,2025-05-30,238.1,334000000.0,79525402038.57422,16787812370.343018
GUBRF,2025-06-30,228.3,334000000.0,76252201019.28711,16096839635.171509
GUBRF,2025-07-31,248.7,334000000.0,83065798980.71289,17526883584.93042
GUBRF,2025-08-29,291.5,334000000.0,97361000000.0,20543171000.0
GUBRF,2025-09-30,285.25,334000000.0,95273500000.0,19797833300.0
GUBRF,2025-10-31,316.5,334000000.0,105711000000.0,22315592100.0
GUBRF,2025-11-28,312.75,334000000.0,104458500000.0,21998960100.0
GUBRF,2025-12-31,348.0,334000000.0,116232000000.0,24524952000.0
GUBRF,2026-01-30,480.5,334000000.0,160487000000.0,33862757000.0
GUBRF,2026-02-27,532.0,334000000.0,177688000000.0,37492168000.0
GUBRF,2026-03-31,473.25,334000000.0,158065500000.0,33367627050.0
GUBRF,2026-04-30,530.5,334000000.0,177187000000.0,37421894400.0
GUBRF,2026-05-26,550.0,334000000.0,183700000000.0,38797440000.0
GUBRF,2026-06-30,442.75,334000000.0,147878500000.0,31231939200.0
GUBRF,2026-07-21,416.25,334000000.0,139027500000.0,29362608000.0
HALKB,2016-07-29,7.5488,1250000000.0,9825000166.89301,4814250081.777575
HALKB,2016-08-31,8.5284,1250000000.0,11100000143.05115,5439000070.095064
HALKB,2016-09-30,8.7589,1250000000.0,11399999856.94885,5585999929.904937
HALKB,2016-10-31,9.0278,1250000000.0,11749999523.16284,5757499766.349792
HALKB,2016-11-30,8.442,1250000000.0,10987499952.31628,5383874976.634977
HALKB,2016-12-30,8.9702,1250000000.0,11675000190.73486,5720750093.460081
HALKB,2017-01-31,10.7854,1250000000.0,14037499427.79541,6878374719.619751
HALKB,2017-02-28,10.8238,1250000000.0,14087500572.20459,6902875280.380249
HALKB,2017-03-31,9.9594,1250000000.0,12962499856.94885,6351624929.904937
HALKB,2017-04-28,11.3136,1250000000.0,14724999666.21399,7215249836.444855
HALKB,2017-05-31,12.1971,1250000000.0,15874999761.58142,7778749883.174896
HALKB,2017-06-30,12.8282,1250000000.0,16437499523.16284,8054374766.349792
HALKB,2017-07-31,14.7208,1250000000.0,18862500190.73486,9242625093.460081
HALKB,2017-08-31,14.4574,1250000000.0,18524999618.53027,9077249813.079832
HALKB,2017-09-29,11.8234,1250000000.0,15149999856.94885,7423499929.904937
HALKB,2017-10-31,10.7894,1250000000.0,13825000524.52087,6774250257.015226
HALKB,2017-11-30,8.6627,1250000000.0,11100000143.05115,5439000070.095064
HALKB,2017-12-29,10.5162,1250000000.0,13474999666.21399,6602749836.444855
HALKB,2018-01-31,9.8919,1250000000.0,12675000429.15344,6210750210.285186
HALKB,2018-02-28,9.3944,1250000000.0,12037500143.05115,5898375070.095064
HALKB,2018-03-30,8.731,1250000000.0,11187499761.58142,5481874883.174896
HALKB,2018-04-30,8.0676,1250000000.0,10337500572.20459,5065375280.380249
HALKB,2018-05-31,7.4921,1250000000.0,9599999785.42328,4703999894.857407
HALKB,2018-06-29,7.2189,1250000000.0,9250000119.20929,4532500058.412552
HALKB,2018-07-31,6.7604,1250000000.0,8662499785.42328,4209108645.737172
HALKB,2018-08-31,6.14,1250000000.0,7674999833.10699,3733887418.806551
HALKB,2018-09-28,6.69,1250000000.0,8362500071.52557,4070028784.811495
HALKB,2018-10-31,6.17,1250000000.0,7712500095.36743,3753673796.415328
HALKB,2018-11-30,7.21,1250000000.0,9012500047.68372,4384581273.19813
HALKB,2018-12-31,7.02,1250000000.0,8774999976.15814,4263772488.41524
HALKB,2019-01-31,7.6,1250000000.0,9499999880.79071,4619849942.028522
HALKB,2019-02-28,7.65,1250000000.0,9562500119.20929,4627293807.685375
HALKB,2019-03-29,6.38,1250000000.0,7975000143.05115,3859102569.222451
HALKB,2019-04-30,5.85,1250000000.0,7312499880.79071,3542174942.25502
HALKB,2019-05-31,5.3,1250000000.0,6625000238.41858,3208487615.466118
HALKB,2019-06-28,5.74,1250000000.0,7174999713.89771,3474852361.440661
HALKB,2019-07-31,6.02,1250000000.0,7524999976.15814,3644357488.453387
HALKB,2019-08-29,5.68,1250000000.0,7099999785.42328,3437819896.101952
HALKB,2019-09-30,6.56,1250000000.0,8199999928.47443,3970439965.367319
HALKB,2019-10-31,5.24,1250000000.0,6549999713.89771,3172164861.440661
HALKB,2019-11-29,5.77,1250000000.0,7212499976.15814,3493013738.453387
HALKB,2019-12-31,5.91,1250000000.0,7387499809.26514,3574811157.703401
HALKB,2020-01-31,6.92,1250000000.0,8650000095.36743,4185735046.148299
HALKB,2020-02-28,5.98,1250000000.0,7475000023.84186,3617152511.537076
HALKB,2020-03-31,5.02,1250000000.0,6274999976.15814,3036472488.462924
HALKB,2020-04-30,5.2,1250000000.0,6499999761.58142,3171349883.675575
HALKB,2020-05-29,5.32,2473776224.0,13160489936.33183,3026912685.356321
HALKB,2020-06-30,6.41,2473776224.0,15856905218.3717,3908727136.328624
HALKB,2020-07-30,5.52,2473776224.0,13655244709.29646,3364652296.370648
HALKB,2020-08-31,4.91,2473776224.0,12146240882.3717,2992833753.416387
HALKB,2020-09-30,5.13,2473776224.0,12690472312.22122,3126932377.731309
HALKB,2020-10-30,4.7,2473776224.0,11626747780.96463,2864830653.229685
HALKB,2020-11-30,5.35,2473776224.0,13234702562.48232,3261030711.395644
HALKB,2020-12-31,5.56,2473776224.0,13754195663.88939,3390409231.148735
HALKB,2021-01-29,5.26,2473776224.0,13012063504.44244,3206172447.494617
HALKB,2021-02-26,5.35,2473776224.0,13234702562.48232,3263677651.90814
HALKB,2021-03-31,4.32,2473776224.0,10686713712.33183,2637480944.203496
HALKB,2021-04-30,4.29,2473776224.0,10612499906.59293,2619164976.947135
HALKB,2021-05-31,4.54,2473776224.0,11230943962.59293,2772920064.364194
HALKB,2021-06-30,5.05,2473776224.0,12492570403.03537,3084415632.509433
HALKB,2021-07-30,4.59,2473776224.0,11354633245.6283,2803458948.345627
HALKB,2021-08-31,4.76,2473776224.0,11775175392.44244,2907290804.394038
HALKB,2021-09-30,4.3,2473776224.0,10637238235.03537,2626334120.230233
HALKB,2021-10-28,4.43,2473776224.0,10958828247.66817,2705734694.349271
HALKB,2021-11-30,4.79,2473776224.0,11849388018.59293,2925613901.790594
HALKB,2021-12-31,4.51,2473776224.0,11156731336.44244,2754596966.967638
HALKB,2022-01-31,4.91,2473776224.0,12146240882.3717,2998906873.857573
HALKB,2022-02-28,4.38,2473776224.0,10835140144.22122,2675196101.608219
HALKB,2022-03-31,4.73,4969120730.0,23503941147.67846,2888634367.049683
HALKB,2022-04-29,5.41,4969120730.0,26882942391.07235,3303913619.862792
HALKB,2022-05-31,5.79,4969120730.0,28771208837.14309,3535981566.084886
HALKB,2022-06-30,4.9,4969120730.0,24348692050.89228,2992454253.054661
HALKB,2022-07-29,4.85,4969120730.0,24100235066.60772,2961918889.686089
HALKB,2022-08-31,8.62,4969120730.0,42833820123.92926,5264276493.230906
HALKB,2022-09-30,6.98,4969120730.0,34684462790.17846,4262720476.912933
HALKB,2022-10-31,8.24,4969120730.0,40945553677.85852,5032208547.008812
HALKB,2022-11-30,10.12,4969120730.0,50287501218.92926,6180333899.806406
HALKB,2022-12-30,13.29,4969120730.0,66039614312.14309,8116268598.962386
HALKB,2023-01-31,10.5,4969120730.0,52175767665.0,6412401846.0285
HALKB,2023-02-28,11.52,4969120730.0,57244273084.28295,7035321162.058375
HALKB,2023-03-31,11.05,7184778041.963,79391798734.07881,9757252064.418285
HALKB,2023-04-28,10.51,7184778041.963,75512018865.49632,6418521603.567187
HALKB,2023-05-31,12.67,7184778041.963,91031138339.82628,7737646758.885234
HALKB,2023-06-27,12.48,7184778041.963,89666026674.76787,7621612267.355269
HALKB,2023-07-31,14.41,7184778041.963,103532650488.37671,8800275291.51202
HALKB,2023-08-31,13.34,7184778041.963,95844940176.09656,8146819914.968208
HALKB,2023-09-29,15.66,7184778041.963,112513623040.83046,9563657958.470589
HALKB,2023-10-31,13.16,7184778041.963,94551677935.92296,8036892624.553452
HALKB,2023-11-30,12.98,7184778041.963,93258415695.74936,7926965334.138696
HALKB,2023-12-29,11.98,7184778041.963,86073637653.78636,7316259200.571841
HALKB,2024-01-31,13.03,7184778041.963,93617655968.23517,7957500757.299989
HALKB,2024-02-29,14.48,7184778041.963,104035582758.69386,8843024534.488977
HALKB,2024-03-29,13.56,7184778041.963,97425593263.87112,8281175427.429045
HALKB,2024-04-30,16.29,7184778041.963,117040040881.43803,9948403474.922234
HALKB,2024-05-31,17.64,7184778041.963,126739480274.98682,10772855823.37388
HALKB,2024-06-28,18.25,7184778041.963,131122199265.82475,11145386937.595104
HALKB,2024-07-31,17.03,7184778041.963,122356774988.02547,10400325873.982164
HALKB,2024-08-29,15.61,7184778041.963,112154382768.34465,9521907097.032461
HALKB,2024-09-30,16.86,7184778041.963,121135362172.7367,10284392248.465345
HALKB,2024-10-31,14.5,7184778041.963,104179281608.4635,8844821008.558552
HALKB,2024-11-29,16.25,7184778041.963,116752643181.89876,9912299406.143206
HALKB,2024-12-31,16.2,7184778041.963,116393409761.35124,9881800488.73872
HALKB,2025-01-31,20.38,7184778041.963,146425770465.50024,12431547912.52097
HALKB,2025-02-28,19.62,7184778041.963,140965351213.01974,11982054853.106678
HALKB,2025-03-28,21.28,7184778041.963,152892081666.36823,12980537733.474663
HALKB,2025-04-30,20.1,7184778041.963,144414041384.23163,12260752113.521265
HALKB,2025-05-30,19.43,7184778041.963,139600239547.96133,11852060337.621918
HALKB,2025-06-30,24.32,7184778041.963,174733799787.91992,14834899601.994402
HALKB,2025-07-31,28.08,7184778041.963,201748566870.166,17128453327.277094
HALKB,2025-08-29,26.76,7184778041.963,192264662047.39508,16323269807.823841
HALKB,2025-09-30,26.34,7184778041.963,189247054721.61554,16085999651.33732
HALKB,2025-10-31,26.66,7184778041.963,191546181502.42346,16281425427.705994
HALKB,2025-11-28,35.62,7184778041.963,255921786180.55118,21753351825.34685
HALKB,2025-12-31,36.78,7184778041.963,264256127612.91815,22461770847.09804
HALKB,2026-01-30,43.58,7184778041.963,313112640224.46906,26583263155.057423
HALKB,2026-02-27,49.0,7184778041.963,352054124056.187,29889395132.370277
HALKB,2026-03-31,35.12,7184778041.963,252329397159.5697,21296601120.26768
HALKB,2026-04-30,37.84,7184778041.963,271872002204.19006,22945996986.03364
HALKB,2026-05-26,42.1,7184778041.963,302479144603.5411,25529239804.538868
HALKB,2026-06-30,42.94,7184778041.963,308514359255.1001,26038611921.130447
HALKB,2026-07-21,37.4,7184778041.963,268710709732.5175,22679183901.424477
HEKTS,2016-07-29,0.0438,75857033.38,296601007.02666,121606412.880931
HEKTS,2016-08-31,0.0403,75857033.38,273085312.93371,111964978.302821
HEKTS,2016-09-30,0.0398,75857033.38,269292464.88185,110409910.601559
HEKTS,2016-10-31,0.0408,75857033.38,276119609.46092,113209039.878977
HEKTS,2016-11-30,0.0409,75857033.38,256396781.50555,105122680.417276
HEKTS,2016-12-30,0.0387,75857033.38,242742510.43315,99524429.277592
HEKTS,2017-01-31,0.0411,75857033.38,257913920.72629,105744707.497779
HEKTS,2017-02-28,0.0417,75857033.38,261706768.77815,107299775.199042
HEKTS,2017-03-31,0.0471,75857033.38,295083867.80592,120984385.800427
HEKTS,2017-04-28,0.0514,75857033.38,322392391.865,132180880.66465
HEKTS,2017-05-31,0.0601,75857033.38,377009439.98316,154573870.393096
HEKTS,2017-06-30,0.0575,75857033.38,360320908.555,147731572.50755
HEKTS,2017-07-31,0.0676,75857033.38,424040828.16906,173856739.549315
HEKTS,2017-08-31,0.0774,75857033.38,485485020.86629,199048858.555179
HEKTS,2017-09-29,0.0969,75857033.38,607614854.7361,249122090.441801
HEKTS,2017-10-31,0.0911,75857033.38,571203477.26684,234193425.679404
HEKTS,2017-11-30,0.086,75857033.38,539343517.45981,221130842.158522
HEKTS,2017-12-29,0.0895,75857033.38,530999233.66,217709685.8006
HEKTS,2018-01-31,0.0959,75857033.38,568927750.35,233260377.6435
HEKTS,2018-02-28,0.1217,75857033.38,722158992.50219,296085186.925898
HEKTS,2018-03-30,0.1373,75857033.38,814704521.1389,334028853.666949
HEKTS,2018-04-30,0.1459,75857033.38,865528739.29094,354866783.109285
HEKTS,2018-05-31,0.1269,75857033.38,753260364.61313,308836749.491383
HEKTS,2018-06-29,0.1336,75857033.38,792705984.35242,325009453.584492
HEKTS,2018-07-31,0.1538,75857033.38,912560091.30539,385374126.558266
HEKTS,2018-08-31,0.1252,75857033.38,742640353.89648,313617021.450484
HEKTS,2018-09-28,0.1206,75857033.38,715331847.92313,302084639.377938
HEKTS,2018-10-31,0.1138,75857033.38,675127568.14484,285106372.027566
HEKTS,2018-11-30,0.1211,75857033.03,718366123.05011,303366013.764061
HEKTS,2018-12-31,0.1185,75857033.03,703194730.91269,296959134.864429
HEKTS,2019-01-31,0.1346,75857033.03,798774537.54989,337322487.207319
HEKTS,2019-02-28,0.1443,75857033.03,856425900.01498,361668657.576326
HEKTS,2019-03-29,0.1349,75857033.03,800291712.93508,337563044.516017
HEKTS,2019-04-30,0.1547,75857033.03,917870128.60016,387616555.307848
HEKTS,2019-05-31,0.1488,75857033.03,882975890.51265,372880718.563492
HEKTS,2019-06-28,0.1684,75857033.03,999037130.79253,421893380.333685
HEKTS,2019-07-31,0.1707,75857033.03,1012691419.88766,427659586.618559
HEKTS,2019-08-29,0.1947,75857033.03,1155302578.32231,487884278.825512
HEKTS,2019-09-30,0.2016,75857033.03,1196265445.60769,505182897.680127
HEKTS,2019-10-31,0.216,227571100.14,1435973628.86168,606555260.831174
HEKTS,2019-11-29,0.2499,227571100.14,1661269074.42774,519312712.666112
HEKTS,2019-12-31,0.281,227571100.14,1825120327.29658,771843386.413724
HEKTS,2020-01-31,0.3626,227571100.14,2355360973.26049,996082155.591861
HEKTS,2020-02-28,0.3374,227571100.14,2191509720.39165,926789460.753629
HEKTS,2020-03-31,0.3514,227571100.14,2282538073.63616,965285351.340732
HEKTS,2020-04-30,0.4765,227571100.14,3094967048.71549,1308861564.901781
HEKTS,2020-05-29,0.5185,227571100.14,3368052325.47774,1424349328.444536
HEKTS,2020-06-30,0.4992,227571100.14,3242888176.995,1371417410.051186
HEKTS,2020-07-30,0.5175,227571100.14,3361225253.24158,1421462159.595864
HEKTS,2020-08-31,0.4124,227571100.14,2678511952.82158,1132742704.848246
HEKTS,2020-09-30,0.4372,227571100.14,2840087225.57342,1201072887.694999
HEKTS,2020-10-30,0.4257,227571100.14,2764988779.88951,1169313755.015274
HEKTS,2020-11-30,0.4411,227571100.14,2865120185.48719,1211659326.442533
HEKTS,2020-12-31,0.6681,227571100.14,4339780810.22061,1833557392.318208
HEKTS,2021-01-29,0.9452,227571100.14,6139868177.60342,2594094305.037445
HEKTS,2021-02-26,1.002,227571100.14,6508533550.81549,2749855425.219545
HEKTS,2021-03-31,1.0636,227571100.14,6909058739.14878,2572933474.459006
HEKTS,2021-04-30,1.0255,860000000.0,7051999835.96802,2626164738.914491
HEKTS,2021-05-31,1.1781,860000000.0,8101200065.61279,3635818589.44702
HEKTS,2021-06-30,0.9467,860000000.0,6510200147.62878,2425700575.006483
HEKTS,2021-07-30,1.0067,860000000.0,6923000164.03198,2579509861.118316
HEKTS,2021-08-31,1.0492,860000000.0,7215400295.25757,2688458150.012971
HEKTS,2021-09-30,1.0467,860000000.0,7198199901.58081,2682049283.32901
HEKTS,2021-10-28,1.108,860000000.0,7619599704.74243,2839062849.987029
HEKTS,2021-11-30,1.6133,860000000.0,11093999671.93604,4133624277.763369
HEKTS,2021-12-31,1.8596,860000000.0,12788199901.58081,4764883283.32901
HEKTS,2022-01-31,1.7971,860000000.0,12358199901.58081,4604665283.32901
HEKTS,2022-02-28,1.6145,860000000.0,11102599868.77441,4136828711.105345
HEKTS,2022-03-31,2.2198,860000000.0,15265000000.0,5687739000.0
HEKTS,2022-04-29,2.7788,860000000.0,19109199409.48486,7120087699.974059
HEKTS,2022-05-31,3.9168,860000000.0,26935199737.54883,10036055422.210693
HEKTS,2022-06-30,3.7017,860000000.0,25456000328.06396,9484905722.236631
HEKTS,2022-07-29,4.1169,860000000.0,28311198425.29297,10548752533.26416
HEKTS,2022-08-31,5.1324,860000000.0,35294400787.35352,13150693733.367922
HEKTS,2022-09-30,7.2722,860000000.0,50009001312.25586,18633353888.946533
HEKTS,2022-10-31,10.2955,2530000000.0,72459198455.81055,37852685273.31543
HEKTS,2022-11-30,12.7975,2530000000.0,90067996139.52637,37008939613.731384
HEKTS,2022-12-30,13.5237,2530000000.0,95178597297.66846,39108885629.61197
HEKTS,2023-01-31,11.3236,2530000000.0,79695000000.0,32754645000.0
HEKTS,2023-02-28,12.7831,2530000000.0,89966803474.42627,37021339629.72641
HEKTS,2023-03-31,9.7347,2530000000.0,68512399806.97632,28165447560.647964
HEKTS,2023-04-28,9.6844,2530000000.0,68158201351.16577,28040284035.8696
HEKTS,2023-05-31,10.0151,2530000000.0,70485801544.18945,28997858755.27954
HEKTS,2023-06-27,10.8779,2530000000.0,76557800579.07104,31488223378.17192
HEKTS,2023-07-31,11.0073,2530000000.0,77468602123.2605,31862836053.297043
HEKTS,2023-08-31,9.2243,2530000000.0,64919799613.95264,26708005561.180115
HEKTS,2023-09-29,9.67,2530000000.0,68056999034.88159,30346615869.6537
HEKTS,2023-10-31,7.8798,2530000000.0,55457600193.02368,24728543926.06926
HEKTS,2023-11-30,8.0164,2530000000.0,56418998069.76318,25157231239.307404
HEKTS,2023-12-29,7.2256,2530000000.0,50853000965.11841,22675353130.3463
HEKTS,2024-01-31,6.406,2530000000.0,45084599227.90527,20103222795.72296
HEKTS,2024-02-29,6.8661,2530000000.0,48323000965.11841,21552058430.44281
HEKTS,2024-03-29,6.0573,2530000000.0,42630500965.11841,19013203430.44281
HEKTS,2024-04-30,5.4713,2530000000.0,38506600675.58289,17177794561.377527
HEKTS,2024-05-31,5.2484,2530000000.0,36938000965.11841,16474348430.44281
HEKTS,2024-06-28,4.5942,2530000000.0,32333399324.41711,14420696098.690031
HEKTS,2024-07-31,4.3569,2530000000.0,30663599710.46448,13675965470.867159
HEKTS,2024-08-29,4.1915,2530000000.0,29499799613.95264,13156910627.822878
HEKTS,2024-09-30,4.47,8430000000.0,37682098231.31561,9333855731.896877
HEKTS,2024-10-31,3.55,8430000000.0,29926499598.02628,13344226170.759918
HEKTS,2024-11-29,4.11,8430000000.0,34647301125.52643,15449231571.872234
HEKTS,2024-12-31,3.87,8430000000.0,32624099035.26306,14543823349.920273
HEKTS,2025-01-31,3.61,8430000000.0,30432299115.65781,13566718945.760252
HEKTS,2025-02-28,3.32,8430000000.0,27987599437.23679,12474073069.176437
HEKTS,2025-03-28,3.3,8430000000.0,27818999598.02628,12398928120.840313
HEKTS,2025-04-30,3.09,8430000000.0,26048699276.4473,11609905267.512562
HEKTS,2025-05-30,3.09,8430000000.0,26048699276.4473,11612510137.440207
HEKTS,2025-06-30,3.26,8430000000.0,27481799919.60526,12251386404.160025
HEKTS,2025-07-31,3.96,8430000000.0,33382800321.57898,14882052383.35991
HEKTS,2025-08-29,4.38,8430000000.0,36923400964.73694,16460452150.079727
HEKTS,2025-09-30,3.71,8430000000.0,31275300321.57898,13942528883.35991
HEKTS,2025-10-31,3.57,8430000000.0,30095099437.23679,13410376309.232714
HEKTS,2025-11-28,3.18,8430000000.0,26807400562.76321,11948058430.823563
HEKTS,2025-12-31,3.06,8430000000.0,25795799517.63153,11499767424.960136
HEKTS,2026-01-30,3.36,8430000000.0,28324799115.65781,12624362965.848686
HEKTS,2026-02-27,3.04,8430000000.0,25627199678.42102,11419480176.704407
HEKTS,2026-03-31,2.86,8430000000.0,24109799115.65781,10743326485.93712
HEKTS,2026-04-30,3.43,8430000000.0,28914900562.76321,12884479690.767286
HEKTS,2026-05-26,4.0,8430000000.0,33720000000.0,15025632000.0
HEKTS,2026-06-30,3.3,8430000000.0,27818999598.02628,12270960722.689392
HEKTS,2026-07-21,3.0,8430000000.0,25290000000.0,13317714000.0
IEYHO,2016-07-29,0.27,286121264.21,77252744.40645,
IEYHO,2016-08-31,0.26,286121264.21,74391525.96593,
IEYHO,2016-09-30,0.27,286121264.21,77252744.40645,
IEYHO,2016-10-31,0.26,286121264.21,74391525.96593,
IEYHO,2016-11-30,0.26,286121264.21,74391525.96593,
IEYHO,2016-12-30,0.28,286121264.21,80113954.31988,
IEYHO,2017-01-31,0.31,286121264.21,88697592.58727,
IEYHO,2017-02-28,0.33,286121264.21,94420020.94121,
IEYHO,2017-03-31,0.34,286121264.21,97281230.85465,
IEYHO,2017-04-28,0.33,286121264.21,94420020.94121,
IEYHO,2017-05-31,0.35,286121264.21,100142440.76808,
IEYHO,2017-06-30,0.34,286121264.21,97281230.85465,
IEYHO,2017-07-31,0.41,286121264.21,117309717.30285,
IEYHO,2017-08-31,0.45,286121264.21,128754565.48367,
IEYHO,2017-09-29,0.4,286121264.21,114448507.38942,
IEYHO,2017-10-31,0.46,543595733.23,250054041.82192,
IEYHO,2017-11-30,0.4,543595733.23,217438296.53208,
IEYHO,2017-12-29,0.4,543595733.23,217438296.53208,
IEYHO,2018-01-31,0.4,543595733.23,217438296.53208,
IEYHO,2018-02-28,0.44,543595733.23,239182121.32517,
IEYHO,2018-03-30,0.37,543595733.23,201130423.88717,
IEYHO,2018-04-30,0.33,543595733.23,179386599.09408,
IEYHO,2018-05-31,0.26,543595733.23,141334885.45567,
IEYHO,2018-06-29,0.28,543595733.23,152206805.95242,
IEYHO,2018-07-31,0.27,543595733.23,146770853.80425,145904905.766805
IEYHO,2018-08-31,0.23,543595733.23,125027020.91096,124289361.487585
IEYHO,2018-09-28,0.23,543595733.23,125027020.91096,124289361.487585
IEYHO,2018-10-31,0.25,543595733.23,135898933.3075,135097129.600986
IEYHO,2018-11-30,0.34,543595733.23,184822551.24225,183732098.189921
IEYHO,2018-12-31,0.84,543595733.23,456620401.65683,445296215.695741
IEYHO,2019-01-31,0.7,543595733.23,380517006.78083,278348190.460177
IEYHO,2019-02-28,0.55,543595733.23,298977659.75667,218702158.112004
IEYHO,2019-03-29,0.3,543595733.23,163078726.44917,119292088.397568
IEYHO,2019-04-30,0.31,543595733.23,168514678.59733,123268487.393947
IEYHO,2019-05-31,0.38,543595733.23,206566376.03533,151103304.069844
IEYHO,2019-06-28,0.36,543595733.23,195694471.739,148551673.497075
IEYHO,2019-07-31,0.34,543595733.23,184822551.24225,140298798.647992
IEYHO,2019-08-29,0.34,543595733.23,184822551.24225,143015690.151253
IEYHO,2019-09-30,0.41,543595733.23,222874248.68025,172460093.628777
IEYHO,2019-10-31,0.47,543595733.23,255489993.97008,197698157.334048
IEYHO,2019-11-29,0.4,543595733.23,217438296.53208,168253753.856524
IEYHO,2019-12-31,0.62,543595733.23,337029357.19467,335411616.280136
IEYHO,2020-01-31,0.7,543595733.23,380517006.78083,378690525.148282
IEYHO,2020-02-28,0.59,543595733.23,320721468.34933,319182005.301253
IEYHO,2020-03-31,0.42,543595733.23,228310200.82842,227214311.864444
IEYHO,2020-04-30,0.57,543595733.23,309849564.053,308362286.145546
IEYHO,2020-05-29,0.63,543595733.23,342465309.34283,340821475.857984
IEYHO,2020-06-30,0.93,543595733.23,505544035.792,503117424.420198
IEYHO,2020-07-30,0.92,543595733.23,500108083.64383,497707564.84234
IEYHO,2020-08-31,0.87,543595733.23,472928290.50217,470658234.70776
IEYHO,2020-09-30,0.93,543595733.23,505544035.792,503117424.420198
IEYHO,2020-10-30,1.14,543595733.23,619699128.106,616724572.291091
IEYHO,2020-11-30,1.17,543595733.23,636006984.5505,632954151.024658
IEYHO,2020-12-31,1.14,543595733.23,619699128.106,616724572.291091
IEYHO,2021-01-29,1.34,543595733.23,728418300.67267,724921892.829441
IEYHO,2021-02-26,1.62,543595733.23,880625090.42467,876398089.990632
IEYHO,2021-03-31,1.48,543595733.23,804521695.54867,800177278.392707
IEYHO,2021-04-30,1.01,543595733.23,549031685.37817,546396333.288355
IEYHO,2021-05-31,0.94,543595733.23,510979987.94017,508118500.007705
IEYHO,2021-06-30,0.83,543595733.23,451184449.50867,403404016.305702
IEYHO,2021-07-30,0.88,543595733.23,478364242.65033,427705469.35366
IEYHO,2021-08-31,0.89,543595733.23,483800194.7985,432565754.169339
IEYHO,2021-09-30,0.97,543595733.23,527287876.7855,470604430.031059
IEYHO,2021-10-28,0.92,543595733.23,500108083.64383,445646313.335017
IEYHO,2021-11-30,0.91,543595733.23,494672131.49567,440802336.375792
IEYHO,2021-12-31,0.85,543595733.23,462056386.20583,411738445.748015
IEYHO,2022-01-31,0.83,543595733.23,451184449.50867,404035674.535014
IEYHO,2022-02-28,0.71,543595733.23,385952958.929,345620874.72092
IEYHO,2022-03-31,0.83,543595733.23,451184449.50867,404035674.535014
IEYHO,2022-04-29,0.85,543595733.23,462056386.20583,458406140.754804
IEYHO,2022-05-31,0.8,543595733.23,434876593.06417,431441067.978963
IEYHO,2022-06-30,0.74,543595733.23,402260847.77433,399082987.076913
IEYHO,2022-07-29,0.8,543595733.23,434876593.06417,431441067.978963
IEYHO,2022-08-31,0.93,543595733.23,505544035.792,501550237.909243
IEYHO,2022-09-30,1.01,543595733.23,549031685.37817,544694335.063682
IEYHO,2022-10-31,1.61,543595733.23,875189138.2765,868275144.084116
IEYHO,2022-11-30,2.28,543595733.23,1239398256.212,1229607009.987925
IEYHO,2022-12-30,2.16,543595733.23,1174166830.434,1045360729.13539
IEYHO,2023-01-31,1.67,543595733.23,907804851.1655,805676805.409381
IEYHO,2023-02-28,1.66,543595733.23,902368899.01733,800852397.87788
IEYHO,2023-03-31,1.58,543595733.23,858881281.832,758907500.626755
IEYHO,2023-04-28,1.53,543595733.23,831701456.2895,734891406.777402
IEYHO,2023-05-31,1.53,543595733.23,831701456.2895,734891406.777402
IEYHO,2023-06-27,1.58,543595733.23,858881281.832,757275626.191274
IEYHO,2023-07-31,2.2,543595733.23,1195910639.02666,1054434410.429806
IEYHO,2023-08-31,2.59,543595733.23,1407912902.4085,1241638388.634056
IEYHO,2023-09-29,5.15,543595733.23,2799518077.97583,2775722174.313035
IEYHO,2023-10-31,4.5,543595733.23,2446180799.535,2425388262.738953
IEYHO,2023-11-30,5.0,543595733.23,2717978666.15,2695419443.220955
IEYHO,2023-12-29,4.31,543595733.23,2342897579.1165,2323451529.209833
IEYHO,2024-01-31,5.71,543595733.23,3103931657.47983,3078169024.722747
IEYHO,2024-02-29,5.84,543595733.23,3174599165.00933,3147615072.106751
IEYHO,2024-03-29,4.94,543595733.23,2685362953.261,2387019129.153703
IEYHO,2024-04-30,4.91,543595733.23,2669054967.21317,2331686419.357425
IEYHO,2024-05-31,4.84,543595733.23,2631003431.77933,2343171656.342671
IEYHO,2024-06-28,5.4,543595733.23,2935417011.28333,2614282390.248934
IEYHO,2024-07-31,7.91,543595733.23,4299842166.90317,3829439433.843963
IEYHO,2024-08-29,9.18,543595733.23,4990208996.94365,4443282090.878626
IEYHO,2024-09-30,9.35,543595733.23,5082620313.06582,5039926302.436067
IEYHO,2024-10-31,8.05,543595733.23,4375945756.18416,4339625406.407831
IEYHO,2024-11-29,11.91,543595733.23,6474225099.82317,6421136454.00462
IEYHO,2024-12-31,11.02,543595733.23,5990425229.03298,5941303742.15491
IEYHO,2025-01-31,8.7,543595733.23,4729282775.41834,4690029728.382368
IEYHO,2025-02-28,9.83,543595733.23,5343546016.17784,5299728938.845182
IEYHO,2025-03-28,8.67,543595733.23,4712975048.57716,4509845823.983484
IEYHO,2025-04-30,10.39,543595733.23,5647959854.88848,5403967989.157298
IEYHO,2025-05-30,13.32,543595733.23,7240695000.73135,6927896976.699756
IEYHO,2025-06-30,14.0,543595733.23,7610340265.22,7547174441.018674
IEYHO,2025-07-31,12.83,543595733.23,6974333215.86784,6917143683.497724
IEYHO,2025-08-29,14.35,543595733.23,7800598979.21582,7732733768.096642
IEYHO,2025-09-30,29.6,543595733.23,16090433910.97332,14281869139.37992
IEYHO,2025-10-31,34.14,543595733.23,18558358000.68769,14373448271.532616
IEYHO,2025-11-28,58.0,543595733.23,31528552527.34,17678059402.079536
IEYHO,2025-12-31,66.55,543595733.23,36176297705.37903,15461749639.278997
IEYHO,2026-01-30,75.5,543595733.23,41041477858.865,20397614495.855904
IEYHO,2026-02-27,83.15,543595733.23,45199986047.53577,16407594935.255486
IEYHO,2026-03-31,92.25,543595733.23,50146706390.4675,19787890341.678474
IEYHO,2026-04-30,99.05,543595733.23,53843159035.35403,20185800322.354225
IEYHO,2026-05-26,117.2,543595733.23,63709418275.63348,22170877559.920452
IEYHO,2026-06-30,152.0,543595733.23,82626551450.96,29472890902.557438
IEYHO,2026-07-21,161.0,543595733.23,87518913050.03,30027739067.465294
ISCTR,2016-07-29,0.6109,4499970000.0,20699861570.84942,6416957086.96332
ISCTR,2016-08-31,0.6388,4499970000.0,21644855442.50965,6709905187.177992
ISCTR,2016-09-30,0.6308,4499970000.0,21374857500.0,6626205825.0
ISCTR,2016-10-31,0.6667,4499970000.0,22589849314.16988,7002853287.392663
ISCTR,2016-11-30,0.6401,4499970000.0,21689856172.47105,6723855413.466026
ISCTR,2016-12-30,0.6879,4499970000.0,23309843827.52895,7226051586.533975
ISCTR,2017-01-31,0.7915,4499970000.0,26819821371.66023,8314144625.214671
ISCTR,2017-02-28,0.8406,4499970000.0,28484809756.67953,8830291024.570654
ISCTR,2017-03-31,0.8805,4499970000.0,29834801614.9807,9248788500.644016
ISCTR,2017-04-28,0.9687,4499970000.0,31544790729.9614,9778885126.288034
ISCTR,2017-05-31,0.9687,4499970000.0,31544790729.9614,9778885126.288034
ISCTR,2017-06-30,1.0295,4499970000.0,33524775641.69884,10392680448.92664
ISCTR,2017-07-31,1.0461,4499970000.0,34064773672.47105,10560079838.466026
ISCTR,2017-08-31,1.0351,4499970000.0,33704774270.0386,10448480023.711966
ISCTR,2017-09-29,0.937,4499970000.0,30509797544.13128,9458037238.680696
ISCTR,2017-10-31,0.9867,4499970000.0,32129785199.18919,9960233411.74865
ISCTR,2017-11-30,0.8527,4499970000.0,27764815243.32047,8607092725.429346
ISCTR,2017-12-29,0.9632,4499970000.0,31364789955.86872,9723084886.319304
ISCTR,2018-01-31,1.1125,4499970000.0,36224759358.30116,11229675401.07336
ISCTR,2018-02-28,1.0503,4499970000.0,34199771570.84942,10601929186.96332
ISCTR,2018-03-30,0.9867,4499970000.0,32129785199.18919,9960233411.74865
ISCTR,2018-04-30,0.8883,4499970000.0,27719814513.35907,8593142499.141312
ISCTR,2018-05-31,0.8594,4499970000.0,26819821371.66023,8314144625.214671
ISCTR,2018-06-29,0.8219,4499970000.0,25649828141.69884,7951446723.92664
ISCTR,2018-07-31,0.7325,4499970000.0,22859847256.67953,7065978787.039643
ISCTR,2018-08-31,0.5754,4499970000.0,17954880342.91506,5549853513.995045
ISCTR,2018-09-28,0.6374,4499970000.0,19889867743.32047,6145969132.686025
ISCTR,2018-10-31,0.5754,4499970000.0,17954880342.91506,5548058025.960754
ISCTR,2018-11-30,0.6143,4499970000.0,19169873229.9614,5923490828.058073
ISCTR,2018-12-31,0.6532,4499970000.0,20384865044.13128,6296884812.132152
ISCTR,2019-01-31,0.8191,4499970000.0,25559828827.52895,7808527706.810094
ISCTR,2019-02-28,0.8378,4499970000.0,26144825442.50965,7987244172.686698
ISCTR,2019-03-29,0.7931,4499970000.0,24749835000.0,7566024559.5
ISCTR,2019-04-30,0.7729,4499970000.0,24119839800.81081,7366199075.167621
ISCTR,2019-05-31,0.7383,4499970000.0,23039845885.0193,7038672917.873396
ISCTR,2019-06-28,0.8724,4499970000.0,27224819358.30116,8319904795.896834
ISCTR,2019-07-31,0.8998,4499970000.0,28079811770.0386,8718781554.596985
ISCTR,2019-08-29,0.7945,4499970000.0,24794835729.9614,7696317010.580019
ISCTR,2019-09-30,0.9041,4499970000.0,28214811814.16988,8757877587.118332
ISCTR,2019-10-31,0.8364,4499970000.0,26099826858.30116,8101386256.81668
ISCTR,2019-11-29,0.8868,4499970000.0,27674815929.15058,8634542569.894981
ISCTR,2019-12-31,0.9243,4499970000.0,28844807013.35907,9207262398.664215
ISCTR,2020-01-31,1.0455,4499970000.0,32624782500.0,10469292704.25
ISCTR,2020-02-28,0.8234,4499970000.0,25694828871.66023,8235192653.367104
ISCTR,2020-03-31,0.6806,4499970000.0,21239857455.86872,6979417159.998461
ISCTR,2020-04-30,0.7138,4499970000.0,22274850641.69884,7319515920.862239
ISCTR,2020-05-29,0.7138,4499970000.0,22274850641.69884,7315060950.733899
ISCTR,2020-06-30,0.8046,4499970000.0,25109832256.67953,8401749873.084971
ISCTR,2020-07-30,0.6922,4499970000.0,21599856858.30116,7212192204.986757
ISCTR,2020-08-31,0.708,4499970000.0,22094852013.35907,7381890057.663265
ISCTR,2020-09-30,0.7715,4499970000.0,24074839070.84942,8043403733.570791
ISCTR,2020-10-30,0.7369,4499970000.0,22994847300.81081,7671081059.550486
ISCTR,2020-11-30,0.9387,4499970000.0,29294805729.9614,9790324074.9531
ISCTR,2020-12-31,1.0094,4499970000.0,31499790000.0,10684728768.0
ISCTR,2021-01-29,0.8854,4499970000.0,27629815199.18919,9369270334.045053
ISCTR,2021-02-26,0.8263,4499970000.0,25784828185.83012,8704957995.53625
ISCTR,2021-03-31,0.695,4499970000.0,21689856172.47105,7344185299.998698
ISCTR,2021-04-30,0.7237,4499970000.0,21914853385.0193,7413794900.152029
ISCTR,2021-05-31,0.7564,4499970000.0,22904847986.64093,7771614921.867268
ISCTR,2021-06-30,0.7579,4499970000.0,22949846570.84942,7768523064.232529
ISCTR,2021-07-30,0.7831,4499970000.0,23714841814.16988,8027473954.096504
ISCTR,2021-08-31,0.8545,4499970000.0,25874827500.0,8771566522.5
ISCTR,2021-09-30,0.7712,4499970000.0,23354844557.49035,7898608429.343236
ISCTR,2021-10-28,0.8366,4499970000.0,25334831614.9807,8565706569.024975
ISCTR,2021-11-30,0.9763,4499970000.0,29564803672.47105,9995860121.662462
ISCTR,2021-12-31,1.0684,4499970000.0,32354784557.49035,10874443089.772507
ISCTR,2022-01-31,1.2408,4499970000.0,37574751216.60233,12456030028.303673
ISCTR,2022-02-28,1.1829,4499970000.0,35819761371.66023,11874250894.705366
ISCTR,2022-03-31,1.3598,4499970000.0,39734734756.67953,13172064571.839264
ISCTR,2022-04-29,1.6216,4499970000.0,47384682898.37837,15873868770.956755
ISCTR,2022-05-31,1.6678,4499970000.0,48734674756.67953,16326116043.487642
ISCTR,2022-06-30,1.4989,9999970000.0,43799869744.40575,14672956364.375925
ISCTR,2022-07-29,1.7863,9999970000.0,52199841301.9228,17486946836.14414
ISCTR,2022-08-31,2.7103,9999970000.0,79199763162.93716,26531920659.58395
ISCTR,2022-09-30,2.5734,9999970000.0,75199774209.26572,25191924360.104015
ISCTR,2022-10-31,3.1894,9999970000.0,93199717348.25134,31268505170.338326
ISCTR,2022-11-30,3.5453,9999970000.0,103599685766.78276,34747334606.17894
ISCTR,2022-12-30,4.37,9999970000.0,127699621477.62299,42511203989.900696
ISCTR,2023-01-31,3.7233,9999970000.0,108799674744.40575,36317331429.68264
ISCTR,2023-02-28,3.8875,9999970000.0,113599655766.78276,38044524716.29555
ISCTR,2023-03-31,4.4385,9999970000.0,129699613570.28008,43358580816.54463
ISCTR,2023-04-28,3.9901,9999970000.0,108299674337.06284,36237071033.18123
ISCTR,2023-05-31,4.108,9999970000.0,111499661685.31418,36181640216.88445
ISCTR,2023-06-27,5.1802,9999970000.0,140599582396.15442,45821403902.90672
ISCTR,2023-07-31,5.567,9999970000.0,151099543266.78278,49243341150.64451
ISCTR,2023-08-31,7.7592,9999970000.0,210599362859.43985,68739632037.32117
ISCTR,2023-09-29,9.4835,9999970000.0,257399225511.1885,83989367284.30081
ISCTR,2023-10-31,7.7297,9999970000.0,209799366022.377,68457533133.101616
ISCTR,2023-11-30,7.8992,9999970000.0,214399362140.56015,70065711547.53505
ISCTR,2023-12-29,8.6066,9999970000.0,233599305303.4973,76410332764.77397
ISCTR,2024-01-31,9.4466,9999970000.0,256399224696.5027,84098945700.45288
ISCTR,2024-02-29,10.224,24999970000.0,277499676536.7317,91019893904.04799
ISCTR,2024-03-29,10.4911,24999970000.0,284749666883.05853,93255515904.20168
ISCTR,2024-04-30,12.9568,24999970000.0,342749589653.67316,112490415324.33553
ISCTR,2024-05-31,15.225,24999970000.0,402749531958.77075,132222671342.06444
ISCTR,2024-06-28,14.9793,24999970000.0,396249534036.7317,130088722024.25902
ISCTR,2024-07-31,14.176,24999970000.0,374999550000.0,122437353075.0
ISCTR,2024-08-29,12.4938,24999970000.0,330499610075.7122,107808972806.69733
ISCTR,2024-09-30,13.2876,24999970000.0,351499588690.4049,114659165830.81009
ISCTR,2024-10-31,11.114,24999970000.0,293999652922.03906,95961486713.75356
ISCTR,2024-11-29,12.8812,24999970000.0,340749593961.01953,111118442590.68848
ISCTR,2024-12-31,12.7962,24999970000.0,338499592846.32684,109876967837.9177
ISCTR,2025-01-31,13.3821,24999970000.0,353999571385.3073,114554261300.28545
ISCTR,2025-02-28,14.3366,24999970000.0,379249546807.3463,122725153346.85727
ISCTR,2025-03-28,11.7578,24999970000.0,306499637922.03906,99030033012.61082
ISCTR,2025-04-30,9.8781,24999970000.0,257499695768.36584,83249651641.91267
ISCTR,2025-05-30,10.3096,24999970000.0,268749677500.0,86940520671.25
ISCTR,2025-06-30,12.8031,24999970000.0,333749609036.7317,108034748445.19005
ISCTR,2025-07-31,14.2129,24999970000.0,370499547770.6146,119856603703.79382
ISCTR,2025-08-29,14.4335,24999970000.0,376249553268.36584,121641480571.66267
ISCTR,2025-09-30,13.5703,24999970000.0,353749565963.2683,114437984589.1173
ISCTR,2025-10-31,12.1318,24999970000.0,316249610963.2683,102243499224.42465
ISCTR,2025-11-28,13.0141,24999970000.0,339249585270.6146,109611541000.93558
ISCTR,2025-12-31,13.5128,24999970000.0,352249581114.6927,113741389741.93427
ISCTR,2026-01-30,15.9775,24999970000.0,416499496385.3073,134446037433.1772
ISCTR,2026-02-27,16.2173,24999970000.0,422749488885.3073,136801734603.28545
ISCTR,2026-03-31,12.6305,24999970000.0,329249606807.3463,106479322841.4958
ISCTR,2026-04-30,14.34,24999970000.0,358499573614.6927,115902912149.63014
ISCTR,2026-05-26,13.14,24999970000.0,328499614383.05853,106171075368.60452
ISCTR,2026-06-30,14.81,24999970000.0,370249566190.4049,119627634836.11983
ISCTR,2026-07-21,12.93,24999970000.0,323249619729.3854,104441952134.56442
ISMEN,2016-07-29,0.099,355000000.0,347900006.77109,97412001.895905
ISMEN,2016-08-31,0.1041,355000000.0,365649989.84337,102381997.156144
ISMEN,2016-09-30,0.1051,355000000.0,369199986.45782,103375996.20819
ISMEN,2016-10-31,0.1081,355000000.0,379850018.62049,106358005.213737
ISMEN,2016-11-30,0.1213,355000000.0,426000016.92772,119280004.739762
ISMEN,2016-12-30,0.1283,355000000.0,450849993.22891,126237998.104095
ISMEN,2017-01-31,0.1344,355000000.0,472150015.23495,132202004.265786
ISMEN,2017-02-28,0.1324,355000000.0,465049979.68674,130213994.312287
ISMEN,2017-03-31,0.1395,355000000.0,443750000.0,124250000.0
ISMEN,2017-04-28,0.1406,355000000.0,447299996.61446,125243999.052049
ISMEN,2017-05-31,0.1719,355000000.0,546699986.45782,153075996.20819
ISMEN,2017-06-30,0.1719,355000000.0,546699986.45782,153075996.20819
ISMEN,2017-07-31,0.1942,355000000.0,617700003.38554,172956000.947951
ISMEN,2017-08-31,0.2009,355000000.0,638999983.07228,178919995.260238
ISMEN,2017-09-29,0.2076,355000000.0,660300005.07832,184884001.42193
ISMEN,2017-10-31,0.2377,355000000.0,756150040.62653,211722011.375428
ISMEN,2017-11-30,0.2534,355000000.0,805849993.22891,225637998.104095
ISMEN,2017-12-29,0.2735,355000000.0,869750016.92772,243530004.739762
ISMEN,2018-01-31,0.2757,355000000.0,876850010.15663,245518002.843856
ISMEN,2018-02-28,0.2835,355000000.0,901699986.45782,252475996.20819
ISMEN,2018-03-30,0.264,355000000.0,731299979.68674,204763994.312287
ISMEN,2018-04-30,0.2755,355000000.0,763250033.85544,213710009.479523
ISMEN,2018-05-31,0.282,355000000.0,781000016.92772,218680004.739762
ISMEN,2018-06-29,0.282,355000000.0,781000016.92772,218680004.739762
ISMEN,2018-07-31,0.273,355000000.0,756150040.62653,209680406.265737
ISMEN,2018-08-31,0.2538,355000000.0,702900006.77109,194914171.877623
ISMEN,2018-09-28,0.2755,355000000.0,763250033.85544,211649234.388114
ISMEN,2018-10-31,0.2602,355000000.0,720649989.84337,199836242.183567
ISMEN,2018-11-30,0.2627,355000000.0,727749983.07228,201805070.305943
ISMEN,2018-12-31,0.264,355000000.0,731299979.68674,202789484.367133
ISMEN,2019-01-31,0.323,355000000.0,894599993.22891,248072578.122377
ISMEN,2019-02-28,0.3114,355000000.0,862650023.69881,239212851.57168
ISMEN,2019-03-29,0.3159,355000000.0,784550013.54218,217555718.755247
ISMEN,2019-04-30,0.3459,355000000.0,859100027.08435,238228437.51049
ISMEN,2019-05-31,0.4031,355000000.0,1001099976.30119,277605023.42832
ISMEN,2019-06-28,0.416,355000000.0,1033050030.46989,286464773.4493
ISMEN,2019-07-31,0.4574,355000000.0,1136000016.92772,315012804.694057
ISMEN,2019-08-29,0.5432,355000000.0,1348999983.07228,374077695.305943
ISMEN,2019-09-30,0.5504,355000000.0,1366749966.14456,378999765.611886
ISMEN,2019-10-31,0.5389,355000000.0,1338349993.22891,371124453.122377
ISMEN,2019-11-29,0.6075,355000000.0,1508750000.0,418376375.0
ISMEN,2019-12-31,0.6433,355000000.0,1597500000.0,456725250.0
ISMEN,2020-01-31,0.7062,355000000.0,1753700020.31326,506468565.866469
ISMEN,2020-02-28,0.6776,355000000.0,1682699918.74695,485963736.534119
ISMEN,2020-03-31,0.6438,355000000.0,1430650074.48196,409452051.316737
ISMEN,2020-04-30,0.8978,355000000.0,1995099959.37347,570997608.372687
ISMEN,2020-05-29,0.925,355000000.0,2055449986.45782,588269786.124228
ISMEN,2020-06-30,0.9969,355000000.0,2215199918.74695,647281416.257859
ISMEN,2020-07-30,1.262,355000000.0,2804500033.85544,819474909.89256
ISMEN,2020-08-31,1.2972,355000000.0,2882599959.37347,842295708.128928
ISMEN,2020-09-30,1.4953,355000000.0,3322799878.12042,970922124.386787
ISMEN,2020-10-30,1.6758,355000000.0,3723949918.74695,1088138166.257859
ISMEN,2020-11-30,2.0608,355000000.0,4579499864.57825,1338129860.429765
ISMEN,2020-12-31,2.8212,355000000.0,6269299945.8313,1831889444.171906
ISMEN,2021-01-29,2.8276,355000000.0,6283500270.84351,1836038779.140474
ISMEN,2021-02-26,3.3133,355000000.0,7362699918.74695,2151380916.257859
ISMEN,2021-03-31,2.6687,355000000.0,5573499932.28912,1628576680.214881
ISMEN,2021-04-30,2.6109,355000000.0,5452799878.12042,1593308124.386787
ISMEN,2021-05-31,2.8421,355000000.0,5935599756.24084,1734382248.773573
ISMEN,2021-06-30,2.412,355000000.0,5037449851.03607,1471942846.47274
ISMEN,2021-07-30,2.3134,355000000.0,4831549878.12042,1411778874.386787
ISMEN,2021-08-31,2.5939,355000000.0,5417300081.25305,1582935083.742141
ISMEN,2021-09-30,2.2539,355000000.0,4707300081.25305,1375473083.742141
ISMEN,2021-10-28,2.7197,355000000.0,5680000000.0,1659696000.0
ISMEN,2021-11-30,3.3095,355000000.0,6911849756.24084,2019642498.773573
ISMEN,2021-12-31,3.9673,355000000.0,8285700054.1687,2421081555.828094
ISMEN,2022-01-31,3.5254,355000000.0,7362699918.74695,2151380916.257859
ISMEN,2022-02-28,2.9814,355000000.0,6226700325.01221,1819441834.968568
ISMEN,2022-03-31,3.2755,355000000.0,6840850162.5061,1995475992.403029
ISMEN,2022-04-29,3.4914,355000000.0,7291700325.01221,2126988984.806062
ISMEN,2022-05-31,3.5056,355000000.0,6918949918.74695,2018257691.298485
ISMEN,2022-06-30,3.43,355000000.0,6769849891.6626,1974765213.39798
ISMEN,2022-07-29,3.7772,355000000.0,7455000000.0,2174623500.0
ISMEN,2022-08-31,5.1154,355000000.0,10096200189.59045,2945061595.303534
ISMEN,2022-09-30,4.9607,355000000.0,9790899972.91565,2856005522.099495
ISMEN,2022-10-31,6.4932,355000000.0,12815499458.31299,3738281191.989899
ISMEN,2022-11-30,8.4897,355000000.0,16756000270.84351,4887725279.005052
ISMEN,2022-12-30,11.6913,355000000.0,23075000000.0,6730977500.0
ISMEN,2023-01-31,10.0635,355000000.0,19862250270.84351,5793818404.005052
ISMEN,2023-02-28,8.9933,355000000.0,17750000000.0,5177675000.0
ISMEN,2023-03-31,7.7055,355000000.0,15208200054.1687,4436231955.80101
ISMEN,2023-04-28,7.8997,355000000.0,15591599349.97559,4548069530.38788
ISMEN,2023-05-31,9.1188,355000000.0,17196199512.48169,5014411777.839661
ISMEN,2023-06-27,11.7561,355000000.0,22169750270.84351,6475784054.113389
ISMEN,2023-07-31,17.6583,1500000000.0,33300001144.40918,9726930334.281921
ISMEN,2023-08-31,33.8212,1500000000.0,63780000686.64551,18630138200.569153
ISMEN,2023-09-29,32.3258,1500000000.0,60959999084.47266,17806415732.574463
ISMEN,2023-10-31,33.7416,1500000000.0,63629997253.41797,18586322197.72339
ISMEN,2023-11-30,24.6102,1500000000.0,46410000801.08643,13556361233.997347
ISMEN,2023-12-29,25.4534,1500000000.0,48000000000.0,14020800000.0
ISMEN,2024-01-31,27.5214,1500000000.0,51899997711.18164,15159989331.436157
ISMEN,2024-02-29,29.5736,1500000000.0,55770000457.76367,16290417133.712769
ISMEN,2024-03-29,25.2147,1500000000.0,47550001144.40918,13889355334.281921
ISMEN,2024-04-30,29.7327,1500000000.0,56070001602.17285,16378047467.99469
ISMEN,2024-05-31,31.7239,1500000000.0,58320001602.17285,17029440467.834473
ISMEN,2024-06-28,31.9197,1500000000.0,58679998397.82715,17134559532.165527
ISMEN,2024-07-31,30.5163,1500000000.0,56100002288.81836,16381200668.33496
ISMEN,2024-08-29,29.6677,1500000000.0,54540000915.52734,15925680267.333982
ISMEN,2024-09-30,28.6397,1500000000.0,52649997711.18164,15379064331.436157
ISMEN,2024-10-31,26.2245,1500000000.0,48209999084.47266,14077319732.666018
ISMEN,2024-11-29,33.2253,1500000000.0,61080001831.05469,17841468534.851074
ISMEN,2024-12-31,39.9813,1500000000.0,73500000000.0,21469350000.0
ISMEN,2025-01-31,36.4727,1500000000.0,67050001144.40918,19585305334.28192
ISMEN,2025-02-28,33.6332,1500000000.0,61830001831.05469,18060543534.851074
ISMEN,2025-03-28,37.3061,1500000000.0,60389997482.2998,17639918264.579773
ISMEN,2025-04-30,33.4143,1500000000.0,54090002059.93652,15799689601.707457
ISMEN,2025-05-30,30.3934,1500000000.0,49199998855.59082,14366399665.83252
ISMEN,2025-06-30,33.822,1500000000.0,54750000000.0,15987000000.0
ISMEN,2025-07-31,38.7516,1500000000.0,62729999542.23633,18317159866.333008
ISMEN,2025-08-29,40.4011,1500000000.0,65399997711.18164,19103339331.436157
ISMEN,2025-09-30,40.2343,1500000000.0,65129997253.41797,19024472197.72339
ISMEN,2025-10-31,40.7346,1500000000.0,65939998626.70898,19254479598.999023
ISMEN,2025-11-28,37.0096,1500000000.0,59909997940.06348,17493719398.498535
ISMEN,2025-12-31,36.7131,1500000000.0,59429998397.82715,17359502532.00531
ISMEN,2026-01-30,44.5338,1500000000.0,72090002059.93652,21050280601.501465
ISMEN,2026-02-27,44.6265,1500000000.0,72239999771.11816,21101303933.143616
ISMEN,2026-03-31,39.9933,1500000000.0,64739999771.11816,18910553933.143616
ISMEN,2026-04-30,42.28,1500000000.0,63419998168.94531,18524981465.148926
ISMEN,2026-05-26,38.08,1500000000.0,57120002746.58203,16684752802.276611
ISMEN,2026-06-30,36.1,1500000000.0,54149997711.18164,15817214331.436157
ISMEN,2026-07-21,36.58,1500000000.0,54870002746.58203,16027527802.276611
IZENR,2023-08-31,12.7059,575000000.0,31050000000.0,7455105000.0
IZENR,2023-09-29,12.0,575000000.0,29325000000.0,7040932500.0
IZENR,2023-10-31,8.0753,575000000.0,19733999824.52393,4738133357.868196
IZENR,2023-11-30,8.1647,575000000.0,19952500438.69019,4788600105.285646
IZENR,2023-12-29,6.3106,575000000.0,15421499824.52393,3701159957.885743
IZENR,2024-01-31,8.08,575000000.0,19745500087.73804,4738920021.05713
IZENR,2024-02-29,7.4824,575000000.0,18284999561.30981,4388399894.714354
IZENR,2024-03-29,6.6118,575000000.0,16157500219.34509,3877800052.642822
IZENR,2024-04-30,6.2071,575000000.0,15168499517.4408,3638923034.234048
IZENR,2024-05-31,5.5341,575000000.0,13524000263.21411,3245760063.171386
IZENR,2024-06-28,5.7271,575000000.0,13995500087.73804,3357520471.048356
IZENR,2024-07-31,5.2376,575000000.0,12799500131.60706,3070600081.572534
IZENR,2024-08-29,4.9271,575000000.0,12040500307.08313,2888516023.669243
IZENR,2024-09-30,4.4565,575000000.0,10890500307.08313,2612631023.669243
IZENR,2024-10-31,5.3318,575000000.0,13029499912.26196,3125777028.951644
IZENR,2024-11-29,4.88,2443750000.0,11925500279.66499,2860927517.091631
IZENR,2024-12-31,4.75,2443750000.0,11607812500.0,2784714218.75
IZENR,2025-01-31,4.44,2443750000.0,10850250139.8325,2602975008.545817
IZENR,2025-02-28,5.04,2443750000.0,12316499906.77834,2954728327.636124
IZENR,2025-03-28,5.29,2443750000.0,12927437406.77834,3101292233.886124
IZENR,2025-04-30,6.35,2443750000.0,15517812266.94584,3722723162.840307
IZENR,2025-05-30,6.22,2443750000.0,15200124487.28085,3646509864.498676
IZENR,2025-06-30,6.28,2443750000.0,15346750512.71915,3681685448.001324
IZENR,2025-07-31,7.81,2443750000.0,19085687360.1675,4580564966.4402
IZENR,2025-08-29,8.89,2443750000.0,21724938338.99498,5211812707.524896
IZENR,2025-09-30,9.23,2443750000.0,22555811381.34003,5413394731.521607
IZENR,2025-10-31,9.64,2443750000.0,23557750838.99498,8810598813.784122
IZENR,2025-11-28,9.73,2443750000.0,23777686381.34003,8892854706.621172
IZENR,2025-12-31,9.39,2443750000.0,22946813338.99498,8582108188.784123
IZENR,2026-01-30,9.53,2443750000.0,23288936847.44835,8712391274.630428
IZENR,2026-02-27,9.45,2443750000.0,23093437033.89168,8639254794.378878
IZENR,2026-03-31,9.41,2443750000.0,22995687127.11334,8602686554.2531
IZENR,2026-04-30,10.72,2443750000.0,26197000652.55165,9800297944.119572
IZENR,2026-05-26,11.7,2443750000.0,28591874533.89168,10696220263.128878
IZENR,2026-06-30,10.0,2443750000.0,24437500000.0,7675818750.0
IZENR,2026-07-21,9.4,2443750000.0,22971249067.78336,6036844255.013467
KCHOL,2016-07-29,9.6762,2535898050.0,32459495523.68417,7141089015.210517
KCHOL,2016-08-31,9.7064,2535898050.0,32560931348.94733,7163404896.768413
KCHOL,2016-09-30,9.7442,2535898050.0,32687726735.1315,7191299881.72893
KCHOL,2016-10-31,9.7517,2535898050.0,32713083877.63166,7196878453.078965
KCHOL,2016-11-30,9.4116,2535898050.0,31571930238.81583,6945824652.539483
KCHOL,2016-12-30,10.4321,2535898050.0,34995393573.68417,7698986586.210517
KCHOL,2017-01-31,11.4829,2535898050.0,38520290315.39483,8474463869.386863
KCHOL,2017-02-28,11.2107,2535898050.0,37607367888.02634,8273620935.365795
KCHOL,2017-03-31,11.6038,2535898050.0,38926036034.86833,8563727927.671033
KCHOL,2017-04-28,12.8873,2535898050.0,42349499369.73667,9316889861.342068
KCHOL,2017-05-31,12.378,2535898050.0,40675807043.68401,8948677549.610481
KCHOL,2017-06-30,12.4861,2535898050.0,41030831222.89467,9026782869.036827
KCHOL,2017-07-31,12.6404,2535898050.0,41538007930.78966,9138361744.773726
KCHOL,2017-08-31,13.9214,2535898050.0,45747603143.68401,10064472691.610481
KCHOL,2017-09-29,12.6172,2535898050.0,41461934084.86833,9121625498.671034
KCHOL,2017-10-31,13.088,2535898050.0,43008828606.31599,9461942293.389519
KCHOL,2017-11-30,12.7253,2535898050.0,41816958264.07899,9199730818.097378
KCHOL,2017-12-29,14.261,2535898050.0,46863394803.158,10309946856.69476
KCHOL,2018-01-31,14.1221,2535898050.0,46406932380.26333,10209525123.657932
KCHOL,2018-02-28,13.8828,2535898050.0,45620805339.07899,10036577174.597378
KCHOL,2018-03-30,12.6095,2535898050.0,41436574523.94733,9116046395.268414
KCHOL,2018-04-30,10.8164,2535898050.0,34792521923.15784,7654354823.094725
KCHOL,2018-05-31,11.0135,2535898050.0,35426496435.65784,7793829215.844725
KCHOL,2018-06-29,11.2106,2535898050.0,36060470948.15784,7933303608.594725
KCHOL,2018-07-31,10.9662,2535898050.0,35274341488.55267,9323008455.42447
KCHOL,2018-08-31,11.8097,2535898050.0,37987751628.158,10043961530.484976
KCHOL,2018-09-28,13.4495,2535898050.0,43262419378.68433,11438583683.724136
KCHOL,2018-10-31,12.2828,2535898050.0,39509291425.52634,10446256652.909164
KCHOL,2018-11-30,12.1251,2535898050.0,39002112299.2105,10312158491.911257
KCHOL,2018-12-31,11.1948,2535898050.0,36009751826.31583,9520978382.877905
KCHOL,2019-01-31,13.6387,2535898050.0,43871034330.26333,11599501476.921623
KCHOL,2019-02-28,14.6952,2535898050.0,47269138104.21066,12497960114.7533
KCHOL,2019-03-29,12.6848,2535898050.0,40802600011.44733,10788207443.026674
KCHOL,2019-04-30,13.0955,2535898050.0,41081550344.73667,10857853756.113901
KCHOL,2019-05-31,13.1197,2535898050.0,41157624190.658,10861497023.914646
KCHOL,2019-06-28,14.1787,2535898050.0,44479654118.68401,11760420548.980053
KCHOL,2019-07-31,15.1325,2535898050.0,47472009754.737,12551599379.152464
KCHOL,2019-08-29,14.1383,2535898050.0,44352856314.07899,11722459923.811077
KCHOL,2019-09-30,15.2861,2535898050.0,47953831738.55267,12674197728.499472
KCHOL,2019-10-31,15.1406,2535898050.0,47497369315.658,12539305499.333712
KCHOL,2019-11-29,16.1834,2535898050.0,50768680121.842,13402931552.166288
KCHOL,2019-12-31,16.4259,2535898050.0,51529447602.10533,13603774166.955807
KCHOL,2020-01-31,15.7954,2535898050.0,49551450218.68401,13081582857.732578
KCHOL,2020-02-28,13.9038,2535898050.0,43617448394.73667,11519368121.049955
KCHOL,2020-03-31,10.8563,2535898050.0,34057111585.39467,8991077458.544193
KCHOL,2020-04-30,12.593,2535898050.0,38900676473.94733,10273668656.76949
KCHOL,2020-05-29,13.2497,2535898050.0,40929392979.21066,10809452685.809534
KCHOL,2020-06-30,14.7767,2535898050.0,45646164900.0,12055152150.09
KCHOL,2020-07-30,13.2744,2535898050.0,41005471661.97366,10829545065.927244
KCHOL,2020-08-31,12.2318,2535898050.0,37784879977.63167,9978986802.092524
KCHOL,2020-09-30,12.043,2535898050.0,37201624586.97366,9821228890.961046
KCHOL,2020-10-30,11.6243,2535898050.0,35908316001.05267,9483386255.87801
KCHOL,2020-11-30,14.4811,2535898050.0,44733240054.21066,11809575374.311613
KCHOL,2020-12-31,17.3379,2535898050.0,53558168944.21034,14144712418.16595
KCHOL,2021-01-29,16.5827,2535898050.0,51225142544.73667,13528560146.064955
KCHOL,2021-02-26,17.7156,2535898050.0,54724679725.52634,14452787915.511505
KCHOL,2021-03-31,15.9342,2535898050.0,49221780763.55267,12999472299.65426
KCHOL,2021-04-30,15.5217,2535898050.0,46432291941.18433,12258125072.472664
KCHOL,2021-05-31,15.7506,2535898050.0,47116985575.52634,12443595890.496506
KCHOL,2021-06-30,15.5386,2535898050.0,46483011063.02634,12271514920.638954
KCHOL,2021-07-30,17.4291,2535898050.0,52138062553.68433,13764448514.172663
KCHOL,2021-08-31,19.5314,2535898050.0,58427093393.68401,15424752655.932579
KCHOL,2021-09-30,19.1754,2535898050.0,57362016019.21034,15143572229.07153
KCHOL,2021-10-28,19.9892,2535898050.0,59796475825.52634,15768330675.191296
KCHOL,2021-11-30,24.1938,2535898050.0,72374532668.684,19085164264.73197
KCHOL,2021-12-31,24.0582,2535898050.0,71968784530.78966,18956577845.409996
KCHOL,2022-01-31,27.5169,2535898050.0,82315248381.316,21665373373.962368
KCHOL,2022-02-28,26.8218,2535898050.0,80235812754.21066,21118065916.908245
KCHOL,2022-03-31,33.6204,2535898050.0,100573716276.05267,26501174238.73988
KCHOL,2022-04-29,34.8684,2535898050.0,101943103544.73666,26872202094.392586
KCHOL,2022-05-31,35.545,2535898050.0,103921100928.15799,27393602204.662445
KCHOL,2022-06-30,31.7459,2535898050.0,92813864760.52666,24465734750.87483
KCHOL,2022-07-29,31.9194,2535898050.0,93321046305.26334,24599427806.067417
KCHOL,2022-08-31,39.5696,2535898050.0,115687666332.36865,30495268845.212376
KCHOL,2022-09-30,39.3788,2535898050.0,115129775339.47334,30348208779.485172
KCHOL,2022-10-31,48.226,2535898050.0,140995927710.52667,37152426951.72378
KCHOL,2022-11-30,61.2366,2535898050.0,179034398460.52667,47247177753.73299
KCHOL,2022-12-30,72.5992,2535898050.0,212254659046.0533,55971553590.44426
KCHOL,2023-01-31,66.3108,2535898050.0,193869398183.5533,51181521120.45808
KCHOL,2023-02-28,67.2649,2535898050.0,196658901516.4467,51898284110.190285
KCHOL,2023-03-31,67.8453,2535898050.0,193996200825.0,51234396637.8825
KCHOL,2023-04-28,67.0914,2535898050.0,191840691351.97333,50645942516.92096
KCHOL,2023-05-31,69.8851,2535898050.0,199828774078.9467,52754796356.84193
KCHOL,2023-06-27,91.968,2535898050.0,262972620046.0533,69372177168.14886
KCHOL,2023-07-31,119.7269,2535898050.0,342346236750.0,90310937254.65
KCHOL,2023-08-31,125.7576,2535898050.0,359590351228.94666,94967811759.56482
KCHOL,2023-09-29,130.1033,2535898050.0,372016236196.05334,98249487979.37769
KCHOL,2023-10-31,121.3233,2535898050.0,346910860978.94666,91619158384.53981
KCHOL,2023-11-30,125.4916,2535898050.0,358829574075.0,94731007555.8
KCHOL,2023-12-29,125.7576,2535898050.0,359590351228.94666,94931852724.44193
KCHOL,2024-01-31,142.5194,2535898050.0,407518808896.05334,107584965548.55807
KCHOL,2024-02-29,149.1709,2535898050.0,426538044271.05334,112648697491.98518
KCHOL,2024-03-29,176.6637,2535898050.0,505150883821.05334,133309318240.37598
KCHOL,2024-04-30,208.2328,2535898050.0,573366564582.8933,151426109706.34213
KCHOL,2024-05-31,219.3766,2535898050.0,604050907771.0533,159529844742.33517
KCHOL,2024-06-28,208.8775,2535898050.0,575141685478.9467,151894919134.9898
KCHOL,2024-07-31,198.102,2535898050.0,545471686032.8934,144059072281.28714
KCHOL,2024-08-29,171.5779,2535898050.0,472437814453.94666,124770826797.28731
KCHOL,2024-09-30,173.3278,2535898050.0,477256005271.05334,125900134190.50388
KCHOL,2024-10-31,155.645,2535898050.0,428566770450.0,113055914044.71
KCHOL,2024-11-29,184.6558,2535898050.0,508447559025.0,134128466070.795
KCHOL,2024-12-31,164.4864,2535898050.0,452911407207.8934,119478029221.44228
KCHOL,2025-01-31,156.3818,2535898050.0,430595496628.94666,113634151560.37903
KCHOL,2025-02-28,140.3568,2535898050.0,386470847342.1066,101951009528.84773
KCHOL,2025-03-28,150.6717,2535898050.0,414872936457.8934,109401993343.94649
KCHOL,2025-04-30,132.737,2535898050.0,349193153746.05334,92117153958.20888
KCHOL,2025-05-30,136.5928,2535898050.0,359336745946.05334,94793033580.56888
KCHOL,2025-06-30,148.4495,2535898050.0,390528299700.0,103021365460.86
KCHOL,2025-07-31,172.8376,2535898050.0,454686528103.94666,119946306113.82114
KCHOL,2025-08-29,176.6935,2535898050.0,464830120303.94666,122575702724.15074
KCHOL,2025-09-30,166.6683,2535898050.0,438456757367.1066,115664892593.44273
KCHOL,2025-10-31,165.4152,2535898050.0,435160120857.8934,114751723870.22649
KCHOL,2025-11-28,162.3305,2535898050.0,427045216142.1066,112611823496.67352
KCHOL,2025-12-31,162.7161,2535898050.0,428059598578.94666,112879316145.26823
KCHOL,2026-01-30,200.214,2535898050.0,526706017246.05334,138839706146.05966
KCHOL,2026-02-27,192.406,2535898050.0,506165266257.8934,133374547658.95491
KCHOL,2026-03-31,194.8,2535898050.0,493992947878.94666,130315339650.46613
KCHOL,2026-04-30,202.2,2535898050.0,512758577971.05334,135265712868.76387
KCHOL,2026-05-26,189.1,2535898050.0,479538336732.8934,126502213230.13727
KCHOL,2026-06-30,193.5,2535898050.0,490696272675.0,129151258968.06
KCHOL,2026-07-21,201.5,2535898050.0,510983457075.0,134490845902.14
KLRHO,2022-07-29,7.296,650000000.0,11855999851.22681,2134079973.220826
KLRHO,2022-08-31,9.016,650000000.0,14651000595.09277,2637180107.116699
KLRHO,2022-09-30,10.968,650000000.0,17823000049.59106,3208140008.926391
KLRHO,2022-10-31,13.08,650000000.0,21255000495.91064,3188250074.386596
KLRHO,2022-11-30,11.856,650000000.0,19265999603.27148,2889899940.490722
KLRHO,2022-12-30,10.896,650000000.0,17705999851.22681,2655899977.684022
KLRHO,2023-01-31,9.856,650000000.0,16015999603.27148,2402399940.490722
KLRHO,2023-02-28,8.288,650000000.0,13467999553.68042,2020199933.052063
KLRHO,2023-03-31,10.864,650000000.0,17653999900.81787,2648099985.122681
KLRHO,2023-04-28,9.896,650000000.0,16080999851.22681,2412149977.684022
KLRHO,2023-05-31,14.4,650000000.0,23400000000.0,3510000000.0
KLRHO,2023-06-27,13.8,1625000000.0,22425000309.94415,3363750046.491623
KLRHO,2023-07-31,15.46,1625000000.0,25122500061.98883,3768375009.298325
KLRHO,2023-08-31,22.32,1625000000.0,36269999504.08936,5440499925.613404
KLRHO,2023-09-29,38.1,1625000000.0,61912497520.44678,9076372136.497498
KLRHO,2023-10-31,50.0,1625000000.0,81250000000.0,11911250000.0
KLRHO,2023-11-30,34.56,1625000000.0,56160002231.5979,8233056327.152252
KLRHO,2023-12-29,34.24,1625000000.0,55640002727.50854,8156824399.852752
KLRHO,2024-01-31,38.0,1625000000.0,61750000000.0,9052550000.0
KLRHO,2024-02-29,62.0,1625000000.0,100750000000.0,14769950000.0
KLRHO,2024-03-29,42.44,1625000000.0,68964997768.4021,10110268672.847748
KLRHO,2024-04-30,44.5,1625000000.0,72312500000.0,10601012500.0
KLRHO,2024-05-31,32.76,1625000000.0,53234997272.49146,7804250600.147248
KLRHO,2024-06-28,32.18,1625000000.0,52292500495.91064,7666080572.7005
KLRHO,2024-07-31,32.18,1625000000.0,52292500495.91064,7666080572.7005
KLRHO,2024-08-29,31.98,1625000000.0,51967499256.13403,7618435390.949249
KLRHO,2024-09-30,29.9,1625000000.0,48587499380.11169,7122927409.124374
KLRHO,2024-10-31,29.04,1625000000.0,47190001487.73193,6918054218.101501
KLRHO,2024-11-29,29.64,1625000000.0,48164999008.17871,7060988854.598999
KLRHO,2024-12-31,32.94,1625000000.0,53527497768.4021,7847131172.847748
KLRHO,2025-01-31,29.04,1625000000.0,47190001487.73193,6918054218.101501
KLRHO,2025-02-28,26.84,1625000000.0,43615000247.95532,6393959036.35025
KLRHO,2025-03-28,24.0,1625000000.0,39000000000.0,5717400000.0
KLRHO,2025-04-30,25.62,1625000000.0,41632501363.75427,6103324699.926376
KLRHO,2025-05-30,56.05,1625000000.0,91081248760.22339,13662187314.033508
KLRHO,2025-06-30,70.1,1625000000.0,113912497520.44678,17086874628.067017
KLRHO,2025-07-31,62.2,1625000000.0,101075001239.77661,15161250185.966492
KLRHO,2025-08-29,64.2,1625000000.0,104324995040.89355,15648749256.134033
KLRHO,2025-09-30,111.0,1625000000.0,180375000000.0,37878750000.0
KLRHO,2025-10-31,136.0,1625000000.0,221000000000.0,46410000000.0
KLRHO,2025-11-28,158.0,1625000000.0,256750000000.0,53917500000.0
KLRHO,2025-12-31,306.25,1625000000.0,497656250000.0,104507812500.0
KLRHO,2026-01-30,590.0,1625000000.0,958750000000.0,201337500000.0
KLRHO,2026-02-27,310.0,1625000000.0,503750000000.0,105787500000.0
KLRHO,2026-03-31,129.4,1625000000.0,210274990081.7871,44157747917.17529
KLRHO,2026-04-30,102.3,1625000000.0,166237504959.10645,34909876041.41235
KLRHO,2026-05-26,88.35,1625000000.0,143568747520.44678,30149436979.293823
KLRHO,2026-06-30,88.9,1625000000.0,144462502479.55322,13593921483.325958
KLRHO,2026-07-21,80.35,1625000000.0,130568747520.44678,12286519141.674042
KRDMD,2016-07-29,1.1013,780226001.64,1037700615.66487,923553547.941734
KRDMD,2016-08-31,1.1593,780226001.64,1092316383.69396,972161581.487624
KRDMD,2016-09-30,1.0516,780226001.64,990887007.20117,881889436.409041
KRDMD,2016-10-31,1.0433,780226001.64,983084754.62558,874945431.616766
KRDMD,2016-11-30,0.8529,780226001.64,803632759.36676,715233155.836416
KRDMD,2016-12-30,0.9522,780226001.64,897259883.28396,798561296.122724
KRDMD,2017-01-31,1.0268,780226001.64,967480249.47441,861057422.032225
KRDMD,2017-02-28,1.0102,780226001.64,951875744.32324,847169412.447684
KRDMD,2017-03-31,0.9605,780226001.64,905062135.85955,805505300.915
KRDMD,2017-04-28,1.093,780226001.64,1029898363.08928,916609543.149459
KRDMD,2017-05-31,1.2421,780226001.64,1170339002.46,1041601712.1894
KRDMD,2017-06-30,1.4491,780226001.64,1365395502.87,1215201997.5543
KRDMD,2017-07-31,1.6726,780226001.64,1576056508.43117,1402690292.503741
KRDMD,2017-08-31,1.9707,780226001.64,1856937973.19298,1652674796.141752
KRDMD,2017-09-29,1.8797,780226001.64,1771113008.84117,1576290577.868641
KRDMD,2017-10-31,2.0039,780226001.64,1888146983.49532,1680450815.310835
KRDMD,2017-11-30,1.7886,780226001.64,1685288230.50973,1499906525.15366
KRDMD,2017-12-29,2.658,780226001.64,2504525495.02766,2229027690.574617
KRDMD,2018-01-31,2.7988,780226001.64,2637163974.83298,2347075937.601352
KRDMD,2018-02-28,2.8485,780226001.64,2683977490.28649,2388739966.354976
KRDMD,2018-03-30,3.279,780226001.64,3089694996.25766,2749828546.669317
KRDMD,2018-04-30,3.3701,780226001.64,3175519960.60947,2826212764.942428
KRDMD,2018-05-31,3.9415,780226001.64,3713875946.38596,3305349592.283504
KRDMD,2018-06-29,3.6517,780226001.64,3440796548.17936,3062308927.87963
KRDMD,2018-07-31,3.6268,780226001.64,3417389976.47298,3148099646.326909
KRDMD,2018-08-31,3.4861,780226001.64,3284751496.66766,3025913078.730248
KRDMD,2018-09-28,3.3619,780226001.64,3167717522.01351,2916517522.517839
KRDMD,2018-10-31,2.5338,780226001.64,2387491520.37351,2199595937.720115
KRDMD,2018-11-30,2.0949,780226001.6,1973971761.72556,1818620184.077758
KRDMD,2018-12-31,1.8051,780226001.6,1700892735.5737,1559038281.426853
KRDMD,2019-01-31,2.1695,780226001.6,2044192034.90222,1875137353.615806
KRDMD,2019-02-28,2.1943,780226001.6,2067598978.64815,1896815303.011813
KRDMD,2019-03-29,1.9873,780226001.6,1872542478.24815,1718057723.792678
KRDMD,2019-04-30,1.8714,780226001.6,1763310756.17518,1613958335.127142
KRDMD,2019-05-31,1.8051,780226001.6,1700892735.5737,1560569084.88887
KRDMD,2019-06-28,1.9756,780226001.6,1755508503.6,1618227738.61848
KRDMD,2019-07-31,1.9142,780226001.6,1700892735.5737,1567882923.651837
KRDMD,2019-08-29,1.7912,780226001.6,1591661013.50074,1467352288.346332
KRDMD,2019-09-30,1.9581,780226001.6,1739903998.44963,1604017496.170714
KRDMD,2019-10-31,1.8966,780226001.6,1685288230.42333,1552993104.335099
KRDMD,2019-11-29,2.2171,780226001.6,1864740225.67296,1715374533.596556
KRDMD,2019-12-31,2.4676,780226001.6,2075401231.22334,1909161592.60235
KRDMD,2020-01-31,2.616,780226001.6,2200237272.4263,2022898148.26874
KRDMD,2020-02-28,2.412,780226001.6,2028587529.75185,1866097668.618727
KRDMD,2020-03-31,1.7626,780226001.6,1482429384.43796,1363686790.744479
KRDMD,2020-04-30,2.0502,780226001.6,1724299493.29926,1586183103.885989
KRDMD,2020-05-29,2.3285,780226001.6,1958367256.57519,1800718692.420887
KRDMD,2020-06-30,3.0149,780226001.6,2535734505.2,2323747100.56528
KRDMD,2020-07-30,2.7738,780226001.6,2332875752.22481,2129682274.206029
KRDMD,2020-08-31,2.8294,780226001.6,2379689267.67593,2165041295.731561
KRDMD,2020-09-30,3.1448,780226001.6,2644966227.27296,2413267185.763849
KRDMD,2020-10-30,2.8758,780226001.6,2418700530.55185,2200775612.749128
KRDMD,2020-11-30,4.5456,780226001.6,3823107482.24815,3472528526.125995
KRDMD,2020-12-31,5.362,780226001.6,4509706452.94593,4102028989.599618
KRDMD,2021-01-29,6.2062,780226001.6,5219711995.34889,4754113685.363769
KRDMD,2021-02-26,6.0299,780226001.6,5071469010.4,4635829822.40664
KRDMD,2021-03-31,6.5679,780226001.6,5524000031.80148,5049488429.069733
KRDMD,2021-04-30,6.6422,780226001.6,5586418052.40296,5104868816.285825
KRDMD,2021-05-31,7.2915,780226001.6,6132576476.74741,5603948384.451783
KRDMD,2021-06-30,6.1876,780226001.6,5204107490.19852,4756033835.292427
KRDMD,2021-07-30,7.2823,780226001.6,6124774038.15185,5597430993.466976
KRDMD,2021-08-31,7.2173,780226001.6,6070158456.14593,5545089749.689307
KRDMD,2021-09-30,5.9835,780226001.6,5032457561.5037,4597149982.43363
KRDMD,2021-10-28,6.9205,780226001.6,5820486001.69926,5306537087.749215
KRDMD,2021-11-30,7.9316,780226001.6,6670932462.4963,6081889126.057877
KRDMD,2021-12-31,8.5532,780226001.6,7193683943.09482,6603801859.761045
KRDMD,2022-01-31,11.0765,780226001.6,9315898131.70814,8552926074.721243
KRDMD,2022-02-28,10.8816,780226001.6,9152050641.60888,8402497694.061113
KRDMD,2022-03-31,14.1934,780226001.6,11937457973.2963,10958586419.486004
KRDMD,2022-04-29,14.0636,780226001.6,11828226065.20296,10885516447.806284
KRDMD,2022-05-31,13.6368,780226001.6,11469322074.7037,10555217105.349815
KRDMD,2022-06-30,10.837,780226001.6,8800949089.70518,8099513447.255677
KRDMD,2022-07-29,10.2509,780226001.6,8325011496.59852,7661508080.319618
KRDMD,2022-08-31,11.3558,780226001.6,9222271100.80592,8487256094.071688
KRDMD,2022-09-30,11.4807,780226001.6,9323700570.3037,8580601634.850495
KRDMD,2022-10-31,11.4999,780226001.6,9339305447.49482,8594028872.784733
KRDMD,2022-11-30,14.5831,780226001.6,11492728646.40888,10573310354.69617
KRDMD,2022-12-30,17.8105,780226001.6,14036265590.20444,12916171596.106127
KRDMD,2023-01-31,16.3057,780226001.6,12850321710.61332,11824866038.106377
KRDMD,2023-02-28,22.3152,780226001.6,17586294790.38224,16181149836.6307
KRDMD,2023-03-31,18.7907,780226001.6,14808689153.20888,13619551414.206207
KRDMD,2023-04-28,14.8306,780226001.6,11687785146.80888,10749255999.520126
KRDMD,2023-05-31,17.3947,780226001.6,13708570610.00592,12607772390.022446
KRDMD,2023-06-27,22.0035,780226001.6,17242994932.9926,15860106739.366592
KRDMD,2023-07-31,25.2094,780226001.6,19755322122.40592,18170945288.188965
KRDMD,2023-08-31,24.8908,780226001.6,19505650040.0,17941296906.792
KRDMD,2023-09-29,29.411,780226001.6,23047876801.58224,21194827506.735027
KRDMD,2023-10-31,24.851,780226001.6,19474440285.61776,17908695286.65409
KRDMD,2023-11-30,24.7,780226001.6,19271582834.7852,17720220416.58499
KRDMD,2023-12-29,23.76,780226001.6,18538169976.59556,17045847293.479616
KRDMD,2024-01-31,26.84,780226001.6,20941266001.99704,19255494088.836277
KRDMD,2024-02-29,26.86,780226001.6,20956870879.18816,19269842773.413513
KRDMD,2024-03-29,23.2,780226001.6,18101243832.3852,16642283579.494953
KRDMD,2024-04-30,26.02,780226001.6,20301480918.79112,18671272001.01219
KRDMD,2024-05-31,29.08,780226001.6,22688972067.00148,20864778712.81456
KRDMD,2024-06-28,31.5,780226001.6,24577119050.4,22603576390.65288
KRDMD,2024-07-31,30.24,780226001.6,23594034109.80444,21699433170.787144
KRDMD,2024-08-29,22.98,780226001.6,17929593159.60888,16488053869.576326
KRDMD,2024-09-30,26.9,780226001.6,20988079145.4074,19300637582.116646
KRDMD,2024-10-31,24.66,780226001.6,19240373080.40296,17693447084.738564
KRDMD,2024-11-29,27.44,780226001.6,21409401900.58964,19688085987.782234
KRDMD,2024-12-31,27.1,780226001.6,21144124940.9926,19444137295.736794
KRDMD,2025-01-31,27.3,780226001.6,21300169248.4148,19583375606.992565
KRDMD,2025-02-28,27.7,780226001.6,21612260839.5852,19870312615.914635
KRDMD,2025-03-28,29.32,780226001.6,22876226128.80592,21032402302.82416
KRDMD,2025-04-30,23.22,780226001.6,18116847221.41332,16656629335.367407
KRDMD,2025-05-30,22.04,780226001.6,17196181789.58224,15805010682.805037
KRDMD,2025-06-30,24.12,780226001.6,18819051813.38372,17296590521.680977
KRDMD,2025-07-31,27.72,780226001.6,21627864228.61332,19888983944.63281
KRDMD,2025-08-29,29.4,780226001.6,22938644149.4074,21271004719.745483
KRDMD,2025-09-30,28.4,780226001.6,22158418147.8074,20587386301.127853
KRDMD,2025-10-31,27.42,780226001.6,21393797023.39852,19889813092.653603
KRDMD,2025-11-28,25.08,780226001.6,19568068060.60148,18192432875.941196
KRDMD,2025-12-31,25.26,780226001.6,19708508978.99556,18323000797.77217
KRDMD,2026-01-30,29.06,780226001.6,22673367189.81036,21086231486.523636
KRDMD,2026-02-27,32.52,780226001.6,25372949929.19112,23591768844.161903
KRDMD,2026-03-31,30.9,780226001.6,24108983151.8074,22416532534.55052
KRDMD,2026-04-30,38.52,780226001.6,30054305938.79112,27944493661.88798
KRDMD,2026-05-26,39.74,780226001.6,31006182613.16744,28829548593.723087
KRDMD,2026-06-30,39.8,780226001.6,31052994268.4148,28876179370.19892
KRDMD,2026-07-21,43.74,780226001.6,34127086619.56744,31734777847.535763
KTLEV,2023-06-27,1.2617,180000000.0,2692800006.86646,897510242.288591
KTLEV,2023-07-31,3.3045,180000000.0,7052400054.93164,2350564938.308716
KTLEV,2023-08-31,4.2381,180000000.0,9045000000.0,3014698500.0
KTLEV,2023-09-29,3.6351,180000000.0,7757999725.3418,2585741308.456422
KTLEV,2023-10-31,3.711,180000000.0,7920000000.0,2639736000.0
KTLEV,2023-11-30,4.8496,180000000.0,10350000000.0,3449655000.0
KTLEV,2023-12-29,6.334,180000000.0,13517999725.3418,4314945512.329103
KTLEV,2024-01-31,8.413,180000000.0,17955000000.0,3720276000.0
KTLEV,2024-02-29,10.0196,180000000.0,21384000549.31641,4364474512.115479
KTLEV,2024-03-29,11.0175,180000000.0,23220000000.0,7161048000.0
KTLEV,2024-04-30,14.186,180000000.0,29898001098.63281,9220543538.81836
KTLEV,2024-05-31,4.629,180000000.0,9756000137.3291,3008750442.352294
KTLEV,2024-06-28,4.091,180000000.0,8622000274.6582,2873712691.543578
KTLEV,2024-07-31,3.6981,180000000.0,7793999862.6709,2596960754.241944
KTLEV,2024-08-29,3.7254,180000000.0,7851599807.73926,2616153055.938721
KTLEV,2024-09-30,4.2703,180000000.0,9000000000.0,2998800000.0
KTLEV,2024-10-31,4.8682,180000000.0,10260000000.0,3418632000.0
KTLEV,2024-11-29,5.1799,180000000.0,10917000274.6582,4183394505.249022
KTLEV,2024-12-31,4.4838,180000000.0,9450000000.0,4146660000.0
KTLEV,2025-01-31,5.039,180000000.0,10620000000.0,5249466000.0
KTLEV,2025-02-28,5.2013,180000000.0,10962000274.6582,5418516735.763548
KTLEV,2025-03-28,5.5215,180000000.0,11637000274.6582,5752169235.763548
KTLEV,2025-04-30,6.6297,180000000.0,13760999450.68359,7184617813.201902
KTLEV,2025-05-30,8.4942,180000000.0,17630999450.68359,9205144813.201902
KTLEV,2025-06-30,8.1278,2070000000.0,16870499210.35767,10498511658.605577
KTLEV,2025-07-31,9.6337,2070000000.0,19996199684.14307,12443635063.442232
KTLEV,2025-08-29,10.99,2070000000.0,22811400947.5708,10130543160.816193
KTLEV,2025-09-30,13.2638,2070000000.0,27531000394.82117,10792152154.7699
KTLEV,2025-10-31,13.9718,2070000000.0,29000700473.7854,11260971993.970871
KTLEV,2025-11-28,16.116,2070000000.0,33451199684.14307,12560925481.395723
KTLEV,2025-12-31,21.3816,2070000000.0,44380801105.49927,15963774157.648087
KTLEV,2026-01-30,38.096,2070000000.0,79074001579.28467,23904070677.417755
KTLEV,2026-02-27,40.0905,2070000000.0,83214001579.28467,23158456639.514923
KTLEV,2026-03-31,77.987,2070000000.0,161873993682.86133,37538579135.05554
KTLEV,2026-04-30,114.7918,2070000000.0,238050000000.0,48466980000.0
KTLEV,2026-05-26,126.0661,2070000000.0,261233993682.86133,55799581050.65918
KTLEV,2026-06-30,174.4066,2070000000.0,361215000000.0,91495759500.0
KTLEV,2026-07-21,175.0,2070000000.0,362250000000.0,87954300000.0
KUYAS,2016-07-29,0.4395,27218798.16,81928582.20202,57350007.541414
KUYAS,2016-08-31,0.4498,27218798.16,83833896.25617,58683727.379319
KUYAS,2016-09-30,0.4337,27218798.16,80839831.31394,56587881.919758
KUYAS,2016-10-31,0.4249,27218798.16,79206704.98181,55444693.487267
KUYAS,2016-11-30,0.4279,27218798.16,79751080.42585,55825756.298095
KUYAS,2016-12-30,0.4571,27218798.16,85194841.35574,59636388.949018
KUYAS,2017-01-31,0.5388,27218798.16,100437366.76787,70306156.737509
KUYAS,2017-02-28,0.5125,27218798.16,95537981.28202,66876586.897414
KUYAS,2017-03-31,0.5213,27218798.16,97171107.61415,68019775.329905
KUYAS,2017-04-28,0.587,27218798.16,109419568.08404,76593697.658828
KUYAS,2017-05-31,0.6781,27218798.16,125206468.94021,87644528.258147
KUYAS,2017-06-30,0.6545,27218798.16,120851465.38787,84596025.771509
KUYAS,2017-07-31,0.6471,27218798.16,119490520.2883,83643364.20181
KUYAS,2017-08-31,0.5646,27218798.16,104247994.87617,72973596.413319
KUYAS,2017-09-29,0.5159,27218798.16,95265793.56,66686055.492
KUYAS,2017-10-31,0.5262,27218798.16,97171107.61415,68019775.329905
KUYAS,2017-11-30,0.6044,27218798.16,111597069.86021,78117948.902147
KUYAS,2017-12-29,0.6117,27218798.16,112958014.95979,79070610.471853
KUYAS,2018-01-31,0.6766,27218798.16,124934287.70766,73711229.747519
KUYAS,2018-02-28,0.7621,27218798.16,140721188.56383,83025501.25266
KUYAS,2018-03-30,0.7149,27218798.16,132011168.48021,77886589.403324
KUYAS,2018-04-30,0.6073,27218798.16,112141445.30426,66163452.729513
KUYAS,2018-05-31,0.3508,27218798.16,64780742.73574,38220638.214087
KUYAS,2018-06-29,0.4422,27218798.16,81656394.48,48177272.7432
KUYAS,2018-07-31,0.4231,27218798.16,78117947.60426,48612798.794131
KUYAS,2018-08-31,0.283,27218798.16,52260091.2991,37773593.990989
KUYAS,2018-09-28,0.2167,27218798.16,40011634.07394,38703253.639722
KUYAS,2018-10-31,0.1592,27218798.16,29396303.1809,26603654.378715
KUYAS,2018-11-30,0.2373,27218798.16,43822265.42697,39553976.774383
KUYAS,2018-12-31,0.192,54437596.32,61514483.58202,55522972.881131
KUYAS,2019-01-31,0.2311,54437596.32,74035131.77394,66246635.911322
KUYAS,2019-02-28,0.248,54437596.32,79478892.70383,71117713.191387
KUYAS,2019-03-29,0.2922,54437596.32,93632667.22787,83014722.76423
KUYAS,2019-04-30,0.209,54437596.32,66958244.51191,63898252.737716
KUYAS,2019-05-31,0.1835,54437596.32,58792606.36181,56411505.804157
KUYAS,2019-06-28,0.1988,54437596.32,63691985.35819,61112459.951183
KUYAS,2019-07-31,0.1954,54437596.32,62603234.47011,60099105.091306
KUYAS,2019-08-29,0.1903,54437596.32,60970108.13798,58531303.812461
KUYAS,2019-09-30,0.2107,54437596.32,67502619.95596,64802515.157722
KUYAS,2019-10-31,0.2056,54437596.32,65869493.62383,63234713.878877
KUYAS,2019-11-29,0.2379,54437596.32,76212633.55011,75671523.851904
KUYAS,2019-12-31,0.2803,54437596.32,89822032.63011,89184296.198436
KUYAS,2020-01-31,0.3262,54437596.32,104520182.59819,103778089.301743
KUYAS,2020-02-28,0.265,54437596.32,84922647.14426,84328188.61425
KUYAS,2020-03-31,0.2005,54437596.32,64236360.80223,63786706.276614
KUYAS,2020-04-30,0.2718,54437596.32,87100155.40989,86490454.322021
KUYAS,2020-05-29,0.2871,54437596.32,91999540.89574,91355544.10947
KUYAS,2020-06-30,0.4468,54437596.32,143170884.55149,142183005.448085
KUYAS,2020-07-30,0.4791,54437596.32,153514017.9883,152700393.692962
KUYAS,2020-08-31,0.4417,54437596.32,141537745.24043,140787595.190656
KUYAS,2020-09-30,0.52,100000000.0,207999992.37061,206897592.411046
KUYAS,2020-10-30,0.5375,100000000.0,215000009.53674,213624009.475705
KUYAS,2020-11-30,0.6,100000000.0,240000009.53674,239232009.506222
KUYAS,2020-12-31,0.575,100000000.0,229999995.23163,229263995.246889
KUYAS,2021-01-29,0.5975,100000000.0,239000010.49042,238235210.456851
KUYAS,2021-02-26,0.53,100000000.0,211999988.55591,211321588.592531
KUYAS,2021-03-31,0.535,100000000.0,214000010.49042,213315210.456851
KUYAS,2021-04-30,0.545,100000000.0,218000006.67572,217302406.654358
KUYAS,2021-05-31,0.595,100000000.0,238000011.44409,237238411.407469
KUYAS,2021-06-30,0.5275,100000000.0,210999989.50958,210345889.5421
KUYAS,2021-07-30,0.7175,100000000.0,286999988.55591,286110288.591387
KUYAS,2021-08-31,0.6225,100000000.0,249000000.95367,248228100.950714
KUYAS,2021-09-30,0.6325,100000000.0,252999997.13898,252215697.147849
KUYAS,2021-10-28,0.6375,100000000.0,254999995.23163,254209495.246412
KUYAS,2021-11-30,0.8725,100000000.0,349000000.95367,347918100.950714
KUYAS,2021-12-31,1.2775,100000000.0,511000013.35144,509467013.311386
KUYAS,2022-01-31,1.61,100000000.0,644000005.72205,642068005.704884
KUYAS,2022-02-28,1.47,100000000.0,588000011.44409,586236011.409758
KUYAS,2022-03-31,1.4175,100000000.0,567000007.62939,565185607.604976
KUYAS,2022-04-29,1.705,100000000.0,682000017.16614,679817617.111208
KUYAS,2022-05-31,1.7025,100000000.0,680999994.27795,678820794.296261
KUYAS,2022-06-30,1.65,100000000.0,659999990.46326,657887990.493778
KUYAS,2022-07-29,1.545,100000000.0,617999982.83386,616022382.888792
KUYAS,2022-08-31,1.52,100000000.0,607999992.37061,606054392.395024
KUYAS,2022-09-30,2.2575,100000000.0,902999973.29712,900110373.382569
KUYAS,2022-10-31,3.27,100000000.0,1307999992.37061,1304075992.393498
KUYAS,2022-11-30,4.575,100000000.0,1829999923.70605,1821764924.049373
KUYAS,2022-12-30,6.605,100000000.0,2642000007.62939,2630111007.595058
KUYAS,2023-01-31,7.0,100000000.0,2800000000.0,2787400000.0
KUYAS,2023-02-28,6.475,100000000.0,2589999961.85303,2578344962.024691
KUYAS,2023-03-31,6.235,100000000.0,2494000053.40576,2482777053.165434
KUYAS,2023-04-28,8.015,100000000.0,3206000137.3291,3191573136.711119
KUYAS,2023-05-31,7.275,100000000.0,2910000038.14697,2901270038.032529
KUYAS,2023-06-27,9.75,100000000.0,3900000000.0,3887910000.0
KUYAS,2023-07-31,9.325,100000000.0,3729999923.70605,3718436923.942561
KUYAS,2023-08-31,11.825,100000000.0,4729999923.70605,4715809923.934932
KUYAS,2023-09-29,16.1375,100000000.0,6455000305.17578,6430471304.016112
KUYAS,2023-10-31,13.25,100000000.0,5300000000.0,5279860000.0
KUYAS,2023-11-30,18.975,100000000.0,7590000152.58789,7561158152.008056
KUYAS,2023-12-29,13.3875,100000000.0,5354999923.70605,5334650923.995967
KUYAS,2024-01-31,15.225,100000000.0,6090000152.58789,6066858152.008056
KUYAS,2024-02-29,13.5625,100000000.0,5425000000.0,5403300000.0
KUYAS,2024-03-29,11.28,100000000.0,4511999893.18848,4493951893.615726
KUYAS,2024-04-30,12.6625,100000000.0,5065000152.58789,5046259652.023315
KUYAS,2024-05-31,12.15,100000000.0,4859999847.41211,4836671848.144532
KUYAS,2024-06-28,11.75,100000000.0,4700000000.0,4681200000.0
KUYAS,2024-07-31,12.8125,100000000.0,5125000000.0,4808787500.0
KUYAS,2024-08-29,15.0625,100000000.0,6025000000.0,5591802500.0
KUYAS,2024-09-30,16.625,100000000.0,6650000000.0,6623400000.0
KUYAS,2024-10-31,17.725,100000000.0,7090000152.58789,7063058152.008056
KUYAS,2024-11-29,17.2,400000000.0,6880000305.17578,6809136302.032469
KUYAS,2024-12-31,20.7,400000000.0,8280000305.17578,8249364304.04663
KUYAS,2025-01-31,22.18,400000000.0,8872000122.07031,8837399321.594236
KUYAS,2025-02-28,24.02,400000000.0,9608000183.10547,9577254582.519531
KUYAS,2025-03-28,38.0,400000000.0,15200000000.0,15154400000.0
KUYAS,2025-04-30,39.4,400000000.0,15760000610.35156,15714296608.58154
KUYAS,2025-05-30,49.0,400000000.0,19600000000.0,19543160000.0
KUYAS,2025-06-30,64.2,400000000.0,25679998779.29688,25592686783.44727
KUYAS,2025-07-31,56.9,400000000.0,22760000610.35156,22691720608.520504
KUYAS,2025-08-29,56.2,400000000.0,22480000305.17578,21951720298.00415
KUYAS,2025-09-30,52.4,400000000.0,20960000610.35156,20901312608.642574
KUYAS,2025-10-31,50.9,400000000.0,20360000610.35156,20302992608.642574
KUYAS,2025-11-28,42.44,400000000.0,16975999450.68359,16930164252.166744
KUYAS,2025-12-31,53.5,400000000.0,21400000000.0,21342220000.0
KUYAS,2026-01-30,53.95,400000000.0,21580000305.17578,21342620301.818848
KUYAS,2026-02-27,73.6,400000000.0,29439999389.64844,29357567391.357426
KUYAS,2026-03-31,76.65,400000000.0,30660000610.35156,30577218608.70361
KUYAS,2026-04-30,83.1,400000000.0,33239999389.64844,33150251391.29639
KUYAS,2026-05-26,76.6,400000000.0,30639999389.64844,30557271391.29639
KUYAS,2026-06-30,73.15,400000000.0,29260000610.35156,29178072608.642574
KUYAS,2026-07-21,60.5,400000000.0,24200000000.0,24132240000.0
MAGEN,2021-09-30,1.14,410000000.0,3407100172.04285,
MAGEN,2021-10-28,1.1482,410000000.0,3431699953.07922,
MAGEN,2021-11-30,1.2525,410000000.0,3743300046.92078,871065920.918466
MAGEN,2021-12-31,1.3019,410000000.0,3890899906.15845,891405168.500901
MAGEN,2022-01-31,1.3718,410000000.0,4100000000.0,938900000.0
MAGEN,2022-02-28,1.2072,410000000.0,3608000078.20129,826232017.908095
MAGEN,2022-03-31,1.2648,410000000.0,3780200109.48181,865665825.071334
MAGEN,2022-04-29,1.317,410000000.0,3936000156.40259,901344035.816193
MAGEN,2022-05-31,1.3938,410000000.0,4165599937.43896,953922385.673522
MAGEN,2022-06-30,1.7011,410000000.0,5083999843.59741,1164235964.183807
MAGEN,2022-07-29,1.7848,410000000.0,5334100093.84155,1221508921.489715
MAGEN,2022-08-31,2.0917,410000000.0,6174600172.04285,1413983439.397813
MAGEN,2022-09-30,2.0445,410000000.0,6035200109.48181,1382060825.071334
MAGEN,2022-10-31,3.3501,410000000.0,9889200344.08569,2240892797.969817
MAGEN,2022-11-30,4.8779,410000000.0,14399199562.07275,3259978780.853271
MAGEN,2022-12-30,4.5279,410000000.0,13365999374.38965,3026062258.361817
MAGEN,2023-01-31,3.9862,410000000.0,11767000312.80518,2662872170.787812
MAGEN,2023-02-28,4.9307,410000000.0,14555000000.0,3293796500.0
MAGEN,2023-03-31,4.7085,410000000.0,13899000625.61035,3145343841.575622
MAGEN,2023-04-28,5.1563,410000000.0,15210999374.38965,3442249158.424378
MAGEN,2023-05-31,4.8533,410000000.0,14317199249.26758,3239982190.109253
MAGEN,2023-06-27,6.1542,410000000.0,18154799499.51172,4108431126.739502
MAGEN,2023-07-31,7.9915,410000000.0,23575000000.0,5335022500.0
MAGEN,2023-08-31,7.2132,410000000.0,21279000625.61035,4815437841.575622
MAGEN,2023-09-29,9.0825,410000000.0,26793499374.38965,6063368908.424378
MAGEN,2023-10-31,8.1653,410000000.0,24087500000.0,5451001250.0
MAGEN,2023-11-30,6.12,1180000000.0,18054000225.06714,4085620250.932694
MAGEN,2023-12-29,3.792,1180000000.0,11186399459.83887,2531482197.761536
MAGEN,2024-01-31,5.34,1180000000.0,15753000450.13428,3557027501.64032
MAGEN,2024-02-29,6.28,1180000000.0,18525999774.93286,4183170749.17984
MAGEN,2024-03-29,6.096,1180000000.0,17983199729.91943,4060606499.015807
MAGEN,2024-04-30,9.848,1180000000.0,29051600990.29541,3753466847.946167
MAGEN,2024-05-31,9.736,1180000000.0,28721200180.05371,3707906943.244934
MAGEN,2024-06-28,10.96,1180000000.0,32331999549.86572,4219325941.257476
MAGEN,2024-07-31,8.4,1180000000.0,24780000000.0,3154494000.0
MAGEN,2024-08-29,9.064,1180000000.0,26738799819.94629,3345023857.475281
MAGEN,2024-09-30,8.816,1180000000.0,26007201080.32227,3321119577.957154
MAGEN,2024-10-31,8.168,1180000000.0,24095600090.02686,3929992374.683381
MAGEN,2024-11-29,7.62,1180000000.0,22478999099.73145,3661828953.346253
MAGEN,2024-12-31,7.7,1180000000.0,22715000000.0,3700273500.0
MAGEN,2025-01-31,9.2,1180000000.0,27140000000.0,4459102000.0
MAGEN,2025-02-28,10.384,1180000000.0,30632798919.67773,5039095422.286987
MAGEN,2025-03-28,11.2,1180000000.0,33040000000.0,5435080000.0
MAGEN,2025-04-30,10.64,1180000000.0,31388000450.13428,5163326074.047089
MAGEN,2025-05-30,13.576,1180000000.0,40049198379.5166,7609347692.108154
MAGEN,2025-06-30,13.104,1180000000.0,38656798019.40918,9424527357.131958
MAGEN,2025-07-31,17.48,1180000000.0,51566000900.26855,12571791019.485472
MAGEN,2025-08-29,20.34,1180000000.0,60002998199.46289,14628730961.029053
MAGEN,2025-09-30,22.52,2950000000.0,66434001350.40283,16196609529.22821
MAGEN,2025-10-31,29.58,2950000000.0,87260999774.93286,21274231745.12863
MAGEN,2025-11-28,31.48,2950000000.0,92865998649.59717,22640730470.77179
MAGEN,2025-12-31,38.12,2950000000.0,112453996849.06006,27292585035.266876
MAGEN,2026-01-30,41.3,2950000000.0,121834997749.32861,28570306972.21756
MAGEN,2026-02-27,49.76,2950000000.0,146791995048.52295,35787888392.829895
MAGEN,2026-03-31,52.45,2950000000.0,154727502250.6714,37722565048.713684
MAGEN,2026-04-30,64.05,2950000000.0,188947509002.68555,46065402694.85474
MAGEN,2026-05-26,61.1,2950000000.0,180244995498.65723,43943729902.57263
MAGEN,2026-06-30,31.36,2950000000.0,92512001800.53711,11508493023.986816
MAGEN,2026-07-21,39.6,2950000000.0,116819995498.65723,13667939473.342896
MAVI,2017-06-30,2.2478,49657000.0,2134257837.26883,1173841810.497857
MAVI,2017-07-31,2.1871,49657000.0,2076655724.84589,1142160648.66524
MAVI,2017-08-31,2.4005,49657000.0,2279256375.77057,1253591006.673814
MAVI,2017-09-29,2.7195,49657000.0,2582164000.0,1420190200.0
MAVI,2017-10-31,2.9523,49657000.0,2803137687.88528,1541725728.336904
MAVI,2017-11-30,2.764,49657000.0,2624372374.22943,1443404805.826187
MAVI,2017-12-29,3.0333,49657000.0,2880106000.0,1584058300.0
MAVI,2018-01-31,2.9967,49657000.0,2845346062.11472,2077102625.343746
MAVI,2018-02-28,2.7901,49657000.0,2649200874.22943,1933916638.187484
MAVI,2018-03-30,2.8241,49657000.0,2681478000.0,1957478940.0
MAVI,2018-04-30,2.5522,49657000.0,2423261562.11472,1768980940.343746
MAVI,2018-05-31,2.5763,49657000.0,2419289100.61646,1766081043.450016
MAVI,2018-06-29,2.0644,49657000.0,1938609325.46234,1415184807.587508
MAVI,2018-07-31,1.9142,49657000.0,1797583437.88528,1304686059.217136
MAVI,2018-08-31,1.3368,49657000.0,1255328994.09676,911117783.915428
MAVI,2018-09-28,1.8962,49657000.0,1780700050.30823,1292432096.513713
MAVI,2018-10-31,1.781,49657000.0,1672447775.15411,1213862595.206853
MAVI,2018-11-30,1.9935,49657000.0,1872068937.88528,1358747635.117136
MAVI,2018-12-31,1.7038,49657000.0,1599948600.61646,1161242694.327427
MAVI,2019-01-31,2.1807,49657000.0,2047854763.34763,1486332987.23771
MAVI,2019-02-28,2.1945,49657000.0,2060765500.0,1495703599.9
MAVI,2019-03-29,2.039,49657000.0,1914773988.19351,1389742960.63085
MAVI,2019-04-30,2.0157,49657000.0,1892924786.9606,1373884810.376003
MAVI,2019-05-31,1.8095,49657000.0,1699262600.61646,1233324795.527427
MAVI,2019-06-28,2.1257,49657000.0,1996211437.88528,1448850261.617136
MAVI,2019-07-31,2.1945,49657000.0,2060765500.0,1495703599.9
MAVI,2019-08-29,1.9512,49657000.0,1832343375.77057,1329914822.13428
MAVI,2019-09-30,2.4398,49657000.0,2291173949.69177,1662934052.686287
MAVI,2019-10-31,2.4409,49657000.0,2292167112.42294,1663654890.19657
MAVI,2019-11-29,2.3943,49657000.0,2248468899.38354,1631938727.172573
MAVI,2019-12-31,3.0617,49657000.0,2875140375.77057,2086776884.73428
MAVI,2020-01-31,3.0114,49657000.0,2827966187.88528,2052537859.167136
MAVI,2020-02-28,2.829,49657000.0,2656649500.0,1928196207.1
MAVI,2020-03-31,1.7757,49657000.0,1667482150.92468,1210258545.141133
MAVI,2020-04-30,2.1998,49657000.0,2065731124.22943,1499307649.96572
MAVI,2020-05-29,2.3901,49657000.0,2244496437.88528,1629055514.617136
MAVI,2020-06-30,2.517,49657000.0,2363673124.22943,1715553953.56572
MAVI,2020-07-30,2.1913,49657000.0,2057786011.80649,1493541087.36915
MAVI,2020-08-31,1.966,49657000.0,1846247275.15411,1340006272.306853
MAVI,2020-09-30,2.0337,49657000.0,1909808174.53766,1386138773.079434
MAVI,2020-10-30,1.9935,49657000.0,1872068937.88528,1358747635.117136
MAVI,2020-11-30,2.4324,49657000.0,2284222000.0,1657888327.6
MAVI,2020-12-31,2.7603,49657000.0,2592095437.88528,1881342868.817136
MAVI,2021-01-29,2.8026,49657000.0,2631821000.0,1910175681.8
MAVI,2021-02-26,2.6704,49657000.0,2507678500.0,1820073055.3
MAVI,2021-03-31,2.4483,49657000.0,2299119062.11472,1668700615.282864
MAVI,2021-04-30,2.2886,49657000.0,2149154899.38354,1559856625.972573
MAVI,2021-05-31,2.6704,49657000.0,2507678500.0,1820073055.3
MAVI,2021-06-30,2.9797,49657000.0,2798171874.22943,2030913146.31572
MAVI,2021-07-30,2.856,49657000.0,2651683875.77057,1924592157.03428
MAVI,2021-08-31,3.0539,49657000.0,2835414624.22943,2057943934.26572
MAVI,2021-09-30,3.4444,49657000.0,3197910875.77057,2321043713.63428
MAVI,2021-10-28,3.8508,49657000.0,3575304000.0,2594955643.2
MAVI,2021-11-30,3.9311,49657000.0,3649789500.0,2649017219.1
MAVI,2021-12-31,3.7278,49657000.0,3461092748.45886,2512061116.831441
MAVI,2022-01-31,3.5808,49657000.0,3324535998.45886,2412948227.681441
MAVI,2022-02-28,2.9871,49657000.0,2773343374.22943,2012892621.01572
MAVI,2022-03-31,4.1076,49657000.0,3813657751.54114,2767952796.068559
MAVI,2022-04-29,4.3589,49657000.0,4047045500.0,2937345623.9
MAVI,2022-05-31,4.2252,99314000.0,3922903000.0,2847242997.4
MAVI,2022-06-30,5.6105,99314000.0,5209019375.77057,3780706262.93428
MAVI,2022-07-29,6.7497,99314000.0,6266713248.45886,4548380475.731441
MAVI,2022-08-31,7.6231,99314000.0,6947013996.91772,5042142758.962881
MAVI,2022-09-30,7.8247,99314000.0,7130745503.08228,5175495086.137119
MAVI,2022-10-31,9.4976,99314000.0,8655215251.54114,6281955229.568559
MAVI,2022-11-30,12.3692,99314000.0,11272139000.0,8181318486.2
MAVI,2022-12-30,14.4071,99314000.0,13129310496.91772,9529253558.662882
MAVI,2023-01-31,12.6525,99314000.0,11530355248.45886,8368731839.331441
MAVI,2023-02-28,11.3883,99314000.0,10378313000.0,7532579575.4
MAVI,2023-03-31,11.4428,99314000.0,10427970000.0,7568620626.0
MAVI,2023-04-28,11.4319,99314000.0,10418038751.54114,7561412525.868559
MAVI,2023-05-31,12.2579,198628000.0,10725912000.0,7784866929.6
MAVI,2023-06-27,17.6944,198628000.0,15483051993.83545,11237599137.12577
MAVI,2023-07-31,19.8055,198628000.0,17330293000.0,12578326659.4
MAVI,2023-08-31,24.4476,198628000.0,21392234993.83545,15526484158.52577
MAVI,2023-09-29,25.5826,198628000.0,22385374993.83545,16247305170.52577
MAVI,2023-10-31,21.6783,198628000.0,18968974000.0,13767681329.2
MAVI,2023-11-30,23.0175,198628000.0,20140879503.08228,14618250343.337118
MAVI,2023-12-29,26.4452,198628000.0,23140162000.0,16795129579.6
MAVI,2024-01-31,32.3698,198628000.0,28324354012.3291,20557816142.14846
MAVI,2024-02-29,32.2109,198628000.0,28185311987.6709,20456899440.65154
MAVI,2024-03-29,33.5956,397256000.0,29396944000.0,21336301955.2
MAVI,2024-04-30,41.9945,397256000.0,36746180000.0,26670377444.0
MAVI,2024-05-31,44.3104,397256000.0,37918083987.6709,27517153549.85277
MAVI,2024-06-28,58.9568,397256000.0,50451512000.0,36612662258.4
MAVI,2024-07-31,52.3184,397256000.0,44770749987.6709,32490133266.052773
MAVI,2024-08-29,48.9759,397256000.0,41910508000.0,30414455655.6
MAVI,2024-09-30,41.8733,397256000.0,35832489987.6709,26003637984.052773
MAVI,2024-10-31,35.3741,397256000.0,30270905987.6709,21967596475.252773
MAVI,2024-11-29,38.4148,397256000.0,32872934000.0,23855888203.8
MAVI,2024-12-31,40.4806,397256000.0,34640721987.6709,25138771946.45277
MAVI,2025-01-31,32.9833,397256000.0,28225040012.3291,20480089032.945995
MAVI,2025-02-28,30.9407,397256000.0,26477113006.16455,19214440908.573612
MAVI,2025-03-28,32.1477,397256000.0,27509978000.0,19963991034.6
MAVI,2025-04-30,29.9705,794512000.0,25646846390.13672,18611916425.32222
MAVI,2025-05-30,29.4298,794512000.0,24296176899.38354,17629305958.192696
MAVI,2025-06-30,37.0134,794512000.0,30556930792.60254,22169053290.033142
MAVI,2025-07-31,40.709,794512000.0,33607856993.83545,24382500249.02762
MAVI,2025-08-29,42.9994,794512000.0,35498796402.46582,25757926669.6292
MAVI,2025-09-30,35.9548,794512000.0,29682968804.93164,21540930461.73889
MAVI,2025-10-31,38.7842,794512000.0,32018832993.83545,23236067103.626385
MAVI,2025-11-28,36.3012,794512000.0,29968993609.86328,21748498662.67778
MAVI,2025-12-31,41.8831,794512000.0,34577162603.69873,25092646901.50417
MAVI,2026-01-30,46.5218,794512000.0,38406710201.23291,27871749593.03472
MAVI,2026-02-27,43.6924,794512000.0,36070846012.3291,26176612951.14723
MAVI,2026-03-31,40.5165,794512000.0,33448953987.6709,24273905908.85277
MAVI,2026-04-30,41.6906,794512000.0,34418259597.53418,24977330989.930553
MAVI,2026-05-26,41.22,794512000.0,32749785609.86328,23766519417.07778
MAVI,2026-06-30,37.64,794512000.0,29905431195.06836,21702371418.26111
MAVI,2026-07-21,41.02,794512000.0,32590882603.69873,23651203505.50417
MGROS,2016-07-29,15.2283,178030000.0,2891207159.25217,549329360.257912
MGROS,2016-08-31,16.5035,178030000.0,3133328067.91306,595332332.903481
MGROS,2016-09-30,17.1412,178030000.0,3254388522.2435,618333819.226265
MGROS,2016-10-31,16.6817,178030000.0,3167153862.99133,601759233.968353
MGROS,2016-11-30,16.2316,178030000.0,3081699204.92172,585522848.935127
MGROS,2016-12-30,16.4848,178030000.0,3129767386.41739,594655803.419304
MGROS,2017-01-31,17.3006,178030000.0,3284653635.82611,624084190.806961
MGROS,2017-02-28,18.4727,178030000.0,3507191135.82611,666366315.806961
MGROS,2017-03-31,20.7794,178030000.0,3945144772.83478,749577506.838608
MGROS,2017-04-28,22.8049,178030000.0,4329689545.66956,822641013.677216
MGROS,2017-05-31,25.2804,178030000.0,4799688637.00867,911940841.031647
MGROS,2017-06-30,25.843,178030000.0,4906506704.92172,932236273.935127
MGROS,2017-07-31,27.906,178030000.0,5298172840.74783,1006652839.742088
MGROS,2017-08-31,27.0995,178030000.0,5145066932.08694,977562717.096519
MGROS,2017-09-29,24.1364,178030000.0,4582492159.25217,870673510.257912
MGROS,2017-10-31,24.474,178030000.0,4646583067.91306,882850782.903481
MGROS,2017-11-30,22.261,178030000.0,4226432159.25217,803022110.257912
MGROS,2017-12-29,25.843,178030000.0,4906506704.92172,1717277346.722602
MGROS,2018-01-31,24.5865,178030000.0,4667946477.7565,1633781267.214775
MGROS,2018-02-28,22.5798,178030000.0,4286962386.41739,1500436835.246087
MGROS,2018-03-30,22.2985,178030000.0,4233553522.2435,1481743732.785225
MGROS,2018-04-30,21.3796,178030000.0,4059083864.17389,1420679352.460862
MGROS,2018-05-31,18.6321,178030000.0,3537456249.40872,1238109687.293052
MGROS,2018-06-29,19.2604,178030000.0,3656736362.99133,1279857727.046966
MGROS,2018-07-31,18.0976,178030000.0,3435978864.17389,1196064242.618931
MGROS,2018-08-31,12.659,178030000.0,2403405000.0,836625280.5
MGROS,2018-09-28,15.172,181054233.0,2929457545.19337,1051675258.72442
MGROS,2018-10-31,13.7092,181054233.0,2647012865.73999,949748216.227508
MGROS,2018-11-30,14.6844,181054233.0,2835309261.15332,1017308962.901811
MGROS,2018-12-31,13.9717,181054233.0,2697708002.63329,967937631.344824
MGROS,2019-01-31,15.9409,181054233.0,3077921961.0,1104358399.6068
MGROS,2019-02-28,14.7219,181054233.0,2842551423.56665,1019907450.775714
MGROS,2019-03-29,12.7152,181054233.0,2455095475.45338,880888256.592673
MGROS,2019-04-30,12.9215,181054233.0,2494927282.3933,895179908.922716
MGROS,2019-05-31,12.087,181054233.0,2333789125.53004,837363538.240178
MGROS,2019-06-28,12.6871,181054233.0,2449663724.1433,878939344.222616
MGROS,2019-07-31,15.9315,181054233.0,3076111377.22997,1103708762.150113
MGROS,2019-08-29,17.3006,181054233.0,3340450736.98342,1198553724.429651
MGROS,2019-09-30,19.4667,181054233.0,3758685918.52003,1348616507.564987
MGROS,2019-10-31,19.2416,181054233.0,3715232944.04005,1333025580.32157
MGROS,2019-11-29,20.7419,181054233.0,4004919785.90676,1436965219.183345
MGROS,2019-12-31,22.7111,181054233.0,4385133398.93992,1709763512.246675
MGROS,2020-01-31,23.6301,181054233.0,4562566809.73342,1778944799.11506
MGROS,2020-02-28,20.4044,181054233.0,3939740151.52003,1536104685.07766
MGROS,2020-03-31,21.2483,181054233.0,4102688892.15332,1599638399.050579
MGROS,2020-04-30,27.5121,181054233.0,5312131223.84668,2071199964.177821
MGROS,2020-05-29,31.3567,181054233.0,6054453302.87985,2361236788.123142
MGROS,2020-06-30,36.1015,181054233.0,6970587970.5,2718529308.495
MGROS,2020-07-30,41.9715,181054233.0,8103987165.18648,3158934196.98969
MGROS,2020-08-31,36.7766,181054233.0,7100947239.27347,2767949233.868799
MGROS,2020-09-30,38.6333,181054233.0,7459434537.73342,2907687582.808487
MGROS,2020-10-30,35.1263,181054233.0,6782291402.4199,2643737188.663277
MGROS,2020-11-30,39.5522,181054233.0,7636867603.19337,2976850991.724776
MGROS,2020-12-31,40.1336,181054233.0,7749121034.26658,3022157203.363966
MGROS,2021-01-29,41.3901,181054233.0,7991733734.11327,3116776156.304175
MGROS,2021-02-26,36.6266,181054233.0,7071978589.62015,3590443529.95015
MGROS,2021-03-31,32.8195,181054233.0,6336898155.0,3217243193.2935
MGROS,2021-04-30,34.0385,181054233.0,6572268519.76658,3336083500.633516
MGROS,2021-05-31,32.4819,181054233.0,6271718520.61327,3183524321.063296
MGROS,2021-06-30,30.4753,181054233.0,5884262572.5,2986851681.801
MGROS,2021-07-30,31.9756,181054233.0,6173949069.03316,3133896547.441232
MGROS,2021-08-31,32.6695,181054233.0,6307929505.34668,3201905016.913975
MGROS,2021-09-30,29.5563,181054233.0,5706829507.04005,2896786657.773529
MGROS,2021-10-28,33.0071,181054233.0,6373109139.73342,3234990199.328684
MGROS,2021-11-30,39.9648,181054233.0,7716531217.07322,3916911245.786366
MGROS,2021-12-31,35.5764,181054233.0,6869197351.37985,3486804575.560412
MGROS,2022-01-31,38.2769,181054233.0,7390633735.80663,3752224747.669026
MGROS,2022-02-28,33.7572,181054233.0,6517952388.0,3309164427.3876
MGROS,2022-03-31,42.8342,181054233.0,8270557418.69337,4198134945.728755
MGROS,2022-04-29,42.5716,181054233.0,8219862454.46684,4173224168.132815
MGROS,2022-05-31,41.5401,181054233.0,8020702383.76658,4072110600.238293
MGROS,2022-06-30,45.0096,181054233.0,8690603184.0,4412219236.5168
MGROS,2022-07-29,52.6988,181054233.0,10175248032.73342,5165973426.218757
MGROS,2022-08-31,76.5633,181054233.0,14783078400.71684,7505368904.04394
MGROS,2022-09-30,94.8953,181054233.0,18322687827.06633,9302428609.801577
MGROS,2022-10-31,113.4618,181054233.0,21907562193.0,11122469325.3861
MGROS,2022-11-30,125.8394,181054233.0,24297477516.06633,12335829334.906876
MGROS,2022-12-30,137.3731,181054233.0,26524445134.5,13466460794.78565
MGROS,2023-01-31,129.2151,181054233.0,24949273859.93367,12666746338.688324
MGROS,2023-02-28,135.5915,181054233.0,26180443196.86734,13291811011.04955
MGROS,2023-03-31,157.0648,181054233.0,30326584027.5,15393774052.359
MGROS,2023-04-28,163.535,181054233.0,31575857130.13266,16027905079.255339
MGROS,2023-05-31,164.2094,181054233.0,31231855192.5,15853289695.713
MGROS,2023-06-27,202.3821,181054233.0,38492131040.86734,19538605716.34426
MGROS,2023-07-31,280.8218,181054233.0,53410998735.0,27111422957.886
MGROS,2023-08-31,330.2274,181054233.0,62807712322.63266,31881194774.968338
MGROS,2023-09-29,347.6479,181054233.0,66121008101.73468,33563023712.440525
MGROS,2023-10-31,321.4696,181054233.0,61142016694.23468,31035687673.993523
MGROS,2023-11-30,342.4599,181054233.0,65134260321.75,33062150539.3203
MGROS,2023-12-29,318.8994,181054233.0,60653168055.0,30787548104.718
MGROS,2024-01-31,388.8669,181054233.0,73960654180.5,37542428062.0218
MGROS,2024-02-29,469.5436,181054233.0,89305000427.25,45331218216.8721
MGROS,2024-03-29,395.0545,181054233.0,75137506695.0,38139798398.382
MGROS,2024-04-30,420.7568,181054233.0,80025970986.0,40621182872.4936
MGROS,2024-05-31,459.2271,181054233.0,86046024233.25,43676961900.7977
MGROS,2024-06-28,512.1312,181054233.0,95958743490.0,48708658195.524
MGROS,2024-07-31,509.7155,181054233.0,95506107907.5,48478900373.847
MGROS,2024-08-29,468.1652,181054233.0,87720775888.5,44527065841.0026
MGROS,2024-09-30,434.8284,181054233.0,81474404850.0,41356407901.86
MGROS,2024-10-31,393.0365,181054233.0,73643809272.75,37381597586.8479
MGROS,2024-11-29,469.9434,181054233.0,87494458097.25,44412186930.1641
MGROS,2024-12-31,531.938,181054233.0,99036665451.0,50271011382.9276
MGROS,2025-01-31,568.8917,181054233.0,105916726305.0,53763330272.418
MGROS,2025-02-28,546.525,181054233.0,101752478946.0,51649558312.9896
MGROS,2025-03-28,481.613,181054233.0,89667108893.25,45515024474.2137
MGROS,2025-04-30,465.3242,181054233.0,86634450490.5,43975647068.9778
MGROS,2025-05-30,470.3603,181054233.0,86362869141.0,43837792375.9716
MGROS,2025-06-30,487.8632,181054233.0,89576581776.75,45469072909.8783
MGROS,2025-07-31,516.7061,181054233.0,94872418092.0,48157239423.4992
MGROS,2025-08-29,478.9885,181054233.0,87947093679.75,44641944751.8411
MGROS,2025-09-30,438.8057,181054233.0,80569133685.0,40896892258.506
MGROS,2025-10-31,447.1874,181054233.0,82108094665.5,41678068852.2078
MGROS,2025-11-28,517.5011,181054233.0,94329255393.0,47881530037.4868
MGROS,2025-12-31,518.4944,181054233.0,94510309626.0,47973433166.1576
MGROS,2026-01-30,632.722,181054233.0,115331546421.0,58542292963.2996
MGROS,2026-02-27,641.165,181054233.0,116870507401.5,59311782506.26125
MGROS,2026-03-31,598.4537,181054233.0,109085175382.5,55360726506.61875
MGROS,2026-04-30,637.1918,181054233.0,116146290469.5,58955857042.3182
MGROS,2026-05-26,659.0,181054233.0,119314739547.0,60552230320.1025
MGROS,2026-06-30,669.5,181054233.0,121215808993.5,61517023064.20125
MGROS,2026-07-21,636.0,181054233.0,115150492188.0,58438874785.41
MIATK,2021-11-30,2.3646,38000000.0,1168119991.30249,385479597.129822
MIATK,2021-12-31,2.6523,38000000.0,1310239982.60498,430937930.278778
MIATK,2022-01-31,2.9,38000000.0,1432600028.9917,471182149.53537
MIATK,2022-02-28,2.2846,38000000.0,1128600028.9917,371196549.53537
MIATK,2022-03-31,2.6769,38000000.0,1322399971.0083,434937350.46463
MIATK,2022-04-29,2.3508,38000000.0,1161279979.70581,381944985.325241
MIATK,2022-05-31,2.4015,38000000.0,1186359973.90747,390193795.418167
MIATK,2022-06-30,2.2938,38000000.0,1133159988.40332,372696320.185852
MIATK,2022-07-29,2.6969,38000000.0,1332280052.18506,438186909.163666
MIATK,2022-08-31,3.6246,38000000.0,1790559959.41162,588915170.650482
MIATK,2022-09-30,3.6538,38000000.0,1805000000.0,593664500.0
MIATK,2022-10-31,4.8731,38000000.0,2407299942.0166,791760950.92926
MIATK,2022-11-30,9.8385,38000000.0,4860200057.9834,1598519799.07074
MIATK,2022-12-30,9.3846,38000000.0,4636000000.0,1524780400.0
MIATK,2023-01-31,7.6769,38000000.0,3792400115.9668,1625422689.70337
MIATK,2023-02-28,7.6154,38000000.0,3762000000.0,1611640800.0
MIATK,2023-03-31,7.7538,38000000.0,3830400115.9668,1640560369.66858
MIATK,2023-04-28,8.3923,38000000.0,4145799942.0166,1776060695.159911
MIATK,2023-05-31,8.1923,38000000.0,4047000000.0,1733734800.0
MIATK,2023-06-27,9.1692,38000000.0,4529599884.0332,1940480590.319823
MIATK,2023-07-31,14.7692,38000000.0,7296000000.0,3125606400.0
MIATK,2023-08-31,22.4462,38000000.0,11088399536.13281,5413356653.540038
MIATK,2023-09-29,39.9154,38000000.0,19718200927.73438,9628397513.012697
MIATK,2023-10-31,61.8462,38000000.0,30552000000.0,14918541600.0
MIATK,2023-11-30,39.18,494000000.0,19354920150.75684,9451007509.614565
MIATK,2023-12-29,36.1,494000000.0,17833399246.21582,8706265512.002563
MIATK,2024-01-31,43.8,494000000.0,21637199623.10791,10563280856.001282
MIATK,2024-02-29,78.3,494000000.0,38680201507.56836,20040212401.071167
MIATK,2024-03-29,68.35,494000000.0,33764899246.21582,19148074362.52899
MIATK,2024-04-30,56.2,494000000.0,27762800376.89209,15744284093.735504
MIATK,2024-05-31,49.84,494000000.0,24620960075.37842,13960084362.739565
MIATK,2024-06-28,65.2,494000000.0,32208798492.43164,18262388745.20874
MIATK,2024-07-31,59.45,494000000.0,29368300376.89209,16839783436.109924
MIATK,2024-08-29,48.5,494000000.0,23959000000.0,13738090600.0
MIATK,2024-09-30,43.1,494000000.0,21291399246.21582,12206359187.85553
MIATK,2024-10-31,42.12,494000000.0,20807279472.35107,11928813321.498869
MIATK,2024-11-29,44.08,494000000.0,21775520904.54102,12483906134.573366
MIATK,2024-12-31,42.14,494000000.0,20817159698.48633,11934477655.142214
MIATK,2025-01-31,37.16,494000000.0,18357039924.62158,10522255284.79309
MIATK,2025-02-28,32.2,494000000.0,15906800376.89209,9117777976.034546
MIATK,2025-03-28,45.92,494000000.0,22684479095.45898,12993669625.878904
MIATK,2025-04-30,34.74,494000000.0,17161560829.1626,9830142042.944338
MIATK,2025-05-30,30.84,494000000.0,15234960075.37842,8732679115.20691
MIATK,2025-06-30,28.78,494000000.0,14217320339.20288,8149368018.431091
MIATK,2025-07-31,36.04,494000000.0,17803760452.27051,10205115491.241455
MIATK,2025-08-29,41.62,494000000.0,20560279472.35107,11994867044.169615
MIATK,2025-09-30,44.46,494000000.0,21963239547.72949,12808961304.23584
MIATK,2025-10-31,37.32,494000000.0,18436079849.24316,10755608984.04846
MIATK,2025-11-28,34.82,494000000.0,17201079849.24316,10035109984.04846
MIATK,2025-12-31,39.42,494000000.0,19473479095.45898,11242039481.80847
MIATK,2026-01-30,37.02,494000000.0,18287880226.13525,10557593254.54788
MIATK,2026-02-27,37.5,494000000.0,18525000000.0,10694482500.0
MIATK,2026-03-31,41.58,494000000.0,20540520904.54102,11858042718.19153
MIATK,2026-04-30,39.96,494000000.0,19740239547.72949,11396040290.904236
MIATK,2026-05-26,49.96,494000000.0,24680239547.72949,15289408399.818419
MIATK,2026-06-30,36.7,494000000.0,18129800376.89209,10749158643.45932
MIATK,2026-07-21,32.3,494000000.0,15956199623.10791,9460430756.54068
MPARK,2018-02-28,19.0,208037202.0,3952706838.0,1383447393.3
MPARK,2018-03-30,17.66,208037202.0,3673936955.57604,1285877934.451614
MPARK,2018-04-30,16.94,208037202.0,3524150312.98385,1233452609.544348
MPARK,2018-05-31,16.0,208037202.0,3328595232.0,1165008331.2
MPARK,2018-06-29,14.38,208037202.0,2991574988.56797,1047051245.99879
MPARK,2018-07-31,13.5,208037202.0,2808502227.0,917818527.7836
MPARK,2018-08-31,10.35,208037202.0,2153185120.05989,703660897.235572
MPARK,2018-09-28,12.12,208037202.0,2521410864.43203,823997070.496387
MPARK,2018-10-31,13.29,208037202.0,2764814406.64401,925106900.463086
MPARK,2018-11-30,13.5,208037202.0,2808502227.0,939724845.1542
MPARK,2018-12-31,10.7,208037202.0,2225998021.72005,744818938.067529
MPARK,2019-01-31,13.16,208037202.0,2737769546.57604,916057690.284343
MPARK,2019-02-28,13.9,208037202.0,2891717028.44011,967568517.716061
MPARK,2019-03-29,12.6,208037202.0,2621268824.55989,877076548.697739
MPARK,2019-04-30,11.92,208037202.0,2479803463.71198,829742238.958029
MPARK,2019-05-31,12.27,208037202.0,2552616563.77187,854105502.238068
MPARK,2019-06-28,11.57,208037202.0,2406990363.65208,805378975.677986
MPARK,2019-07-31,12.0,208037202.0,2496446424.0,835310973.4704
MPARK,2019-08-29,13.87,208037202.0,2885475967.93203,965480258.870057
MPARK,2019-09-30,14.7,208037202.0,3058146829.72005,1023255929.224329
MPARK,2019-10-31,14.53,208037202.0,3022780489.50807,1011422351.7894
MPARK,2019-11-29,15.47,208037202.0,3218335570.49193,1076855081.8866
MPARK,2019-12-31,16.0,208037202.0,3328595232.0,1113747964.6272
MPARK,2020-01-31,17.42,208037202.0,3624008074.71198,1212593101.798629
MPARK,2020-02-28,14.89,208037202.0,3097674009.20391,1036481723.479628
MPARK,2020-03-31,13.1,208037202.0,2725287425.55989,911881172.592339
MPARK,2020-04-30,15.03,208037202.0,3126799090.50807,1046226975.684
MPARK,2020-05-29,16.73,208037202.0,3480462294.22813,1164562683.648732
MPARK,2020-06-30,19.9,208037202.0,4139940240.44011,1385224004.451261
MPARK,2020-07-30,17.41,208037202.0,3621927655.07604,1211896993.388443
MPARK,2020-08-31,15.3,208037202.0,3182969230.27995,1065021504.451671
MPARK,2020-09-30,17.27,208037202.0,3592802573.77187,1202151741.184068
MPARK,2020-10-30,16.0,208037202.0,3328595232.0,1113747964.6272
MPARK,2020-11-30,21.14,208037202.0,4397906323.30417,1471539455.777575
MPARK,2020-12-31,19.87,208037202.0,4133699378.33177,1383135811.98981
MPARK,2021-01-29,22.9,208037202.0,4764051846.44011,1594051747.818861
MPARK,2021-02-26,23.74,208037202.0,4938803127.86406,1652523526.583314
MPARK,2021-03-31,20.64,208037202.0,4293887722.30417,1436734831.882975
MPARK,2021-04-30,24.44,208037202.0,5084429327.98385,1695657180.882614
MPARK,2021-05-31,23.5,208037202.0,4888874247.0,1630439561.3745
MPARK,2021-06-30,22.16,208037202.0,4610104364.57604,1537469805.586109
MPARK,2021-07-30,22.5,208037202.0,4680837045.0,1561059154.5075
MPARK,2021-08-31,25.36,208037202.0,5275823569.69583,1759487160.493559
MPARK,2021-09-30,27.48,208037202.0,5716862215.72813,1906573548.945331
MPARK,2021-10-28,27.12,208037202.0,5641969092.83177,1881596692.459395
MPARK,2021-11-30,32.24,208037202.0,6707119741.66354,2236824433.844791
MPARK,2021-12-31,29.86,208037202.0,6211990978.69583,2071698991.395059
MPARK,2022-01-31,34.1,208037202.0,7094068270.76042,2365871768.2986
MPARK,2022-02-28,29.6,208037202.0,6157901258.55989,2053660069.729723
MPARK,2022-03-31,30.3,208037202.0,6303527061.88021,2102226275.13705
MPARK,2022-04-29,31.74,208037202.0,6603100743.86406,2202134098.078664
MPARK,2022-05-31,35.2,208037202.0,7322909669.11979,2442190374.65145
MPARK,2022-06-30,32.62,208037202.0,6786173307.0323,2263188797.895272
MPARK,2022-07-29,40.96,208037202.0,8521203603.45625,2841821401.752659
MPARK,2022-08-31,40.5,208037202.0,8425506681.0,2809906478.1135
MPARK,2022-09-30,49.24,208037202.0,10243752175.66354,3416291350.583791
MPARK,2022-10-31,65.15,208037202.0,13553624027.73958,4520133613.25115
MPARK,2022-11-30,80.1,208037202.0,16663779562.76042,5557370484.1806
MPARK,2022-12-30,90.2,208037202.0,18764954985.52084,6258112487.6712
MPARK,2023-01-31,79.95,208037202.0,16632573665.02084,5546963317.28445
MPARK,2023-02-28,77.45,208037202.0,16112480660.02084,5373512300.11695
MPARK,2023-03-31,71.0,208037202.0,14770641342.0,4896467604.873
MPARK,2023-04-28,66.05,208037202.0,13740857826.97916,4555094369.643592
MPARK,2023-05-31,67.0,208037202.0,13938492534.0,4620610275.021
MPARK,2023-06-27,76.0,208037202.0,15810827352.0,5241289267.188
MPARK,2023-07-31,96.6,208037202.0,20096393395.76042,6661954410.694579
MPARK,2023-08-31,127.0,208037202.0,26420724654.0,8758470222.801
MPARK,2023-09-29,143.0,208037202.0,29749319886.0,9861899542.209
MPARK,2023-10-31,152.9,208037202.0,31808886916.04169,10544646012.66782
MPARK,2023-11-30,150.0,208037202.0,31205580300.0,10344649869.45
MPARK,2023-12-29,149.0,208037202.0,30997543098.0,10275685536.987
MPARK,2024-01-31,163.0,208037202.0,33910063926.0,11241186191.469
MPARK,2024-02-29,171.0,208037202.0,35574361542.0,11792900851.173
MPARK,2024-03-29,192.4,208037202.0,40026356395.04169,13268737144.95632
MPARK,2024-04-30,234.0,208037202.0,48680705268.0,16137653796.342
MPARK,2024-05-31,270.25,208037202.0,56222053840.5,18637610848.12575
MPARK,2024-06-28,350.0,208037202.0,72813020700.0,24137516362.05
MPARK,2024-07-31,367.75,208037202.0,76505681035.5,25361633263.26825
MPARK,2024-08-29,329.75,208037202.0,68600267359.5,22740988629.67425
MPARK,2024-09-30,327.0,208037202.0,68028165054.0,22551336715.401
MPARK,2024-10-31,347.0,191012202.0,66281234094.0,17697089503.098
MPARK,2024-11-29,400.0,191012202.0,76404880800.0,20400103173.6
MPARK,2024-12-31,382.0,191012202.0,72966661164.0,19482098530.788
MPARK,2025-01-31,392.0,191012202.0,74876783184.0,19992101110.128
MPARK,2025-02-28,357.25,191012202.0,68239109164.5,18219842146.9215
MPARK,2025-03-28,317.0,191012202.0,60550868034.0,16167081765.078
MPARK,2025-04-30,326.5,191012202.0,62365483953.0,16651584215.451
MPARK,2025-05-30,315.25,191012202.0,60216596680.5,16077831313.6935
MPARK,2025-06-30,341.5,191012202.0,65230666983.0,17416588084.461
MPARK,2025-07-31,383.25,191012202.0,73205426416.5,19545848853.2055
MPARK,2025-08-29,357.5,191012202.0,68286862215.0,28496107602.3195
MPARK,2025-09-30,332.0,191012202.0,63416051064.0,26463518109.0072
MPARK,2025-10-31,336.0,191012202.0,64180099872.0,26782355676.5856
MPARK,2025-11-28,330.0,191012202.0,63034026660.0,26304099325.218
MPARK,2025-12-31,380.5,191012202.0,72680142861.0,30329423615.8953
MPARK,2026-01-30,472.0,191012202.0,90157759344.0,37622832974.2512
MPARK,2026-02-27,437.0,191012202.0,83472332274.0,34833004257.9402
MPARK,2026-03-31,425.5,191012202.0,81275691951.0,33916346251.1523
MPARK,2026-04-30,444.75,191012202.0,84952676839.5,35450752045.12335
MPARK,2026-05-26,453.0,191012202.0,86528527506.0,36108354528.2538
MPARK,2026-06-30,430.0,191012202.0,82135246860.0,34275038514.678
MPARK,2026-07-21,410.0,191012202.0,78315002820.0,32696513677.35
OBAMS,2024-03-29,7.3979,479421759.0,21765748590.13955,4372738891.759036
OBAMS,2024-04-30,6.6712,479421759.0,19627526155.07441,3943170004.554449
OBAMS,2024-05-31,5.8662,479421759.0,17259183324.0,3465644011.4592
OBAMS,2024-06-28,6.1758,479421759.0,18170085397.63955,3615846994.13027
OBAMS,2024-07-31,5.9314,479421759.0,17450952759.13955,3472739599.06877
OBAMS,2024-08-29,5.5566,479421759.0,16348281250.36045,3253307968.82173
OBAMS,2024-09-30,5.3122,479421759.0,15629148611.86045,3110200573.76023
OBAMS,2024-10-31,6.1085,479421759.0,17661897674.71395,3288645347.031737
OBAMS,2024-11-29,7.1896,479421759.0,20787727762.85582,3870674909.443754
OBAMS,2024-12-31,9.3683,479421759.0,27087329383.5,5043660731.2077
OBAMS,2025-01-31,10.4958,479421759.0,30347396978.93023,5650685317.476809
OBAMS,2025-02-28,11.3498,479421759.0,32816417940.4709,6110417020.515682
OBAMS,2025-03-28,7.5311,479421759.0,21775335415.93254,4054567454.446639
OBAMS,2025-04-30,11.242,479421759.0,32504796723.2791,6920271222.38612
OBAMS,2025-05-30,8.1977,479421759.0,23702611106.57441,5046285904.589692
OBAMS,2025-06-30,8.0783,479421759.0,23357428683.71164,5890743514.032076
OBAMS,2025-07-31,8.1977,479421759.0,23702611106.57441,5975428259.967409
OBAMS,2025-08-29,8.1247,479421759.0,23491666191.0,5922249046.7511
OBAMS,2025-09-30,7.8296,479421759.0,22638296045.21164,5709378262.602376
OBAMS,2025-10-31,7.3885,479421759.0,21363034239.42559,5387757235.183134
OBAMS,2025-11-28,7.5975,2876530554.0,131802629106.43254,33240623060.64229
OBAMS,2025-12-31,7.96,2876530554.0,22897183319.57093,5774669633.195789
OBAMS,2026-01-30,8.88,2876530554.0,25543591648.7128,6442093813.805368
OBAMS,2026-02-27,8.38,2876530554.0,24105326371.7128,6291490183.017041
OBAMS,2026-03-31,8.79,2876530554.0,25284703459.92907,6599307603.041487
OBAMS,2026-04-30,8.25,2876530554.0,23731377070.5,6193889415.4005
OBAMS,2026-05-26,7.96,2876530554.0,22897183319.57093,5976164846.408013
OBAMS,2026-06-30,6.02,2876530554.0,17316713880.21453,4519662322.735992
OBAMS,2026-07-21,5.19,2876530554.0,14929193739.8564,3896519566.10252
ODAS,2016-07-29,1.1085,47600180.0,395557515.77383,
ODAS,2016-08-31,1.0592,47600180.0,377945431.9237,
ODAS,2016-09-30,1.0418,47600180.0,371757403.0763,
ODAS,2016-10-31,1.0378,47600180.0,370329410.38692,
ODAS,2016-11-30,0.8871,47600180.0,316541201.53951,
ODAS,2016-12-30,1.1272,47600180.0,402221511.92099,
ODAS,2017-01-31,1.1966,47600180.0,426973627.31062,
ODAS,2017-02-28,1.2579,47600180.0,448869711.92642,
ODAS,2017-03-31,1.4554,47600180.0,519317956.53679,
ODAS,2017-04-28,1.4913,135750000.0,532140010.3569,
ODAS,2017-05-31,2.081,135750000.0,742552471.51852,
ODAS,2017-06-30,2.138,135750000.0,762914984.46465,
ODAS,2017-07-31,2.1266,135750000.0,758842520.71381,
ODAS,2017-08-31,2.1,135750000.0,749339997.41077,
ODAS,2017-09-29,2.2103,135750000.0,788707492.23232,
ODAS,2017-10-31,2.1076,135750000.0,752054994.82155,
ODAS,2017-11-30,1.8793,135750000.0,670605007.76768,
ODAS,2017-12-29,2.2826,135750000.0,814500000.0,
ODAS,2018-01-31,2.8,135750000.0,999120018.12458,
ODAS,2018-02-28,2.9293,135750000.0,1045274974.10774,
ODAS,2018-03-30,2.5679,135750000.0,916312500.0,
ODAS,2018-04-30,2.313,135750000.0,825359989.6431,
ODAS,2018-05-31,1.6625,135750000.0,593227484.46465,
ODAS,2018-06-29,1.9859,135750000.0,708614971.51852,
ODAS,2018-07-31,2.1152,135750000.0,754769992.23232,282661362.091004
ODAS,2018-08-31,1.4685,135750000.0,523994985.75926,196236122.166843
ODAS,2018-09-28,1.4342,135750000.0,511777497.41077,191660672.780333
ODAS,2018-10-31,1.0234,135750000.0,365167507.76768,136755231.658996
ODAS,2018-11-30,0.9663,135750000.0,344804994.82155,129129470.56067
ODAS,2018-12-31,0.7266,135750000.0,259282495.46885,97101294.553084
ODAS,2019-01-31,0.9908,294742951.0,565906453.271,257770389.464941
ODAS,2019-02-28,0.9908,294742951.0,565906453.271,343052491.97288
ODAS,2019-03-29,0.7689,294742951.0,439166999.80089,263192782.980673
ODAS,2019-04-30,0.7896,294742951.0,450956706.59734,270213258.593126
ODAS,2019-05-31,0.6967,294742951.0,397902990.87722,238463262.432718
ODAS,2019-06-28,0.7276,294742951.0,415587551.07189,249061619.357384
ODAS,2019-07-31,0.7483,294742951.0,427377293.00444,256127211.697561
ODAS,2019-08-29,0.7947,294742951.0,453904133.29645,272297089.56454
ODAS,2019-09-30,0.8721,294742951.0,498115604.05533,298819550.872792
ODAS,2019-10-31,0.8773,294742951.0,501063030.75444,300587712.149589
ODAS,2019-11-29,0.8154,294742951.0,465693875.229,279323186.362354
ODAS,2019-12-31,1.0837,294742951.0,618960168.99112,370942829.276378
ODAS,2020-01-31,1.5891,600000000.0,1271999931.33545,726820760.765076
ODAS,2020-02-28,1.4692,600000000.0,1176000022.88818,770397614.994047
ODAS,2020-03-31,1.0195,600000000.0,816000008.58307,547617605.760098
ODAS,2020-04-30,1.3418,600000000.0,1073999977.11182,720761384.639742
ODAS,2020-05-29,1.4542,600000000.0,1164000034.33228,781160423.040393
ODAS,2020-06-30,1.859,600000000.0,1488000011.44409,998596807.680129
ODAS,2020-07-30,1.889,600000000.0,1511999988.55591,1014703192.319871
ODAS,2020-08-31,1.9714,600000000.0,1578000068.66455,1158094250.392913
ODAS,2020-09-30,2.1289,600000000.0,1703999948.50159,1250565562.205317
ODAS,2020-10-30,2.3313,600000000.0,1865999937.0575,1369457353.806499
ODAS,2020-11-30,2.5561,600000000.0,2046000051.49841,1501559437.794683
ODAS,2020-12-31,2.9234,600000000.0,2340000057.22046,1717326041.994096
ODAS,2021-01-29,2.841,600000000.0,2273999977.11182,1668888583.202365
ODAS,2021-02-26,2.7885,600000000.0,2232000017.16614,1638064812.59823
ODAS,2021-03-31,2.6011,600000000.0,2082000017.16614,1526730612.58793
ODAS,2021-04-30,1.8515,600000000.0,1482000017.16614,1085861412.577631
ODAS,2021-05-31,1.7316,600000000.0,1385999965.66772,1016215174.827572
ODAS,2021-06-30,1.3568,600000000.0,1085999965.66772,796255174.827572
ODAS,2021-07-30,1.3343,600000000.0,1067999982.83386,783057587.413786
ODAS,2021-08-31,1.46,1400000000.0,2044000053.40576,1324920834.617614
ODAS,2021-09-30,1.37,1400000000.0,1918000006.67572,1472065005.123615
ODAS,2021-10-28,1.4,1400000000.0,1959999966.6214,1509003974.301816
ODAS,2021-11-30,1.5,1400000000.0,2100000000.0,1616790000.0
ODAS,2021-12-31,1.34,1400000000.0,1876000046.73004,1444895235.991477
ODAS,2022-01-31,1.35,1400000000.0,1890000033.3786,1455678025.708198
ODAS,2022-02-28,1.3,1400000000.0,1819999933.2428,1401763948.583605
ODAS,2022-03-31,1.69,1400000000.0,2366000080.10864,1822293261.699675
ODAS,2022-04-29,2.45,1400000000.0,3430000066.7572,2641786051.416395
ODAS,2022-05-31,2.75,1400000000.0,3850000000.0,2965270000.0
ODAS,2022-06-30,2.89,1400000000.0,4046000146.86584,3116229313.11607
ODAS,2022-07-29,3.73,1400000000.0,5222000026.70288,4021984420.566558
ODAS,2022-08-31,4.51,1400000000.0,6314000320.43457,4863043046.798706
ODAS,2022-09-30,6.34,1400000000.0,8876000213.62305,6836295364.532473
ODAS,2022-10-31,7.66,1400000000.0,10723999786.37695,8253190235.595701
ODAS,2022-11-30,11.18,1400000000.0,15652000427.24609,12056735929.107662
ODAS,2022-12-30,11.25,1400000000.0,15750000000.0,12132225000.0
ODAS,2023-01-31,7.75,1400000000.0,10850000000.0,8369690000.0
ODAS,2023-02-28,7.52,1400000000.0,10527999973.29712,8121299179.401398
ODAS,2023-03-31,6.14,1400000000.0,8595999813.07983,6635252255.716321
ODAS,2023-04-28,5.96,1400000000.0,8344000053.40576,6440733641.223906
ODAS,2023-05-31,6.62,1400000000.0,9267999839.78271,7153969076.328274
ODAS,2023-06-27,7.39,1400000000.0,10345999813.07983,7986077255.716321
ODAS,2023-07-31,11.94,1400000000.0,16715999412.53662,12903079946.537018
ODAS,2023-08-31,13.16,1400000000.0,18423999786.37695,14225170235.061644
ODAS,2023-09-29,13.25,1400000000.0,18550000000.0,14320600000.0
ODAS,2023-10-31,11.81,1400000000.0,16534000587.46338,12764248453.521729
ODAS,2023-11-30,10.93,1400000000.0,15302000427.24609,11811614129.791258
ODAS,2023-12-29,8.25,1400000000.0,11550000000.0,9069060000.0
ODAS,2024-01-31,9.27,1400000000.0,12978000640.86914,10190326103.21045
ODAS,2024-02-29,10.09,1400000000.0,14126000213.62305,11091735367.736818
ODAS,2024-03-29,9.17,1400000000.0,12838000106.81152,10080397683.868406
ODAS,2024-04-30,9.56,1400000000.0,13384000587.46338,10509117261.276245
ODAS,2024-05-31,8.7,1400000000.0,12179999732.97119,9562517790.35568
ODAS,2024-06-28,8.74,1400000000.0,12235999679.56543,9605259748.458862
ODAS,2024-07-31,8.08,1400000000.0,11311999893.18848,8879919916.152958
ODAS,2024-08-29,7.22,1400000000.0,10107999706.26831,7935790569.39125
ODAS,2024-09-30,6.49,1400000000.0,9085999679.56543,7132509748.458863
ODAS,2024-10-31,5.82,1400000000.0,8148000240.32593,6355440187.454225
ODAS,2024-11-29,6.15,1400000000.0,8610000133.5144,6712356104.087826
ODAS,2024-12-31,6.03,1400000000.0,8442000293.73169,6581383428.993226
ODAS,2025-01-31,5.65,1400000000.0,7910000133.5144,6165845104.074475
ODAS,2025-02-28,5.22,1400000000.0,7307999706.26831,5696585771.036148
ODAS,2025-03-28,5.07,1400000000.0,7098000240.32593,5532891187.334062
ODAS,2025-04-30,4.82,1400000000.0,6748000240.32593,5260740987.358095
ODAS,2025-05-30,4.69,1400000000.0,6566000080.10864,5117540462.436674
ODAS,2025-06-30,5.03,1400000000.0,7042000293.73169,5488535028.934479
ODAS,2025-07-31,5.46,1400000000.0,7644000053.40576,5958498041.62979
ODAS,2025-08-29,6.17,1400000000.0,8638000106.81152,6733321083.25958
ODAS,2025-09-30,5.47,1400000000.0,7657999706.26831,5969410771.036148
ODAS,2025-10-31,5.9,1400000000.0,8260000133.5144,6443626104.154583
ODAS,2025-11-28,5.25,1400000000.0,7350000000.0,5733000000.0
ODAS,2025-12-31,5.07,1400000000.0,7098000240.32593,5533600987.358095
ODAS,2026-01-30,5.79,1400000000.0,8105999946.59424,6321058758.354188
ODAS,2026-02-27,5.88,1400000000.0,8232000160.21729,6418490524.921421
ODAS,2026-03-31,5.74,1400000000.0,8035999679.56543,6268883350.028992
ODAS,2026-04-30,6.86,1400000000.0,9604000186.92017,7458466545.162204
ODAS,2026-05-26,7.44,1400000000.0,10416000080.10864,8088024062.204359
ODAS,2026-06-30,8.33,1400000000.0,11661999893.18848,9055542917.060856
ODAS,2026-07-21,8.51,1400000000.0,11914000320.43457,9251221248.817444
ODINE,2024-03-29,58.4,110500000.0,6453200168.60962,2580634747.426987
ODINE,2024-04-30,86.5,110500000.0,9558250000.0,3821388350.0
ODINE,2024-05-31,65.1,110500000.0,7193549831.39038,2875981222.589874
ODINE,2024-06-28,70.0,110500000.0,7735000000.0,3092453000.0
ODINE,2024-07-31,119.0,110500000.0,13149500000.0,5257170100.0
ODINE,2024-08-29,85.0,110500000.0,9392500000.0,2512493750.0
ODINE,2024-09-30,75.8,110500000.0,8375900337.21924,2196161068.418885
ODINE,2024-10-31,82.8,110500000.0,9149400337.21924,2317543105.417633
ODINE,2024-11-29,110.8,110500000.0,12243400337.21924,2921275320.460511
ODINE,2024-12-31,133.8,110500000.0,14784900337.21924,3285204854.930115
ODINE,2025-01-31,127.1,110500000.0,14044549831.39038,2893177265.266418
ODINE,2025-02-28,167.2,110500000.0,18475599662.78076,3691424812.623596
ODINE,2025-03-28,121.0,110500000.0,13370500000.0,3045799900.0
ODINE,2025-04-30,90.0,110500000.0,9945000000.0,2338069500.0
ODINE,2025-05-30,73.6,110500000.0,8132799831.39038,2073863957.004547
ODINE,2025-06-30,110.9,110500000.0,12254450168.60962,3149393693.332672
ODINE,2025-07-31,125.0,110500000.0,13812500000.0,3716943750.0
ODINE,2025-08-29,145.2,110500000.0,16044599662.78076,4054470334.784698
ODINE,2025-09-30,147.9,110500000.0,16342949325.56152,4000753994.89746
ODINE,2025-10-31,210.2,110500000.0,23227099662.78076,5553599529.37088
ODINE,2025-11-28,227.0,110500000.0,25083500000.0,6140440800.0
ODINE,2025-12-31,304.5,110500000.0,33647250000.0,8240211525.0
ODINE,2026-01-30,351.0,110500000.0,38785500000.0,9789460200.0
ODINE,2026-02-27,572.0,110500000.0,63206000000.0,17406932400.0
ODINE,2026-03-31,870.0,110500000.0,96135000000.0,26475579000.0
ODINE,2026-04-30,1139.0,110500000.0,125859500000.0,36826489700.0
ODINE,2026-05-26,1264.0,110500000.0,139672000000.0,60338304000.0
ODINE,2026-06-30,1919.0,110500000.0,212049500000.0,91605384000.0
ODINE,2026-07-21,2190.0,110500000.0,241995000000.0,104541840000.0
OTKAR,2016-07-29,15.9533,24000000.0,2476799926.75781,
OTKAR,2016-08-31,16.5562,24000000.0,2570399963.37891,
OTKAR,2016-09-30,15.8451,24000000.0,2460000000.0,
OTKAR,2016-10-31,15.7987,24000000.0,2452799926.75781,
OTKAR,2016-11-30,19.0451,24000000.0,2956799926.75781,
OTKAR,2016-12-30,20.6218,24000000.0,3201599853.51563,
OTKAR,2017-01-31,20.8228,24000000.0,3232799926.75781,
OTKAR,2017-02-28,21.3329,24000000.0,3312000000.0,
OTKAR,2017-03-31,18.7175,24000000.0,2846399963.37891,
OTKAR,2017-04-28,20.9428,24000000.0,3184799926.75781,
OTKAR,2017-05-31,20.5167,24000000.0,3120000000.0,
OTKAR,2017-06-30,17.4865,24000000.0,2659200073.24219,
OTKAR,2017-07-31,20.0117,24000000.0,3043200073.24219,
OTKAR,2017-08-31,18.2283,24000000.0,2772000000.0,
OTKAR,2017-09-29,15.9399,24000000.0,2424000000.0,
OTKAR,2017-10-31,17.3918,24000000.0,2644799926.75781,
OTKAR,2017-11-30,16.8868,24000000.0,2568000000.0,
OTKAR,2017-12-29,19.5382,24000000.0,2971200073.24219,
OTKAR,2018-01-31,19.4908,24000000.0,2964000000.0,
OTKAR,2018-02-28,18.7806,24000000.0,2856000000.0,
OTKAR,2018-03-30,18.4839,24000000.0,2740799926.75781,
OTKAR,2018-04-30,13.0132,24000000.0,1929600036.62109,
OTKAR,2018-05-31,12.5033,24000000.0,1854000000.0,
OTKAR,2018-06-29,12.212,24000000.0,1810799926.75781,
OTKAR,2018-07-31,12.042,24000000.0,1785600036.62109,490147210.052489
OTKAR,2018-08-31,11.5241,24000000.0,1708799926.75781,469065579.895019
OTKAR,2018-09-28,13.434,24000000.0,1992000000.0,546804000.0
OTKAR,2018-10-31,11.5484,24000000.0,1712399963.37891,470053789.947511
OTKAR,2018-11-30,13.8063,24000000.0,2047200073.24219,561956420.104981
OTKAR,2018-12-31,14.2837,24000000.0,2118000000.0,581391000.0
OTKAR,2019-01-31,17.5775,24000000.0,2606399963.37891,715456789.947511
OTKAR,2019-02-28,19.2608,24000000.0,2856000000.0,783972000.0
OTKAR,2019-03-29,17.4455,24000000.0,2517600036.62109,691584730.059813
OTKAR,2019-04-30,18.6263,24000000.0,2688000000.0,738931200.0
OTKAR,2019-05-31,17.1794,24000000.0,2479200073.24219,681532100.134278
OTKAR,2019-06-28,18.9589,24000000.0,2736000000.0,752126400.0
OTKAR,2019-07-31,20.8215,24000000.0,3004799926.75781,826019499.865722
OTKAR,2019-08-29,21.7029,24000000.0,3132000000.0,861300000.0
OTKAR,2019-09-30,22.4513,24000000.0,3240000000.0,891000000.0
OTKAR,2019-10-31,23.366,24000000.0,3372000000.0,927300000.0
OTKAR,2019-11-29,24.8628,24000000.0,3588000000.0,986700000.0
OTKAR,2019-12-31,26.4427,24000000.0,3816000000.0,1049400000.0
OTKAR,2020-01-31,26.9915,24000000.0,3895200073.24219,1071180020.141602
OTKAR,2020-02-28,25.1122,24000000.0,3624000000.0,996600000.0
OTKAR,2020-03-31,18.6485,24000000.0,2488799926.75781,684419979.858398
OTKAR,2020-04-30,22.407,24000000.0,2990399963.37891,822359989.9292
OTKAR,2020-05-29,24.0075,24000000.0,3204000000.0,881100000.0
OTKAR,2020-06-30,26.9207,24000000.0,3592799926.75781,988019979.858398
OTKAR,2020-07-30,30.2296,24000000.0,4034400146.48438,1109460040.283205
OTKAR,2020-08-31,25.1764,24000000.0,3360000000.0,846384000.0
OTKAR,2020-09-30,24.7808,24000000.0,3307200073.24219,833083698.449708
OTKAR,2020-10-30,32.5675,24000000.0,4346400146.48438,1094858196.899415
OTKAR,2020-11-30,39.0414,24000000.0,5210400146.48438,1432860040.283205
OTKAR,2020-12-31,57.2583,24000000.0,7641599853.51563,2101439959.716798
OTKAR,2021-01-29,70.4939,24000000.0,9408000000.0,2587200000.0
OTKAR,2021-02-26,64.1998,24000000.0,8568000000.0,2357913600.0
OTKAR,2021-03-31,68.2877,24000000.0,8709599853.51563,2396881879.687501
OTKAR,2021-04-30,65.1076,24000000.0,8304000000.0,2285260800.0
OTKAR,2021-05-31,56.9786,24000000.0,7267199707.03125,1999933359.375
OTKAR,2021-06-30,52.3119,24000000.0,6672000000.0,1836134400.0
OTKAR,2021-07-30,54.8522,24000000.0,6996000000.0,1925299200.0
OTKAR,2021-08-31,62.6049,24000000.0,7984800292.96875,2197417040.625
OTKAR,2021-09-30,60.5538,24000000.0,7723199707.03125,2125424559.375
OTKAR,2021-10-28,63.4141,24000000.0,8088000000.0,2225817600.0
OTKAR,2021-11-30,77.4329,24000000.0,9876000000.0,2717875200.0
OTKAR,2021-12-31,66.8012,24000000.0,8520000000.0,2344704000.0
OTKAR,2022-01-31,71.5996,24000000.0,9132000000.0,2513126400.0
OTKAR,2022-02-28,75.984,24000000.0,9691199707.03125,2667018159.375
OTKAR,2022-03-31,84.2499,24000000.0,10250400146.48438,2820910120.312501
OTKAR,2022-04-29,82.2378,24000000.0,10005599853.51563,2753541079.687501
OTKAR,2022-05-31,84.6838,24000000.0,10303199707.03125,2835440559.375
OTKAR,2022-06-30,83.8553,24000000.0,10202400146.48438,2807700520.312501
OTKAR,2022-07-29,94.389,24000000.0,11484000000.0,3160396800.0
OTKAR,2022-08-31,94.2312,24000000.0,11464800292.96875,3155113040.625
OTKAR,2022-09-30,111.2153,24000000.0,13531199707.03125,3723786159.375
OTKAR,2022-10-31,104.3507,24000000.0,12696000000.0,3493939200.0
OTKAR,2022-11-30,182.1699,24000000.0,22164000000.0,6099532800.0
OTKAR,2022-12-30,204.7562,24000000.0,24912000000.0,6855782400.0
OTKAR,2023-01-31,197.2208,24000000.0,23995199707.03125,6603478959.375
OTKAR,2023-02-28,187.5945,24000000.0,22824000000.0,6281164800.0
OTKAR,2023-03-31,181.006,24000000.0,22022399414.0625,6060564318.75
OTKAR,2023-04-28,165.6986,24000000.0,20160000000.0,5548032000.0
OTKAR,2023-05-31,164.7123,120000000.0,20040000000.0,5515008000.0
OTKAR,2023-06-27,193.4137,120000000.0,23532000732.42188,6476006601.562501
OTKAR,2023-07-31,284.4493,120000000.0,34607999267.57813,9524121398.437502
OTKAR,2023-08-31,354.0822,120000000.0,43080000000.0,11851308000.0
OTKAR,2023-09-29,359.9014,120000000.0,43787999267.57813,12046078598.510744
OTKAR,2023-10-31,394.0274,120000000.0,47940000000.0,13188294000.0
OTKAR,2023-11-30,435.6986,120000000.0,53010000000.0,14583051000.0
OTKAR,2023-12-29,419.6712,120000000.0,51060000000.0,14046606000.0
OTKAR,2024-01-31,480.3288,120000000.0,58440000000.0,16076844000.0
OTKAR,2024-02-29,499.0685,120000000.0,60720000000.0,16704072000.0
OTKAR,2024-03-29,459.6164,120000000.0,55920000000.0,15383592000.0
OTKAR,2024-04-30,523.5,120000000.0,62820000000.0,17281782000.0
OTKAR,2024-05-31,609.5,120000000.0,73140000000.0,19872138000.0
OTKAR,2024-06-28,659.0,120000000.0,79080000000.0,21486036000.0
OTKAR,2024-07-31,610.5,120000000.0,73260000000.0,19904742000.0
OTKAR,2024-08-29,467.75,120000000.0,56130000000.0,15250521000.0
OTKAR,2024-09-30,440.5,120000000.0,52860000000.0,14362062000.0
OTKAR,2024-10-31,415.0,120000000.0,49800000000.0,13530660000.0
OTKAR,2024-11-29,474.25,120000000.0,56910000000.0,15462447000.0
OTKAR,2024-12-31,484.5,120000000.0,58140000000.0,15796638000.0
OTKAR,2025-01-31,411.75,120000000.0,49410000000.0,13424697000.0
OTKAR,2025-02-28,391.0,120000000.0,46920000000.0,12748164000.0
OTKAR,2025-03-28,493.75,120000000.0,59250000000.0,16098225000.0
OTKAR,2025-04-30,377.25,120000000.0,45270000000.0,12299859000.0
OTKAR,2025-05-30,388.0,120000000.0,46560000000.0,12650352000.0
OTKAR,2025-06-30,409.75,120000000.0,49170000000.0,13359489000.0
OTKAR,2025-07-31,552.5,120000000.0,66300000000.0,18013710000.0
OTKAR,2025-08-29,564.5,120000000.0,67740000000.0,18404958000.0
OTKAR,2025-09-30,512.5,120000000.0,61500000000.0,16709550000.0
OTKAR,2025-10-31,459.5,120000000.0,55140000000.0,14981538000.0
OTKAR,2025-11-28,458.5,120000000.0,55020000000.0,14948934000.0
OTKAR,2025-12-31,486.0,120000000.0,58320000000.0,15851376000.0
OTKAR,2026-01-30,432.0,120000000.0,51840000000.0,14090112000.0
OTKAR,2026-02-27,384.75,120000000.0,46170000000.0,12549006000.0
OTKAR,2026-03-31,364.0,120000000.0,43680000000.0,11872224000.0
OTKAR,2026-04-30,382.75,120000000.0,45930000000.0,12483774000.0
OTKAR,2026-05-26,369.0,120000000.0,44280000000.0,12030876000.0
OTKAR,2026-06-30,375.75,120000000.0,45090000000.0,12255462000.0
OTKAR,2026-07-21,324.25,120000000.0,38910000000.0,10575738000.0
OYAKC,2016-07-29,0.6954,109524000.0,438096000.0,
OYAKC,2016-08-31,0.6919,109524000.0,435905522.089,
OYAKC,2016-09-30,0.8014,109524000.0,504905654.62303,
OYAKC,2016-10-31,0.7875,109524000.0,496143742.97905,
OYAKC,2016-11-30,0.7023,109524000.0,442476955.82199,
OYAKC,2016-12-30,0.7771,109524000.0,489572257.02095,
OYAKC,2017-01-31,0.8223,109524000.0,518048522.089,
OYAKC,2017-02-28,0.7945,109524000.0,500524698.80104,
OYAKC,2017-03-31,0.7858,109524000.0,495048477.911,
OYAKC,2017-04-28,0.7753,109524000.0,488477044.17801,
OYAKC,2017-05-31,0.784,109524000.0,493953265.06805,
OYAKC,2017-06-30,0.8136,109524000.0,512572301.19896,
OYAKC,2017-07-31,0.8543,109524000.0,523524742.97905,
OYAKC,2017-08-31,0.7828,109524000.0,479715132.53403,
OYAKC,2017-09-29,0.7399,109524000.0,453429345.37697,
OYAKC,2017-10-31,0.7882,109524000.0,483000823.28796,
OYAKC,2017-11-30,0.7721,109524000.0,473143698.80104,
OYAKC,2017-12-29,0.8023,109524000.0,469857955.82199,
OYAKC,2018-01-31,0.8005,109524000.0,468762742.97905,
OYAKC,2018-02-28,0.8042,109524000.0,470953220.89005,
OYAKC,2018-03-30,0.8921,109524000.0,522429477.911,
OYAKC,2018-04-30,0.8229,109524000.0,481905610.44502,
OYAKC,2018-05-31,0.7818,109524000.0,457810301.19896,
OYAKC,2018-06-29,0.8061,109524000.0,472048433.73299,
OYAKC,2018-07-31,0.7815,109524000.0,410715000.0,
OYAKC,2018-08-31,0.7211,109524000.0,378953044.17801,
OYAKC,2018-09-28,0.7461,109524000.0,392095911.64398,
OYAKC,2018-10-31,0.6419,109524000.0,337333911.64398,
OYAKC,2018-11-30,0.6231,109524000.0,327476761.0445,
OYAKC,2018-12-31,0.6794,109524000.0,357048238.9555,
OYAKC,2019-01-31,0.7252,109524000.0,381143522.089,
OYAKC,2019-02-28,0.7252,109524000.0,381143522.089,
OYAKC,2019-03-29,0.6919,109524000.0,363619672.68848,
OYAKC,2019-04-30,0.7388,109524000.0,330762477.911,
OYAKC,2019-05-31,0.6728,109524000.0,301191000.0,
OYAKC,2019-06-28,0.6434,109524000.0,288048132.53403,
OYAKC,2019-07-31,0.6875,109524000.0,307762433.73299,
OYAKC,2019-08-29,0.6508,109524000.0,291333849.40052,
OYAKC,2019-09-30,0.981,109524000.0,439191265.06805,
OYAKC,2019-10-31,1.4018,109524000.0,627572522.089,
OYAKC,2019-11-29,1.2502,109524000.0,559667654.62303,
OYAKC,2019-12-31,1.4483,109524000.0,648382088.35602,
OYAKC,2020-01-31,1.3382,109524000.0,599096257.02095,
OYAKC,2020-02-28,1.2526,109524000.0,560762867.46597,
OYAKC,2020-03-31,1.2257,109524000.0,548715265.06805,
OYAKC,2020-04-30,1.37,109524000.0,613334389.55498,
OYAKC,2020-05-29,1.4924,1159793441.0,7074739879.49348,
OYAKC,2020-06-30,1.7321,1159793441.0,8211337473.79478,2193248239.250586
OYAKC,2020-07-30,2.033,1159793441.0,9637883981.3787,2574278811.426251
OYAKC,2020-08-31,1.8446,1159793441.0,8744842500.89739,2336621916.239783
OYAKC,2020-09-30,1.9376,1159793441.0,9185564141.20522,2453464182.115914
OYAKC,2020-10-30,1.7957,1159793441.0,8512884033.91043,2273791325.457476
OYAKC,2020-11-30,1.9694,1159793441.0,9336337421.26304,2493735725.219358
OYAKC,2020-12-31,2.148,1159793441.0,10182986102.28174,2719875587.919453
OYAKC,2021-01-29,2.0135,1159793441.0,9545099488.5187,2549496073.383345
OYAKC,2021-02-26,1.8495,1159793441.0,8768038347.59609,2341943042.642916
OYAKC,2021-03-31,1.7468,1159793441.0,8280925013.89087,2211835071.210251
OYAKC,2021-04-30,1.6832,1159793441.0,7979379006.80783,2131292132.718371
OYAKC,2021-05-31,1.781,1159793441.0,8443296493.81435,2255204493.497813
OYAKC,2021-06-30,1.6563,1159793441.0,7851801573.4487,2097216200.268148
OYAKC,2021-07-30,1.5755,1159793441.0,7469069826.40391,1994988550.632484
OYAKC,2021-08-31,1.6685,1159793441.0,7909791466.71174,2112705300.758706
OYAKC,2021-09-30,1.622,1159793441.0,7689430646.55783,2054615868.760252
OYAKC,2021-10-28,1.6832,1159793441.0,7979379006.80783,2132090070.619052
OYAKC,2021-11-30,1.7541,1159793441.0,8315719060.45522,2221960132.953635
OYAKC,2021-12-31,1.9327,1159793441.0,9162368294.50652,2448184808.292142
OYAKC,2022-01-31,2.2141,1159793441.0,10496130862.26304,2804566166.396684
OYAKC,2022-02-28,1.7761,1159793441.0,8420100647.11565,2249850892.909302
OYAKC,2022-03-31,2.2679,1159793441.0,10751285728.9813,2872743546.783803
OYAKC,2022-04-29,2.6275,1159793441.0,12456181290.88435,3328291640.924298
OYAKC,2022-05-31,2.9798,1159793441.0,14126284465.32087,3774543209.133736
OYAKC,2022-06-30,3.0826,1159793441.0,14613397799.02609,3904699891.899771
OYAKC,2022-07-29,3.0924,1159793441.0,14659789492.42348,3917095752.375554
OYAKC,2022-08-31,3.6086,1159793441.0,17106953254.75,4570977909.6692
OYAKC,2022-09-30,3.3346,1159793441.0,15807984733.55783,4223893520.806652
OYAKC,2022-10-31,4.1101,1159793441.0,19484528923.94783,5206266128.47886
OYAKC,2022-11-30,5.1621,1159793441.0,24471642047.52608,6538822755.098969
OYAKC,2022-12-30,5.1425,1159793441.0,24378858660.7313,6514031034.147403
OYAKC,2023-01-31,5.2404,1159793441.0,24842775594.70522,6640473916.464705
OYAKC,2023-02-28,12.4037,1159793441.0,58801528343.55217,15717648526.231495
OYAKC,2023-03-31,8.0196,1159793441.0,38018027580.21652,9869479959.82421
OYAKC,2023-04-28,7.3884,1159793441.0,35025762803.05217,9092688023.672342
OYAKC,2023-05-31,10.1138,1159793441.0,47945861027.91043,12446745522.845549
OYAKC,2023-06-27,10.1969,1159793441.0,48340190974.82087,12549113577.063498
OYAKC,2023-07-31,13.7003,1159793441.0,64948432696.0,16860613127.8816
OYAKC,2023-08-31,15.5107,1159793441.0,73530905929.10434,19088623179.195488
OYAKC,2023-09-29,19.5719,1159793441.0,92783475280.0,24086590182.688
OYAKC,2023-10-31,17.4557,1159793441.0,82751260245.64566,21482227159.76961
OYAKC,2023-11-30,15.9511,1159793441.0,75618528813.7913,19630570080.060223
OYAKC,2023-12-29,13.5658,1159793441.0,64310547188.30217,16695018050.083242
OYAKC,2024-01-31,15.4373,1246578406.0,78659095516.4723,20419901196.076214
OYAKC,2024-02-29,17.3578,1246578406.0,88444734101.44461,21359403285.498875
OYAKC,2024-03-29,14.8012,1246578406.0,75417993563.0,18213445445.4645
OYAKC,2024-04-30,14.8257,1246578406.0,75542649501.4723,18243549854.605564
OYAKC,2024-05-31,14.8379,1246578406.0,75604982226.0277,18258603207.585686
OYAKC,2024-06-28,15.3028,1246578406.0,77973478344.23615,18830595020.13303
OYAKC,2024-07-31,19.3884,1246578406.0,98791338675.5,23848229156.2657
OYAKC,2024-08-29,16.7829,1246578406.0,85515276749.4723,17017540073.14499
OYAKC,2024-09-30,16.2691,1246578406.0,82897463999.0,16496595335.801
OYAKC,2024-10-31,14.0183,1246578406.0,71428941712.73615,14214359400.834494
OYAKC,2024-11-29,17.7125,1246578406.0,90252278496.5277,17951178192.95936
OYAKC,2024-12-31,22.8991,4861655783.0,116679738792.0,23219268019.608
OYAKC,2025-01-31,23.1472,4861655783.0,117943770408.3247,23470810311.25662
OYAKC,2025-02-28,26.5248,4861655783.0,135154027058.25099,26895651384.591946
OYAKC,2025-03-28,29.0437,4861655783.0,147988804630.92432,29449772121.55394
OYAKC,2025-04-30,22.3648,4861655783.0,113957214149.9243,22700277058.66492
OYAKC,2025-05-30,20.0367,4861655783.0,102094771443.0,20337278471.4456
OYAKC,2025-06-30,20.7428,4861655783.0,105692395609.6753,21053925205.44732
OYAKC,2025-07-31,22.8228,4861655783.0,116290806700.2749,23165128694.69476
OYAKC,2025-08-29,23.3189,4861655783.0,118818869932.9243,23668718890.63852
OYAKC,2025-09-30,20.2084,4861655783.0,102969870967.59961,20511598296.745842
OYAKC,2025-10-31,21.26,4861655783.0,103358803059.3247,20589073569.41748
OYAKC,2025-11-28,23.08,4861655783.0,112207015100.7251,22351637408.06444
OYAKC,2025-12-31,23.04,4861655783.0,112012553691.2988,22312900695.30672
OYAKC,2026-01-30,27.6,4861655783.0,134181701465.3745,26728994931.9026
OYAKC,2026-02-27,24.5,4861655783.0,119110566683.5,23726824883.3532
OYAKC,2026-03-31,23.24,4861655783.0,112984879284.1753,22506587953.40772
OYAKC,2026-04-30,23.7,4861655783.0,115221245766.24901,22952072156.636803
OYAKC,2026-05-26,20.82,4861655783.0,101219671918.40039,20162958646.14536
OYAKC,2026-06-30,20.5,4861655783.0,99663943551.5,19703561640.13155
OYAKC,2026-07-21,21.02,4861655783.0,102192006784.1494,20223798142.583164
PAHOL,2025-11-28,1.6,20000000000.0,32000000476.83716,6396800095.319748
PAHOL,2025-12-31,1.55,20000000000.0,30999999046.32568,6196899809.360503
PAHOL,2026-01-30,1.8,20000000000.0,35999999046.32568,7196399809.360503
PAHOL,2026-02-27,1.54,20000000000.0,30799999237.06055,6156919847.488404
PAHOL,2026-03-31,1.49,20000000000.0,29800000190.73486,5957020038.127899
PAHOL,2026-04-30,1.57,20000000000.0,31400001049.04175,6276860209.703446
PAHOL,2026-05-26,1.69,20000000000.0,33800001144.40918,6756620228.767395
PAHOL,2026-06-30,1.52,20000000000.0,30399999618.53027,6076959923.744201
PAHOL,2026-07-21,1.42,20000000000.0,28399999141.69312,5677159828.424455
PASEU,2023-06-27,7.8,168000000.0,5241600128.17383,1060375705.929566
PASEU,2023-07-31,14.1375,168000000.0,9500399871.82617,1921930894.070434
PASEU,2023-08-31,16.7875,168000000.0,11281200256.34766,2282186811.859132
PASEU,2023-09-29,21.7,168000000.0,14582400512.69531,2950019623.718261
PASEU,2023-10-31,15.3625,168000000.0,10323600128.17383,2088464305.929566
PASEU,2023-11-30,15.425,168000000.0,10365600128.17383,2096960905.929566
PASEU,2023-12-29,13.1625,168000000.0,8845200256.34766,1789384011.859132
PASEU,2024-01-31,15.525,168000000.0,10432799743.65234,2110555388.140868
PASEU,2024-02-29,18.4,168000000.0,12364799743.65234,2501398988.140868
PASEU,2024-03-29,13.9125,168000000.0,9349200256.34766,1891343211.859132
PASEU,2024-04-30,15.625,168000000.0,10500000000.0,2124150000.0
PASEU,2024-05-31,14.4125,168000000.0,9685200256.34766,1959316011.859132
PASEU,2024-06-28,16.575,168000000.0,11138400512.69531,2253298423.718261
PASEU,2024-07-31,20.0,168000000.0,13440000000.0,2718912000.0
PASEU,2024-08-29,20.95,168000000.0,14078400512.69531,2846652583.666992
PASEU,2024-09-30,22.75,168000000.0,15288000000.0,3092762400.0
PASEU,2024-10-31,24.0,672000000.0,16128000000.0,5164185600.0
PASEU,2024-11-29,25.8,672000000.0,17337599487.30469,5551499355.834962
PASEU,2024-12-31,29.56,672000000.0,19864319641.11328,6362541581.048584
PASEU,2025-01-31,31.9,672000000.0,21436799743.65234,6561804401.531981
PASEU,2025-02-28,35.72,672000000.0,24003840820.3125,7688430214.746094
PASEU,2025-03-28,38.82,672000000.0,26087039794.92188,8355678846.313478
PASEU,2025-04-30,62.25,672000000.0,41832000000.0,13398789600.0
PASEU,2025-05-30,78.05,672000000.0,52449602050.78125,16799607536.865234
PASEU,2025-06-30,88.25,672000000.0,59304000000.0,18995071200.0
PASEU,2025-07-31,92.4,672000000.0,62092801025.39063,19888324168.432617
PASEU,2025-08-29,109.3,672000000.0,73449602050.78125,23525907536.865234
PASEU,2025-09-30,114.0,672000000.0,76608000000.0,24537542400.0
PASEU,2025-10-31,133.0,672000000.0,89376000000.0,28627132800.0
PASEU,2025-11-28,139.1,672000000.0,93475204101.5625,29940107873.73047
PASEU,2025-12-31,135.5,672000000.0,91056000000.0,29165236800.0
PASEU,2026-01-30,148.5,672000000.0,99792000000.0,31963377600.0
PASEU,2026-02-27,121.3,672000000.0,81513602050.78125,26108806736.865234
PASEU,2026-03-31,124.0,672000000.0,83328000000.0,26681625600.0
PASEU,2026-04-30,132.0,672000000.0,88704000000.0,28394150400.0
PASEU,2026-05-26,115.8,672000000.0,77817602050.78125,32683392861.328125
PASEU,2026-06-30,103.4,672000000.0,69484801025.39062,22540869452.63672
PASEU,2026-07-21,111.0,672000000.0,74592000000.0,24413961600.0
PATEK,2024-02-29,26.8893,134000000.0,16133600204.46777,3249307081.179809
PATEK,2024-03-29,27.5817,134000000.0,16549000000.0,3332968600.0
PATEK,2024-04-30,23.5617,134000000.0,14137000000.0,2847191800.0
PATEK,2024-05-31,16.2363,134000000.0,9741799591.06445,1961024257.681274
PATEK,2024-06-28,16.3703,134000000.0,9822200408.93555,1977208942.318726
PATEK,2024-07-31,24.5667,134000000.0,14740000000.0,2967162000.0
PATEK,2024-08-29,17.4312,134000000.0,10458700408.93555,2105336392.318726
PATEK,2024-09-30,15.41,134000000.0,9246000000.0,1861219800.0
PATEK,2024-10-31,22.78,134000000.0,13668000000.0,2751368400.0
PATEK,2024-11-29,20.7923,134000000.0,12475399795.53223,2511297978.840638
PATEK,2024-12-31,20.9933,134000000.0,12596000000.0,2535574800.0
PATEK,2025-01-31,20.904,134000000.0,12542399795.53223,2524785078.840638
PATEK,2025-02-28,18.827,134000000.0,11296200408.93555,2273925142.318726
PATEK,2025-03-28,18.3915,134000000.0,11034899795.53223,3519029544.795228
PATEK,2025-04-30,15.4658,134000000.0,9279500000.0,2959232550.0
PATEK,2025-05-30,15.4323,134000000.0,9259399795.53223,2952822594.795228
PATEK,2025-06-30,19.24,600000000.0,11543999862.6709,3681381556.20575
PATEK,2025-07-31,26.2,600000000.0,15720000457.76367,5019396146.16394
PATEK,2025-08-29,25.92,600000000.0,15552000045.77637,7594041622.352601
PATEK,2025-09-30,30.74,600000000.0,18443999862.6709,9006205132.9422
PATEK,2025-10-31,30.0,600000000.0,18000000000.0,8789400000.0
PATEK,2025-11-28,24.22,600000000.0,14531999588.0127,7095975398.826601
PATEK,2025-12-31,22.02,600000000.0,13212000274.6582,6451419734.115599
PATEK,2026-01-30,19.6,674934432.0,13228715124.66705,5742585235.617966
PATEK,2026-02-27,19.29,674934432.0,13019485811.20093,5651758790.642324
PATEK,2026-03-31,17.92,674934432.0,12094825072.93341,5249154081.6531
PATEK,2026-04-30,21.68,674934432.0,14632578691.73364,6350539152.2124
PATEK,2026-05-26,23.78,674934432.0,16049941256.4007,6964069511.152264
PATEK,2026-06-30,22.54,674934432.0,15213022715.20093,6603973160.668724
PATEK,2026-07-21,20.8,674934432.0,14038635670.66589,6094171744.636063
PETKM,2016-07-29,2.2248,1500000000.0,6464999914.16931,2521349966.526031
PETKM,2016-08-31,2.3694,1500000000.0,6885000228.88184,2685150089.263918
PETKM,2016-09-30,2.3487,1500000000.0,6825000286.10229,2661750111.579893
PETKM,2016-10-31,2.168,1500000000.0,6299999713.89771,2771999874.114992
PETKM,2016-11-30,1.8841,1500000000.0,5475000143.05115,2409000062.942506
PETKM,2016-12-30,1.9099,1500000000.0,5550000071.52557,2442000031.471251
PETKM,2017-01-31,2.1732,1500000000.0,6315000057.22046,2778600025.177002
PETKM,2017-02-28,2.23,1500000000.0,6480000257.49207,2851200113.296511
PETKM,2017-03-31,2.6171,1500000000.0,7605000257.49207,3346200113.296511
PETKM,2017-04-28,2.7535,1500000000.0,7364999771.11816,3240599899.29199
PETKM,2017-05-31,3.1012,1500000000.0,8295000314.71252,3649800138.473509
PETKM,2017-06-30,3.3984,1500000000.0,9089999914.16931,3999599962.234496
PETKM,2017-07-31,3.6059,1500000000.0,9644999742.50793,4243799886.703489
PETKM,2017-08-31,3.4994,1500000000.0,9359999656.67725,4118399848.93799
PETKM,2017-09-29,3.3536,1500000000.0,8970000028.61023,3946800012.588501
PETKM,2017-10-31,3.7237,1500000000.0,9959999799.72839,4382399911.880492
PETKM,2017-11-30,3.6564,1500000000.0,9779999971.38977,4303199987.411499
PETKM,2017-12-29,4.3574,1500000000.0,11654999971.38977,5128199987.411499
PETKM,2018-01-31,4.4527,1500000000.0,11910000085.83069,5240400037.765504
PETKM,2018-02-28,4.5256,1500000000.0,12104999542.23633,5326199798.583985
PETKM,2018-03-30,4.5649,1500000000.0,12210000514.98413,5372400226.593017
PETKM,2018-04-30,4.0265,1500000000.0,10769999742.50793,4738799886.703489
PETKM,2018-05-31,2.7876,1500000000.0,7065000057.22046,3108600025.177002
PETKM,2018-06-29,2.8646,1500000000.0,7260000228.88184,3194400100.70801
PETKM,2018-07-31,2.8906,1650000000.0,7326000094.41376,3485710844.922067
PETKM,2018-08-31,3.5872,1650000000.0,9091500377.65503,4325735879.688263
PETKM,2018-09-28,3.4831,1650000000.0,8827499842.64374,4199241675.145627
PETKM,2018-10-31,3.3073,1650000000.0,8381999874.11499,3988155540.103912
PETKM,2018-11-30,3.4505,1650000000.0,8745000314.71252,4160871149.740217
PETKM,2018-12-31,3.2812,1650000000.0,8315999937.0575,3955089570.064547
PETKM,2019-01-31,3.7565,1650000000.0,9520499968.52875,4572696134.884359
PETKM,2019-02-28,3.5872,1650000000.0,9091500377.65503,4368465931.463242
PETKM,2019-03-29,2.9557,1650000000.0,7490999937.0575,3599425469.756129
PETKM,2019-04-30,2.9102,1650000000.0,7375499653.81622,3541714933.762549
PETKM,2019-05-31,3.151,1650000000.0,7986000251.77002,3837273120.975495
PETKM,2019-06-28,3.3833,2112000000.0,8574719879.15039,3604812237.194824
PETKM,2019-07-31,3.2667,2112000000.0,8279040161.13281,3978078797.424315
PETKM,2019-08-29,2.8583,2112000000.0,7244160140.99121,3480094531.732177
PETKM,2019-09-30,3.0083,2112000000.0,7624319778.44238,3662723221.563719
PETKM,2019-10-31,2.8667,2112000000.0,7265280120.84961,3489514042.044068
PETKM,2019-11-29,2.9917,2112000000.0,7582079818.72559,3641672936.933901
PETKM,2019-12-31,3.175,2112000000.0,8046719879.15039,3864839557.955932
PETKM,2020-01-31,3.3583,2112000000.0,8511360443.11523,4088857556.872556
PETKM,2020-02-28,3.0333,2112000000.0,7687680221.55762,3693161578.436281
PETKM,2020-03-31,2.525,2112000000.0,6399359939.5752,3074892450.965884
PETKM,2020-04-30,2.9583,2112000000.0,7497599899.29199,3601846991.619872
PETKM,2020-05-29,2.9417,2112000000.0,7455359939.5752,3581554914.971926
PETKM,2020-06-30,3.5583,2112000000.0,9018239959.7168,4332362476.647951
PETKM,2020-07-30,3.2583,2112000000.0,8257920181.27441,3967104855.084227
PETKM,2020-08-31,3.2583,2112000000.0,8257920181.27441,3961324310.957334
PETKM,2020-09-30,3.5,2112000000.0,8870399597.16797,4262227006.43921
PETKM,2020-10-30,3.425,2112000000.0,8680320281.98242,4170893895.492553
PETKM,2020-11-30,4.19,2534400000.0,10619136145.01953,5102494917.681884
PETKM,2020-12-31,4.98,2534400000.0,12621312048.33984,6064540439.227293
PETKM,2021-01-29,5.0,2534400000.0,12672000000.0,6090163200.0
PETKM,2021-02-26,5.26,2534400000.0,13330944580.07813,6185558285.156252
PETKM,2021-03-31,5.75,2534400000.0,14572800000.0,5451684480.0
PETKM,2021-04-30,6.71,2534400000.0,17005824096.67969,6392489277.941895
PETKM,2021-05-31,6.18,2534400000.0,15662591564.94141,5892266946.730958
PETKM,2021-06-30,5.23,2534400000.0,13254912048.33984,4942756702.825926
PETKM,2021-07-30,5.67,2534400000.0,14370048193.35938,5358590971.303713
PETKM,2021-08-31,6.2,2534400000.0,15713279516.60156,5853196619.934081
PETKM,2021-09-30,6.53,2534400000.0,16549632531.73828,6103504477.705078
PETKM,2021-10-28,6.53,2534400000.0,16549632531.73828,6088609808.426513
PETKM,2021-11-30,7.8,2534400000.0,19768320483.39844,7272765105.842286
PETKM,2021-12-31,7.8,2534400000.0,19768320483.39844,7470448310.67627
PETKM,2022-01-31,8.62,2534400000.0,21846527709.96094,8094138516.540528
PETKM,2022-02-28,7.75,2534400000.0,19641600000.0,7277212800.0
PETKM,2022-03-31,9.03,2534400000.0,22885631323.24219,8424200890.08545
PETKM,2022-04-29,9.54,2534400000.0,24178175903.32031,8885479644.470215
PETKM,2022-05-31,9.92,2534400000.0,25141248193.35938,9239408711.059572
PETKM,2022-06-30,8.82,2534400000.0,22353407226.5625,8214877155.761719
PETKM,2022-07-29,8.98,2534400000.0,22758910839.84375,8363899733.642578
PETKM,2022-08-31,14.42,2534400000.0,36546048193.35938,13430672711.059572
PETKM,2022-09-30,12.4,2534400000.0,31426559033.20313,11549260444.70215
PETKM,2022-10-31,13.44,2534400000.0,34062334936.52344,16240921297.734377
PETKM,2022-11-30,17.89,2534400000.0,45340414453.125,21214779922.617188
PETKM,2022-12-30,19.96,2534400000.0,50586621679.6875,24311930379.257812
PETKM,2023-01-31,16.33,2534400000.0,41386751806.64063,19882195567.91016
PETKM,2023-02-28,16.82,2534400000.0,42628607226.5625,20342371368.515625
PETKM,2023-03-31,13.86,2534400000.0,35126783129.88281,16874906615.595701
PETKM,2023-04-28,13.0,2534400000.0,32947200000.0,15827834880.0
PETKM,2023-05-31,13.99,2534400000.0,35456255419.92188,17033185103.73047
PETKM,2023-06-27,15.01,2534400000.0,38041344580.07813,18271257801.811527
PETKM,2023-07-31,17.99,2534400000.0,45593855419.92188,21898728758.18848
PETKM,2023-08-31,20.44,2534400000.0,51803137353.51563,24891407498.36426
PETKM,2023-09-29,19.64,2534400000.0,49775614453.125,23917182744.726562
PETKM,2023-10-31,19.68,2534400000.0,49876992773.4375,23965895027.63672
PETKM,2023-11-30,21.6,2534400000.0,54743040966.79688,26304031184.545902
PETKM,2023-12-29,18.21,2534400000.0,46151421679.6875,22175758117.089844
PETKM,2024-01-31,21.72,2534400000.0,55047166259.76563,26450163387.817387
PETKM,2024-02-29,24.2,2534400000.0,61332481933.59375,29464124320.898438
PETKM,2024-03-29,19.83,2534400000.0,50257151806.64063,24148561443.090824
PETKM,2024-04-30,20.72,2534400000.0,52512766259.76563,25232384187.817387
PETKM,2024-05-31,20.38,2534400000.0,51651069873.04688,24818339073.999027
PETKM,2024-06-28,21.74,2534400000.0,55097855419.92188,26474519529.272465
PETKM,2024-07-31,24.14,2534400000.0,61180414453.125,29391071103.28125
PETKM,2024-08-29,22.98,2534400000.0,58240510839.84375,27978741407.460938
PETKM,2024-09-30,22.66,2534400000.0,57429503613.28125,27589133535.820312
PETKM,2024-10-31,18.56,2534400000.0,47038462646.48438,22597277455.371098
PETKM,2024-11-29,18.34,2534400000.0,46480896386.71875,22329422624.179688
PETKM,2024-12-31,18.1,2534400000.0,45872640966.79688,22037216720.449223
PETKM,2025-01-31,17.49,2534400000.0,44326655419.92188,21285659932.64649
PETKM,2025-02-28,16.32,2534400000.0,41361407226.5625,19861747750.195312
PETKM,2025-03-28,17.07,2534400000.0,43262207226.5625,20774511910.195312
PETKM,2025-04-30,16.15,2534400000.0,40930559033.20313,19654854447.744144
PETKM,2025-05-30,16.3,2534400000.0,41310718066.40625,19837406815.48828
PETKM,2025-06-30,17.21,2534400000.0,43617021679.6875,20944893810.585938
PETKM,2025-07-31,17.1,2534400000.0,43338240966.79688,20811023312.255863
PETKM,2025-08-29,20.0,2534400000.0,50688000000.0,24340377600.0
PETKM,2025-09-30,18.09,2534400000.0,45847296386.71875,22015871724.902344
PETKM,2025-10-31,17.17,2534400000.0,43515648193.35938,20900565827.27051
PETKM,2025-11-28,17.0,2534400000.0,43084800000.0,20689320960.0
PETKM,2025-12-31,16.23,2534400000.0,41133310839.84375,19752215865.29297
PETKM,2026-01-30,18.44,2534400000.0,46734337353.51563,22446502230.89356
PETKM,2026-02-27,17.29,2534400000.0,43819778320.3125,21051021505.078125
PETKM,2026-03-31,21.22,2534400000.0,53779966259.76563,25835895791.19141
PETKM,2026-04-30,23.9,2534400000.0,60572159033.20313,29092807983.647465
PETKM,2026-05-26,22.1,2534400000.0,56010240966.79688,26901718736.352543
PETKM,2026-06-30,19.11,2534400000.0,48432385546.875,23262074778.164062
PETKM,2026-07-21,21.32,2534400000.0,54033407226.5625,25952245490.91797
PGSUS,2016-07-29,2.3815,102272000.0,1190446115.1123,416656140.289305
PGSUS,2016-08-31,2.4777,102272000.0,1238513884.8877,433479859.710695
PGSUS,2016-09-30,2.4491,102272000.0,1224195867.30957,428468553.55835
PGSUS,2016-10-31,2.67,102272000.0,1334649619.50684,467127366.827394
PGSUS,2016-11-30,2.5575,102272000.0,1278400000.0,447440000.0
PGSUS,2016-12-30,2.8951,102272000.0,1447148760.98633,506502066.345216
PGSUS,2017-01-31,3.2449,102272000.0,1622033884.8877,567711859.710695
PGSUS,2017-02-28,3.1017,102272000.0,1550443504.39453,542655226.538086
PGSUS,2017-03-31,2.938,102272000.0,1468625884.8877,514019059.710695
PGSUS,2017-04-28,3.2613,102272000.0,1630215637.08496,570575472.979736
PGSUS,2017-05-31,3.7483,102272000.0,1873623008.78906,655768053.076171
PGSUS,2017-06-30,3.8403,102272000.0,1919645486.81641,671875920.385744
PGSUS,2017-07-31,4.9308,102272000.0,2464755239.01367,862664333.654785
PGSUS,2017-08-31,5.737,102272000.0,2867706973.63281,1003697440.771484
PGSUS,2017-09-29,5.0986,102272000.0,2548618247.80273,892016386.730956
PGSUS,2017-10-31,6.1257,102272000.0,3062023734.61914,1071708307.116699
PGSUS,2017-11-30,5.426,102272000.0,2712253486.81641,949288720.385744
PGSUS,2017-12-29,6.9155,102272000.0,3456793521.97266,1209877732.690431
PGSUS,2018-01-31,7.3083,102272000.0,3653155964.84375,1278604587.695313
PGSUS,2018-02-28,7.2551,102272000.0,3626565026.36719,1269297759.228517
PGSUS,2018-03-30,7.296,102272000.0,3647019504.39453,1276456826.538086
PGSUS,2018-04-30,5.7697,102272000.0,2884070478.02734,1009424667.309569
PGSUS,2018-05-31,5.4505,102272000.0,2724526017.57813,953584106.152346
PGSUS,2018-06-29,5.0372,102272000.0,2517936725.83008,881277854.040528
PGSUS,2018-07-31,5.9088,102272000.0,2953615274.16992,1068027283.139843
PGSUS,2018-08-31,4.8776,102272000.0,2438164495.60547,882859363.858741
PGSUS,2018-09-28,5.5406,102272000.0,2769525752.19727,1001737464.569753
PGSUS,2018-10-31,4.1002,102272000.0,2049530973.63281,741725259.357714
PGSUS,2018-11-30,5.1764,102272000.0,2587481521.97266,936927059.1063
PGSUS,2018-12-31,4.6894,102299707.0,2344709292.24485,849019234.72186
PGSUS,2019-01-31,6.2035,102299707.0,3101727085.02061,1123445550.194465
PGSUS,2019-02-28,6.0357,102299707.0,3017841356.5,1093062139.3243
PGSUS,2019-03-29,5.5651,102299707.0,2782552108.44848,1007840373.680039
PGSUS,2019-04-30,6.3262,102299707.0,3163106948.24485,1145677336.654285
PGSUS,2019-05-31,7.2019,102299707.0,3600949764.44848,1304264004.683239
PGSUS,2019-06-28,9.3297,102299707.0,4664866483.10303,1689614640.179917
PGSUS,2019-07-31,9.7226,102299707.0,4861282123.46909,1760756385.120504
PGSUS,2019-08-29,14.5061,102299707.0,7253049382.39697,2627054486.304183
PGSUS,2019-09-30,12.4192,102299707.0,6209592292.94848,2249114328.505939
PGSUS,2019-10-31,13.5138,102299707.0,6756895959.54393,2447347716.546811
PGSUS,2019-11-29,14.8437,102299707.0,7421844055.04393,2688191916.736911
PGSUS,2019-12-31,17.6774,102299707.0,8838694840.89697,3201375271.372883
PGSUS,2020-01-31,14.0355,102299707.0,7017759744.10303,2541130803.339707
PGSUS,2020-02-28,11.0484,102299707.0,5524184178.0,2000307090.8538
PGSUS,2020-03-31,6.9973,102299707.0,3498650057.44848,1267211050.807839
PGSUS,2020-04-30,10.8438,102299707.0,5421884471.0,1961637801.6078
PGSUS,2020-05-29,12.2862,102299707.0,6143097327.30152,2223186922.75042
PGSUS,2020-06-30,11.3655,102299707.0,5682748645.80152,2056586734.91557
PGSUS,2020-07-30,9.7839,102299707.0,4891971957.52061,1770404651.426709
PGSUS,2020-08-31,9.3707,102299707.0,4685326502.55152,1695619661.273395
PGSUS,2020-09-30,9.4525,102299707.0,4726246541.44848,1710428623.350205
PGSUS,2020-10-30,8.0817,102299707.0,4040838426.5,1462379426.55035
PGSUS,2020-11-30,11.7031,102299707.0,5851543318.44848,2117673526.946505
PGSUS,2020-12-31,15.2631,102299707.0,7631557986.10303,2761860835.170687
PGSUS,2021-01-29,14.4447,102299707.0,7222359158.10303,2613771779.317487
PGSUS,2021-02-26,18.24,102299707.0,9120019035.14697,3300534888.819688
PGSUS,2021-03-31,14.7516,102299707.0,7375808718.60303,2669305175.262437
PGSUS,2021-04-30,15.0483,102299707.0,7524143762.04393,2722987627.483698
PGSUS,2021-05-31,17.0124,102299707.0,8506220793.14697,3078401305.039888
PGSUS,2021-06-30,14.7414,102299707.0,7370694201.54393,2667454231.538748
PGSUS,2021-07-30,14.4549,102299707.0,7227474455.64697,2615623005.498638
PGSUS,2021-08-31,14.4447,102299707.0,7222359158.10303,2613771779.317487
PGSUS,2021-09-30,15.9281,102299707.0,7964032033.85303,2882183193.051412
PGSUS,2021-10-28,16.2963,102299707.0,8148171818.64697,2948823381.168338
PGSUS,2021-11-30,18.0047,102299707.0,9002374216.0,3257959228.7704
PGSUS,2021-12-31,17.3807,102299707.0,8690359797.45607,3145910246.679097
PGSUS,2022-01-31,22.0558,102299707.0,11027908726.79393,3992102959.099403
PGSUS,2022-02-28,19.13,102299707.0,9565022604.5,3462538182.829
PGSUS,2022-03-31,22.0354,102299707.0,11017678131.70607,3988399483.677597
PGSUS,2022-04-29,27.3549,102299707.0,13677470513.70607,4951244325.961597
PGSUS,2022-05-31,29.1963,102299707.0,14598167876.70607,5284536771.367597
PGSUS,2022-06-30,34.9865,102299707.0,17493249897.0,6332556462.714
PGSUS,2022-07-29,34.3522,102299707.0,17176120180.91214,6217755505.490195
PGSUS,2022-08-31,42.6999,102299707.0,21349948538.70607,7728681371.011597
PGSUS,2022-09-30,48.7356,102299707.0,24367789895.20607,8821139942.064596
PGSUS,2022-10-31,65.5127,102299707.0,32756367430.17572,11857805009.723612
PGSUS,2022-11-30,80.203,102299707.0,40101485144.0,17123334156.488
PGSUS,2022-12-30,98.2077,102299707.0,49103859360.0,20967347946.72
PGSUS,2023-01-31,101.0926,102299707.0,50546285853.08786,21583264059.268517
PGSUS,2023-02-28,103.916,102299707.0,51958020560.91214,22186074779.509483
PGSUS,2023-03-31,92.6835,102299707.0,46341767271.0,19676714383.2666
PGSUS,2023-04-28,90.7808,102299707.0,45390381244.67572,19272755876.48931
PGSUS,2023-05-31,93.8702,102299707.0,46935104322.82428,19919258274.606625
PGSUS,2023-06-27,126.2378,102299707.0,63118919219.0,26800293100.3874
PGSUS,2023-07-31,172.3955,102299707.0,86197730620.64856,36599556421.52738
PGSUS,2023-08-31,179.004,102299707.0,89502016151.85144,38011506259.69131
PGSUS,2023-09-29,168.6308,102299707.0,84315419758.17572,35808758771.297226
PGSUS,2023-10-31,144.2426,102299707.0,72121293435.0,30629913321.8445
PGSUS,2023-11-30,144.2426,102299707.0,72121293435.0,30629913321.8445
PGSUS,2023-12-29,132.8873,102299707.0,66443659696.5,28218622273.10355
PGSUS,2024-01-31,153.9611,102299707.0,76980529517.5,32685932833.1305
PGSUS,2024-02-29,175.444,102299707.0,87721998752.5,37246760670.3115
PGSUS,2024-03-29,166.3393,102299707.0,83169661791.0,35313838396.4586
PGSUS,2024-04-30,211.5558,102299707.0,105777897038.0,44913295082.3348
PGSUS,2024-05-31,201.8,500000000.0,100900001525.8789,42811870647.43042
PGSUS,2024-06-28,227.9,500000000.0,113949996948.24219,48348983705.13916
PGSUS,2024-07-31,224.0,500000000.0,112000000000.0,47521600000.0
PGSUS,2024-08-29,227.3,500000000.0,113650001525.8789,48221695647.43042
PGSUS,2024-09-30,239.3,500000000.0,119650001525.8789,50767495647.43042
PGSUS,2024-10-31,231.6,500000000.0,115800003051.75781,49145521295.166016
PGSUS,2024-11-29,217.8,500000000.0,108900001525.8789,50409810706.329346
PGSUS,2024-12-31,213.0,500000000.0,106500000000.0,49298850000.0
PGSUS,2025-01-31,234.5,500000000.0,117250000000.0,54286750000.0
PGSUS,2025-02-28,239.0,500000000.0,119500000000.0,55316550000.0
PGSUS,2025-03-28,257.75,500000000.0,128875000000.0,59669125000.0
PGSUS,2025-04-30,222.9,500000000.0,111449996948.24219,51601348587.03613
PGSUS,2025-05-30,241.2,500000000.0,120599998474.1211,55837799293.51807
PGSUS,2025-06-30,257.0,500000000.0,128500000000.0,59495500000.0
PGSUS,2025-07-31,252.0,500000000.0,126000000000.0,58338000000.0
PGSUS,2025-08-29,249.0,500000000.0,124500000000.0,57643500000.0
PGSUS,2025-09-30,216.5,500000000.0,108250000000.0,50119750000.0
PGSUS,2025-10-31,210.0,500000000.0,105000000000.0,48615000000.0
PGSUS,2025-11-28,201.0,500000000.0,100500000000.0,46531500000.0
PGSUS,2025-12-31,191.7,500000000.0,95849998474.1211,44378549293.51807
PGSUS,2026-01-30,203.5,500000000.0,101750000000.0,47110250000.0
PGSUS,2026-02-27,196.5,500000000.0,98250000000.0,45489750000.0
PGSUS,2026-03-31,175.5,500000000.0,87750000000.0,40610700000.0
PGSUS,2026-04-30,180.6,500000000.0,90300003051.75781,41790841412.353516
PGSUS,2026-05-26,170.1,500000000.0,85050003051.75781,39361141412.353516
PGSUS,2026-06-30,175.1,500000000.0,87550003051.75781,40518141412.353516
PGSUS,2026-07-21,163.3,500000000.0,81650001525.8789,37803950706.48193
PSGYO,2021-12-31,0.8121,267500000.0,3766399979.59137,949886074.852944
PSGYO,2022-01-31,0.9806,267500000.0,4547500000.0,1146879500.0
PSGYO,2022-02-28,0.8652,267500000.0,4012500000.0,1011952500.0
PSGYO,2022-03-31,0.8698,267500000.0,4033899979.59137,1017349574.852944
PSGYO,2022-04-29,0.9079,267500000.0,4210449938.77411,1033665459.969044
PSGYO,2022-05-31,0.8306,267500000.0,3851999897.95685,945665974.948407
PSGYO,2022-06-30,0.5353,267500000.0,2482399928.56979,609429182.463883
PSGYO,2022-07-29,0.6641,1000000000.0,3079999923.70605,756139981.269835
PSGYO,2022-08-31,0.9056,1000000000.0,4199999809.26514,1031099953.174592
PSGYO,2022-09-30,1.035,1000000000.0,4800000190.73486,1178400046.825408
PSGYO,2022-10-31,1.3951,1000000000.0,6469999790.19165,1577385948.848724
PSGYO,2022-11-30,1.9126,1000000000.0,8869999885.55908,3109821959.877013
PSGYO,2022-12-30,1.9277,1000000000.0,8939999580.3833,3134363852.882385
PSGYO,2023-01-31,1.6193,1063862501.0,7989607626.0088,3112751131.093028
PSGYO,2023-02-28,1.4296,1063862501.0,7053408503.3794,2324803442.71385
PSGYO,2023-03-31,1.3153,1063862501.0,6489561154.64217,2148693698.302022
PSGYO,2023-04-28,1.1342,1063862501.0,5595916998.7588,1852808118.289039
PSGYO,2023-05-31,1.4339,1063862501.0,7074685733.10783,2342428446.232003
PSGYO,2023-06-27,1.4123,1063862501.0,6968299584.46567,2307203992.416583
PSGYO,2023-07-31,1.7897,1063862501.0,8830058961.21567,2923632522.058508
PSGYO,2023-08-31,1.7379,1063862501.0,8574732204.47447,2839093832.901497
PSGYO,2023-09-29,2.247,1640000000.0,11086400375.36621,3670707164.283752
PSGYO,2023-10-31,2.1273,1640000000.0,10496000156.40259,3475225651.784898
PSGYO,2023-11-30,2.0642,1640000000.0,10184400062.56104,3372054860.71396
PSGYO,2023-12-29,1.67,1640000000.0,8183599624.63379,2709589835.716248
PSGYO,2024-01-31,2.0147,1640000000.0,9872799968.71948,3268884069.64302
PSGYO,2024-02-29,2.3427,1640000000.0,11480000000.0,3801028000.0
PSGYO,2024-03-29,2.152,1640000000.0,10545199718.47534,3491515626.787185
PSGYO,2024-04-30,2.075,1640000000.0,10167999687.19482,3365607896.461485
PSGYO,2024-05-31,2.0147,1640000000.0,9872799968.71948,3267896789.646148
PSGYO,2024-06-28,1.8072,1640000000.0,8856000156.40259,2931336051.769257
PSGYO,2024-07-31,1.9493,4800000000.0,9552000045.77637,3161712015.151978
PSGYO,2024-08-29,1.5379,4800000000.0,7536000251.77002,2494416083.335877
PSGYO,2024-09-30,1.4595,4800000000.0,7152000045.77637,2366596815.147401
PSGYO,2024-10-31,1.244,4800000000.0,6095999908.44727,2017775969.696046
PSGYO,2024-11-29,1.6064,4800000000.0,7871999931.33545,2605631977.272034
PSGYO,2024-12-31,1.5486,4800000000.0,7487999725.3418,2478527909.088136
PSGYO,2025-01-31,1.4295,4800000000.0,6912000274.6582,2287180890.884398
PSGYO,2025-02-28,1.3997,4800000000.0,6767999839.78271,2240207946.968077
PSGYO,2025-03-28,1.6082,4800000000.0,7776000022.88818,2573856007.575988
PSGYO,2025-04-30,1.8067,4800000000.0,8736000251.77002,2891616083.335877
PSGYO,2025-05-30,1.6975,4800000000.0,8208000183.10547,2716848060.607911
PSGYO,2025-06-30,2.0847,4800000000.0,10079999542.23633,3336479848.480225
PSGYO,2025-07-31,2.6605,5323560210.0,14267141718.18599,5776765681.693507
PSGYO,2025-08-29,2.8292,5323560210.0,15172146090.80574,5011359853.793136
PSGYO,2025-09-30,3.2263,5323560210.0,17301570682.5,5718169110.56625
PSGYO,2025-10-31,3.0178,5323560210.0,16183622835.32229,6986469978.008633
PSGYO,2025-11-28,2.581,5323560210.0,13841256038.30574,6130292299.365612
PSGYO,2025-12-31,2.483,5323560210.0,13255664973.66943,6015420765.051187
PSGYO,2026-01-30,2.7223,5323560210.0,14533319474.83885,6214447407.441092
PSGYO,2026-02-27,2.2337,6900847276.0,15457897964.05161,6615980328.614089
PSGYO,2026-03-31,2.453,6900847276.0,16976084562.20643,7265764192.624352
PSGYO,2026-04-30,2.9915,6900847276.0,20702541828.0,8858617648.2012
PSGYO,2026-05-26,3.1511,6900847276.0,21806677984.46447,9322354838.35856
PSGYO,2026-06-30,3.48,6900847276.0,24014948652.10322,9697236265.71928
PSGYO,2026-07-21,3.28,6900847276.0,22634778867.84518,9142187184.722668
QUAGR,2021-04-30,1.0364,120000000.0,2735999908.44727,546926381.698609
QUAGR,2021-05-31,1.0927,120000000.0,2884800109.86328,575229141.906738
QUAGR,2021-06-30,1.1909,120000000.0,3144000091.55273,757389622.055053
QUAGR,2021-07-30,1.2045,120000000.0,3180000000.0,766062000.0
QUAGR,2021-08-31,1.1909,240000000.0,3144000091.55273,757389622.055053
QUAGR,2021-09-30,1.1936,240000000.0,3151200027.46582,759124086.616516
QUAGR,2021-10-28,1.02,240000000.0,2692800064.08691,647349135.406493
QUAGR,2021-11-30,1.1918,240000000.0,3146399917.60254,756394540.191651
QUAGR,2021-12-31,1.1064,240000000.0,2920800018.31055,702160324.401856
QUAGR,2022-01-31,1.1282,240000000.0,2978399963.37891,716007351.19629
QUAGR,2022-02-28,1.1636,240000000.0,3072000045.77637,738508811.004639
QUAGR,2022-03-31,1.3173,240000000.0,3477599945.06836,836362786.788941
QUAGR,2022-04-29,1.92,240000000.0,5068800201.41602,1219046448.440553
QUAGR,2022-05-31,2.46,240000000.0,6494399871.82617,1561903169.174194
QUAGR,2022-06-30,2.4945,240000000.0,6585600128.17383,1583836830.825806
QUAGR,2022-07-29,2.7309,240000000.0,7209600219.72656,1733908852.844238
QUAGR,2022-08-31,2.8055,240000000.0,7406400146.48438,1781239235.229493
QUAGR,2022-09-30,3.2855,240000000.0,8673599853.51563,2086000764.770509
QUAGR,2022-10-31,4.5636,240000000.0,12048000183.10547,2843328043.212891
QUAGR,2022-11-30,5.2909,240000000.0,13968000183.10547,3296448043.212891
QUAGR,2022-12-30,7.2273,240000000.0,19080000000.0,4583016000.0
QUAGR,2023-01-31,5.65,240000000.0,14916000366.21094,4459884109.497071
QUAGR,2023-02-28,6.7909,240000000.0,17927999267.57813,5360471781.005861
QUAGR,2023-03-31,6.4,240000000.0,16896000366.21094,5050214509.46045
QUAGR,2023-04-28,7.1273,240000000.0,18816000366.21094,5624102509.46045
QUAGR,2023-05-31,7.6364,240000000.0,20160000000.0,6021792000.0
QUAGR,2023-06-27,7.7273,240000000.0,20400000000.0,6093480000.0
QUAGR,2023-07-31,7.48,2640000000.0,19747200050.354,5898488655.04074
QUAGR,2023-08-31,6.95,2640000000.0,18347999496.45996,5480547449.59259
QUAGR,2023-09-29,6.62,2640000000.0,17476799697.87598,5218572389.785768
QUAGR,2023-10-31,5.52,2640000000.0,14572799949.646,4351438064.964296
QUAGR,2023-11-30,5.81,2640000000.0,15338399848.93799,4951235471.237183
QUAGR,2023-12-29,5.74,2640000000.0,15153599395.75195,4891581884.948729
QUAGR,2024-01-31,4.03,2640000000.0,10639200553.89404,3434333938.796996
QUAGR,2024-02-29,4.32,2640000000.0,11404800453.18604,3681469586.288454
QUAGR,2024-03-29,4.04,2640000000.0,10665599899.29199,3442855647.491454
QUAGR,2024-04-30,4.16,2640000000.0,10982399597.16797,3545118589.965821
QUAGR,2024-05-31,3.39,2640000000.0,8949600276.94702,2887141049.343109
QUAGR,2024-06-28,3.36,2640000000.0,8870399723.05298,2861590950.656891
QUAGR,2024-07-31,3.17,2640000000.0,8368800201.41602,2699774944.976808
QUAGR,2024-08-29,2.93,2640000000.0,7735200176.23901,2495375576.854705
QUAGR,2024-09-30,2.94,2640000000.0,7761600151.06201,2503116048.717498
QUAGR,2024-10-31,2.64,2640000000.0,6969600276.94702,2231666008.678436
QUAGR,2024-11-29,2.8,2640000000.0,7391999874.11499,2366918359.69162
QUAGR,2024-12-31,3.25,2640000000.0,8580000000.0,3003858000.0
QUAGR,2025-01-31,3.44,2640000000.0,9081600151.06201,3181284532.917022
QUAGR,2025-02-28,3.37,2640000000.0,8896799697.87598,3116548934.165956
QUAGR,2025-03-28,4.1,2640000000.0,10823999748.22998,3794894311.729431
QUAGR,2025-04-30,5.31,2640000000.0,14018399848.93799,4916252827.022553
QUAGR,2025-05-30,5.58,2640000000.0,14731199798.58398,5169178009.323119
QUAGR,2025-06-30,6.17,2640000000.0,16288800201.41602,5707595590.576173
QUAGR,2025-07-31,6.88,2640000000.0,18163200302.12402,6364385385.864257
QUAGR,2025-08-29,7.48,2640000000.0,19747200050.354,6921393617.649077
QUAGR,2025-09-30,10.03,2640000000.0,26479199295.04395,8017901546.539308
QUAGR,2025-10-31,8.74,2640000000.0,23073599395.75195,6799789741.9281
QUAGR,2025-11-28,3.35,2640000000.0,8843999748.22998,3816185891.361236
QUAGR,2025-12-31,2.85,2640000000.0,7523999748.22998,4140457061.450958
QUAGR,2026-01-30,2.63,2640000000.0,6943200302.12402,3818065846.137999
QUAGR,2026-02-27,2.8,2640000000.0,7391999874.11499,4070035130.687713
QUAGR,2026-03-31,2.88,2640000000.0,7603200302.12402,4186322086.349485
QUAGR,2026-04-30,3.72,2640000000.0,9820800075.53101,5397511721.511843
QUAGR,2026-05-26,3.77,2640000000.0,9952799949.646,5472049412.315371
QUAGR,2026-06-30,3.8,2640000000.0,10031999874.11499,4721059140.758514
QUAGR,2026-07-21,3.71,2640000000.0,9794400100.70801,4609244687.39319
RALYH,2016-07-29,0.0244,21000000.0,8609999.9249,2152499.981225
RALYH,2016-08-31,0.0238,21000000.0,8400000.12517,2100000.031293
RALYH,2016-09-30,0.0232,21000000.0,8189999.69959,2047499.924898
RALYH,2016-10-31,0.0226,21000000.0,7979999.89986,1994999.974965
RALYH,2016-11-30,0.0226,21000000.0,7979999.89986,1994999.974965
RALYH,2016-12-30,0.0256,21000000.0,9030000.1502,2257500.03755
RALYH,2017-01-31,0.041,21000000.0,14489999.94993,3622499.987483
RALYH,2017-02-28,0.0595,21000000.0,21000000.0,5250000.0
RALYH,2017-03-31,0.063,21000000.0,22259998.79837,5564999.699593
RALYH,2017-04-28,0.066,21000000.0,23310000.30041,5827500.075103
RALYH,2017-05-31,0.0577,21000000.0,20370000.60081,5092500.150203
RALYH,2017-06-30,0.0583,21000000.0,20580000.40054,5145000.100135
RALYH,2017-07-31,0.0642,21000000.0,22680000.90122,5670000.225305
RALYH,2017-08-31,0.0606,21000000.0,21419999.59946,5354999.899865
RALYH,2017-09-29,0.0547,21000000.0,19320000.35048,4830000.08762
RALYH,2017-10-31,0.0743,21000000.0,26250000.0,6562500.0
RALYH,2017-11-30,0.0725,21000000.0,25620000.60081,6405000.150203
RALYH,2017-12-29,0.0969,21000000.0,34229999.89986,8557499.974965
RALYH,2018-01-31,0.0696,21000000.0,24569999.09878,6142499.774695
RALYH,2018-02-28,0.06,21000000.0,21209999.79973,5302499.949933
RALYH,2018-03-30,0.0809,21000000.0,28560000.30041,7140000.075103
RALYH,2018-04-30,0.0755,21000000.0,26669999.59946,6667499.899865
RALYH,2018-05-31,0.0963,21000000.0,34020000.10014,8505000.025035
RALYH,2018-06-29,0.107,21000000.0,37799998.99864,9449999.74966
RALYH,2018-07-31,0.1106,21000000.0,39060000.30041,14756868.113495
RALYH,2018-08-31,0.1124,21000000.0,39689999.69959,14994881.886505
RALYH,2018-09-28,0.0969,21000000.0,34229999.89986,12932093.962167
RALYH,2018-10-31,0.104,21000000.0,36750000.0,13884150.0
RALYH,2018-11-30,0.103,21000000.0,29609999.29905,8595782.796514
RALYH,2018-12-31,0.1344,21000000.0,38640000.70095,14312256.259632
RALYH,2019-01-31,0.1789,21000000.0,51450001.00136,19057080.370904
RALYH,2019-02-28,0.2388,21000000.0,68669999.59946,25435367.85164
RALYH,2019-03-29,0.2826,21000000.0,81269997.59674,30069899.110794
RALYH,2019-04-30,0.3111,21000000.0,89460004.80652,33135985.780335
RALYH,2019-05-31,0.3227,21000000.0,92820001.60217,34380528.593444
RALYH,2019-06-28,0.3476,21000000.0,99960004.80652,37025185.780335
RALYH,2019-07-31,0.3578,21000000.0,102900002.00272,38114160.741807
RALYH,2019-08-29,0.3636,21000000.0,104580000.40054,38736432.14836
RALYH,2019-09-30,0.6623,21000000.0,190469993.59131,70550085.626221
RALYH,2019-10-31,0.5338,21000000.0,153509998.79837,56860103.554916
RALYH,2019-11-29,0.5111,21000000.0,147000000.0,52905300.0
RALYH,2019-12-31,0.4965,21000000.0,142800004.00543,51350881.440353
RALYH,2020-01-31,0.4673,21000000.0,134400002.00272,48330240.720178
RALYH,2020-02-28,0.5812,21000000.0,167160000.80109,60110736.288072
RALYH,2020-03-31,0.6017,21000000.0,173039995.19348,62225182.271575
RALYH,2020-04-30,0.6192,21000000.0,178079990.38696,65658092.455672
RALYH,2020-05-29,1.0332,21000000.0,297149991.98914,109559202.046396
RALYH,2020-06-30,1.1756,21000000.0,338100008.01086,124657472.953604
RALYH,2020-07-30,1.6064,21000000.0,462000000.0,170339400.0
RALYH,2020-08-31,1.2638,63000000.0,420839989.18533,155163704.012631
RALYH,2020-09-30,0.927,63000000.0,308700006.00815,83163781.618596
RALYH,2020-10-30,0.9195,63000000.0,306180008.41141,113011041.104651
RALYH,2020-11-30,0.9232,63000000.0,307440007.20978,113476106.66113
RALYH,2020-12-31,0.84,63000000.0,279720003.60489,103244653.330565
RALYH,2021-01-29,0.8438,63000000.0,280980002.40326,103709718.887043
RALYH,2021-02-26,0.7757,63000000.0,258299993.99185,95338527.782392
RALYH,2021-03-31,0.7303,63000000.0,243179993.39104,89757735.560633
RALYH,2021-04-30,0.7246,63000000.0,241289995.19348,89060137.225913
RALYH,2021-05-31,0.6319,63000000.0,210419994.59267,77666020.004154
RALYH,2021-06-30,0.6432,63000000.0,214200006.00815,79061222.217608
RALYH,2021-07-30,0.7965,63000000.0,265230002.40326,97896393.887043
RALYH,2021-08-31,0.7662,63000000.0,255150012.0163,94175869.435216
RALYH,2021-09-30,1.1105,63000000.0,369809992.79022,136496868.33887
RALYH,2021-10-28,1.2297,63000000.0,409500000.0,156756600.0
RALYH,2021-11-30,4.0411,63000000.0,1345680038.45215,515126318.719483
RALYH,2021-12-31,2.5068,63000000.0,834750000.0,319542300.0
RALYH,2022-01-31,1.3565,63000000.0,451710004.80652,172914589.839936
RALYH,2022-02-28,1.5135,63000000.0,504000000.0,192931200.0
RALYH,2022-03-31,1.7122,63000000.0,570150012.0163,218253424.59984
RALYH,2022-04-29,1.8749,63000000.0,624329990.38696,238369190.329741
RALYH,2022-05-31,2.3895,63000000.0,795690007.20978,303794444.752694
RALYH,2022-06-30,2.7886,63000000.0,928619985.58044,354547110.494612
RALYH,2022-07-29,2.8795,63000000.0,958860016.82281,366092754.422949
RALYH,2022-08-31,3.6381,63000000.0,1211489971.16089,462546870.989228
RALYH,2022-09-30,4.1697,63000000.0,1388520057.67822,530136958.021544
RALYH,2022-10-31,4.5292,63000000.0,1508220033.64563,561510318.526268
RALYH,2022-11-30,5.6341,63000000.0,1876140043.25867,698486938.105203
RALYH,2022-12-30,6.7995,63000000.0,2264219913.48267,842969073.789598
RALYH,2023-01-31,6.353,63000000.0,2115540115.35645,787615584.947206
RALYH,2023-02-28,7.0265,63000000.0,2339819961.54785,871114971.684265
RALYH,2023-03-31,7.1703,63000000.0,2387700096.13037,888701975.779724
RALYH,2023-04-28,8.7595,63000000.0,2916899951.93481,1085961852.10533
RALYH,2023-05-31,12.1459,63000000.0,4044599807.73926,1505804508.421326
RALYH,2023-06-27,15.1351,63000000.0,5040000000.0,1876392000.0
RALYH,2023-07-31,14.7662,63000000.0,4917150192.26074,1830655016.578674
RALYH,2023-08-31,15.4568,63000000.0,5147099807.73926,1916265258.421326
RALYH,2023-09-29,14.5203,63000000.0,4835250000.0,1800163575.0
RALYH,2023-10-31,13.3284,63000000.0,4438349807.73926,1652397633.421326
RALYH,2023-11-30,14.9554,63000000.0,4980150192.26074,1854109916.578674
RALYH,2023-12-29,14.7284,63000000.0,4904549903.86963,1825963929.210663
RALYH,2024-01-31,14.8797,63000000.0,4954950096.13037,1844727920.789337
RALYH,2024-02-29,17.2068,63000000.0,5729849807.73926,2132650098.440553
RALYH,2024-03-29,23.2514,63000000.0,7742700096.13037,2882607245.789337
RALYH,2024-04-30,36.6649,63000000.0,12209400192.26074,4545559691.578674
RALYH,2024-05-31,36.6081,63000000.0,12190500000.0,4538523150.0
RALYH,2024-06-28,41.5649,63000000.0,13841099807.73926,5148889128.479005
RALYH,2024-07-31,43.3054,63000000.0,14420699615.47852,5364500256.958009
RALYH,2024-08-29,60.0203,63000000.0,19986750000.0,7435071000.0
RALYH,2024-09-30,42.0,63000000.0,13986000000.0,5202792000.0
RALYH,2024-10-31,49.6622,63000000.0,16537500000.0,6087453750.0
RALYH,2024-11-29,53.7297,63000000.0,17892000000.0,6586045200.0
RALYH,2024-12-31,55.7162,63000000.0,18553500000.0,6840675450.0
RALYH,2025-01-31,76.1959,63000000.0,25373250000.0,9456610275.0
RALYH,2025-02-28,87.1216,63000000.0,29011500000.0,11140416000.0
RALYH,2025-03-28,94.15,333000000.0,31351950508.11768,11534382591.936495
RALYH,2025-04-30,117.8,333000000.0,39227401016.23535,14431760833.872986
RALYH,2025-05-30,131.2,333000000.0,43689598983.76465,16073403466.127014
RALYH,2025-06-30,97.4,333000000.0,32434200508.11768,11932542366.936495
RALYH,2025-07-31,124.9,333000000.0,41591700508.11768,15301586616.936495
RALYH,2025-08-29,130.9,333000000.0,43589697967.5293,16036649882.254028
RALYH,2025-09-30,159.5,333000000.0,53113500000.0,19540456650.0
RALYH,2025-10-31,198.2,333000000.0,66000598983.76465,24552222821.96045
RALYH,2025-11-28,211.8,333000000.0,70529401016.23535,25997137214.58435
RALYH,2025-12-31,228.7,333000000.0,76157098983.76465,30280062555.944824
RALYH,2026-01-30,187.7,333000000.0,62504098983.76465,25032891642.99774
RALYH,2026-02-27,156.5,333000000.0,52114500000.0,20877068700.0
RALYH,2026-03-31,201.6,333000000.0,67132802032.4707,26893400494.207764
RALYH,2026-04-30,336.5,333000000.0,112054500000.0,45740646900.0
RALYH,2026-05-26,250.0,333000000.0,83250000000.0,33974325000.0
RALYH,2026-06-30,191.6,333000000.0,63802802032.4707,22413924354.006958
RALYH,2026-07-21,255.75,333000000.0,85164750000.0,29696948325.0
REEDR,2023-09-29,18.09,950000000.0,17185500144.9585,3887360132.789613
REEDR,2023-10-31,18.14,950000000.0,17232999420.16602,3898104468.841554
REEDR,2023-11-30,26.0,950000000.0,24700000000.0,5584670000.0
REEDR,2023-12-29,21.56,950000000.0,20481999492.64526,4630980085.287093
REEDR,2024-01-31,27.48,950000000.0,26105999565.12451,5902566501.674652
REEDR,2024-02-29,69.2,950000000.0,65739997100.83008,14863813344.49768
REEDR,2024-03-29,50.8,950000000.0,48259999275.20752,10911585836.12442
REEDR,2024-04-30,41.7,950000000.0,39615000724.79248,8956951663.87558
REEDR,2024-05-31,36.7,950000000.0,34865000724.79248,7882976663.87558
REEDR,2024-06-28,35.6,950000000.0,33819998550.41504,7646701672.248841
REEDR,2024-07-31,37.44,950000000.0,35567998695.37354,8041924505.023957
REEDR,2024-08-29,33.92,950000000.0,32223998260.49805,7282623606.872559
REEDR,2024-09-30,25.62,950000000.0,24339000797.27173,5498180280.103684
REEDR,2024-10-31,22.1,950000000.0,20995000362.39624,6141037606.0009
REEDR,2024-11-29,14.78,950000000.0,14040999746.32263,5332771703.653335
REEDR,2024-12-31,14.35,950000000.0,13632500362.39624,5198072388.181686
REEDR,2025-01-31,13.55,950000000.0,12872500181.19812,4908284319.090843
REEDR,2025-02-28,11.83,950000000.0,11238499927.52075,4285240022.363662
REEDR,2025-03-28,12.91,950000000.0,12264499855.0415,4664189294.872282
REEDR,2025-04-30,11.39,950000000.0,10820500326.15662,4113954224.004747
REEDR,2025-05-30,11.48,950000000.0,10905999565.12451,4146461034.660339
REEDR,2025-06-30,9.16,950000000.0,8701999855.0415,3885442935.27603
REEDR,2025-07-31,10.24,950000000.0,9727999782.56226,4756991893.672945
REEDR,2025-08-29,10.27,950000000.0,9756500434.87549,4769953062.610627
REEDR,2025-09-30,10.57,950000000.0,10041499710.08301,4909289208.259584
REEDR,2025-10-31,10.16,950000000.0,9651999855.0415,4717897529.144285
REEDR,2025-11-28,7.34,950000000.0,6973000144.9585,4339995290.22217
REEDR,2025-12-31,6.61,950000000.0,6279500126.83868,3891406228.60193
REEDR,2026-01-30,7.0,950000000.0,6650000000.0,4111030000.0
REEDR,2026-02-27,6.45,950000000.0,6127499818.80188,3786794888.019562
REEDR,2026-03-31,7.71,950000000.0,7324500036.23962,4529470822.410581
REEDR,2026-04-30,7.62,950000000.0,7238999891.28113,4476597532.768251
REEDR,2026-05-26,7.09,950000000.0,6735500144.9585,4167253939.685824
REEDR,2026-06-30,6.49,950000000.0,6165499782.56226,3849121514.253619
REEDR,2026-07-21,6.88,950000000.0,6536000108.71887,4079117667.851447
SAHOL,2016-07-29,6.3069,2040403931.0,18179998713.86907,7999199434.102391
SAHOL,2016-08-31,6.4627,2040403931.0,18628888123.5357,8196710774.355708
SAHOL,2016-09-30,6.5759,2040403931.0,18955352441.15477,8340355074.108099
SAHOL,2016-10-31,6.6184,2040403931.0,19077777533.20233,8394222114.609025
SAHOL,2016-11-30,6.2008,2040403931.0,17873938902.5714,7864533117.131416
SAHOL,2016-12-30,6.4768,2040403931.0,18669695190.29767,8214665883.730975
SAHOL,2017-01-31,7.0643,2040403931.0,20363230297.3572,8959821330.837168
SAHOL,2017-02-28,7.1281,2040403931.0,20546866962.48814,9040621463.494781
SAHOL,2017-03-31,7.0785,2040403931.0,20404039310.0,8977777296.4
SAHOL,2017-04-28,7.6419,2040403931.0,21587473434.30953,9498488311.096193
SAHOL,2017-05-31,7.7286,2040403931.0,21832321672.52383,9606221535.910484
SAHOL,2017-06-30,7.8947,2040403931.0,22301615588.51186,9812710858.945217
SAHOL,2017-07-31,7.808,2040403931.0,22056767350.29756,9704977634.130926
SAHOL,2017-08-31,7.6563,2040403931.0,21628282446.95233,9516444276.659025
SAHOL,2017-09-29,7.2374,2040403931.0,20444848322.6428,8995733261.962831
SAHOL,2017-10-31,7.613,2040403931.0,21505857354.90477,9462577236.158098
SAHOL,2017-11-30,7.3458,2040403931.0,20750908133.94047,9130399578.933807
SAHOL,2017-12-29,8.0319,2040403931.0,22689291479.2143,9983288250.854292
SAHOL,2018-01-31,8.2847,2040403931.0,23403433633.41663,10297510798.703318
SAHOL,2018-02-28,7.7575,2040403931.0,21913937751.9286,9642132610.848583
SAHOL,2018-03-30,7.5841,2040403931.0,21424241275.5,9426666161.22
SAHOL,2018-04-30,7.1535,2040403931.0,19628685582.7143,8636621656.394293
SAHOL,2018-05-31,6.9378,2040403931.0,19036968520.55953,8376266149.046193
SAHOL,2018-06-29,6.566,2040403931.0,18016766555.05953,7927377284.226193
SAHOL,2018-07-31,6.3132,2040403931.0,17323028907.1786,8107177528.559585
SAHOL,2018-08-31,5.2945,2040403931.0,14527675755.2143,6800405021.015814
SAHOL,2018-09-28,5.6737,2040403931.0,15568282227.0357,7285956082.252708
SAHOL,2018-10-31,5.2945,2040403931.0,14527675755.2143,6798952253.440292
SAHOL,2018-11-30,6.1199,2040403931.0,16792523418.1072,7860580212.01598
SAHOL,2018-12-31,5.5919,2040403931.0,15343837522.20238,7182450344.142934
SAHOL,2019-01-31,6.9676,2040403931.0,19118584599.9643,8949409451.24329
SAHOL,2019-02-28,6.7891,2040403931.0,18628888123.5357,8720182530.627062
SAHOL,2019-03-29,5.8298,2040403931.0,15996767130.38093,7488086693.731313
SAHOL,2019-04-30,5.9533,2040403931.0,15711109879.52383,7503626078.460581
SAHOL,2019-05-31,5.9919,2040403931.0,15813130465.25,7552351110.2034
SAHOL,2019-06-28,6.6414,2040403931.0,17527070078.63093,8370928669.554132
SAHOL,2019-07-31,7.631,2040403931.0,20138786565.4643,9618284463.66575
SAHOL,2019-08-29,6.7805,2040403931.0,17894343408.8928,8517707462.632973
SAHOL,2019-09-30,7.399,2040403931.0,19526664996.98814,9294692538.566355
SAHOL,2019-10-31,6.394,2040403931.0,16874141443.3928,8032091327.054973
SAHOL,2019-11-29,7.0357,2040403931.0,18567676550.45233,8838214038.015308
SAHOL,2019-12-31,7.3759,2040403931.0,19465453423.90477,9403760549.088394
SAHOL,2020-01-31,7.5382,2040403931.0,19893938327.25,9610761605.894476
SAHOL,2020-02-28,6.5795,2040403931.0,17363837919.8214,8209622568.491558
SAHOL,2020-03-31,5.7909,2040403931.0,15282624976.1786,7225625088.737242
SAHOL,2020-04-30,6.6159,2040403931.0,16690504778.26186,7889601608.684381
SAHOL,2020-05-29,6.7129,2040403931.0,16935353016.47617,8007034906.189933
SAHOL,2020-06-30,7.4732,2040403931.0,18853331855.4286,8921396633.988813
SAHOL,2020-07-30,6.7776,2040403931.0,17098585175.2857,8101309656.050365
SAHOL,2020-08-31,6.2519,2040403931.0,15772322425.54762,7479235294.194681
SAHOL,2020-09-30,6.7291,2040403931.0,16976160083.23814,8050095111.471526
SAHOL,2020-10-30,6.6563,2040403931.0,16792523418.1072,7971410866.575488
SAHOL,2020-11-30,7.7967,2040403931.0,19669494595.3571,9354811629.551838
SAHOL,2020-12-31,9.2687,2040403931.0,23383029127.09523,11347784035.379314
SAHOL,2021-01-29,8.5165,2040403931.0,21485452848.58337,10426890267.41751
SAHOL,2021-02-26,8.4761,2040403931.0,21383432262.8572,10501403584.289171
SAHOL,2021-03-31,6.9555,2040403931.0,17547474584.95233,8617564768.67009
SAHOL,2021-04-30,6.8007,2040403931.0,16506868113.13093,8106522930.3586
SAHOL,2021-05-31,7.4479,2040403931.0,18077978128.1429,8878095058.730978
SAHOL,2021-06-30,7.4732,2040403931.0,18139191647.1071,8908157017.894297
SAHOL,2021-07-30,7.9691,2040403931.0,19343028331.8572,9499361213.77507
SAHOL,2021-08-31,8.835,2040403931.0,21444645781.8214,10529321078.874308
SAHOL,2021-09-30,8.2297,2040403931.0,19975554406.65477,9807997213.667492
SAHOL,2021-10-28,9.3478,2040403931.0,22689291479.2143,11142711045.442142
SAHOL,2021-11-30,10.8777,2040403931.0,26402826010.95244,12966427853.978743
SAHOL,2021-12-31,11.1215,2040403931.0,26994543073.1072,13257020103.202946
SAHOL,2022-01-31,12.7691,2040403931.0,30993734855.70244,15221023187.635468
SAHOL,2022-02-28,13.0633,2040403931.0,31707877009.90477,15571738399.564234
SAHOL,2022-03-31,14.753,2040403931.0,35809087432.34534,17585842838.024796
SAHOL,2022-04-29,17.5982,2040403931.0,40889696645.28559,20089107961.82881
SAHOL,2022-05-31,18.6344,2040403931.0,43297370014.7858,21271997888.264263
SAHOL,2022-06-30,16.6059,2040403931.0,38584038023.86906,18956337881.12687
SAHOL,2022-07-29,17.4489,2040403931.0,40542827821.34512,19918691308.626858
SAHOL,2022-08-31,22.3578,2040403931.0,51948682215.21441,25522387572.33484
SAHOL,2022-09-30,22.6388,2040403931.0,52601614742.2142,25843173322.849834
SAHOL,2022-10-31,29.4533,2040403931.0,68435149713.78559,33895929653.238003
SAHOL,2022-11-30,36.8298,2040403931.0,85574538064.07161,42444970879.77952
SAHOL,2022-12-30,39.5872,2040403931.0,91981412945.57118,45622780821.0033
SAHOL,2023-01-31,34.2656,2040403931.0,79616562321.64279,39561469817.624306
SAHOL,2023-02-28,38.27,2040403931.0,88920807049.07118,44211425264.79819
SAHOL,2023-03-31,34.7398,2040403931.0,80718382312.42839,40690136523.69515
SAHOL,2023-04-28,35.0981,2040403931.0,77943431720.90466,39291283930.50804
SAHOL,2023-05-31,35.4656,2040403931.0,78759588623.19067,39702708624.95042
SAHOL,2023-06-27,42.2831,2040403931.0,93899389838.64279,47334682417.65983
SAHOL,2023-07-31,52.9228,2040403931.0,117527263312.19067,59245493435.675316
SAHOL,2023-08-31,54.9442,2040403931.0,122016153517.09534,61520544603.31947
SAHOL,2023-09-29,54.8523,2040403931.0,121812116237.40466,61478575065.018135
SAHOL,2023-10-31,49.1557,2040403931.0,109161610308.5,55093864722.69995
SAHOL,2023-11-30,56.0008,2040403931.0,124362621151.15466,62753378632.87264
SAHOL,2023-12-29,55.5414,2040403931.0,123342419185.65466,62238584721.081345
SAHOL,2024-01-31,66.7048,2040403931.0,148133322277.19067,74748074421.07042
SAHOL,2024-02-29,73.0445,2100375969.18,166979889549.81,85677381328.0075
SAHOL,2024-03-29,75.8009,2100375969.18,173281017457.35,89014458667.8407
SAHOL,2024-04-30,84.8051,2100375969.18,193864708365.15277,101313696591.62885
SAHOL,2024-05-31,92.7231,2100375969.18,205206725779.04724,107918217087.20094
SAHOL,2024-06-28,91.5843,2100375969.18,202686281025.87,107788564249.55766
SAHOL,2024-07-31,94.2891,2100375969.18,208672349333.11362,110971955375.34982
SAHOL,2024-08-29,83.5173,2100375969.18,184833085287.84,98294234756.07332
SAHOL,2024-09-30,92.391,2100375969.18,204471597394.75363,108840231293.22736
SAHOL,2024-10-31,79.0092,2100375969.18,174856299434.23502,93076008188.8433
SAHOL,2024-11-29,85.8899,2100375969.18,190084025210.79,101181726619.70352
SAHOL,2024-12-31,91.1097,2100375969.18,201636093041.28,107330892325.87334
SAHOL,2025-01-31,94.8111,2100375969.18,209827562526.0014,111691211532.59055
SAHOL,2025-02-28,91.869,2100375969.18,203316400226.46277,108225319840.54613
SAHOL,2025-03-28,79.7685,2100375969.18,176536606619.4178,93952782042.85414
SAHOL,2025-04-30,72.0918,2100375969.18,153852539742.435,81895706904.89815
SAHOL,2025-05-30,76.0778,2100375969.18,162359068827.4528,86423732336.85312
SAHOL,2025-06-30,88.2325,2100375969.18,188298708841.9064,100231402716.54678
SAHOL,2025-07-31,93.8424,2100375969.18,200270845456.39362,106604171036.43832
SAHOL,2025-08-29,92.7105,2100375969.18,197855409886.91724,105298649141.81735
SAHOL,2025-09-30,85.4276,2100375969.18,182312640534.66278,97045018556.601
SAHOL,2025-10-31,80.2606,2100375969.18,171285666696.46777,91123974682.52086
SAHOL,2025-11-28,80.605,2100375969.18,172020795080.76138,91480658823.9489
SAHOL,2025-12-31,82.9179,2100375969.18,176956675403.415,94105559979.5361
SAHOL,2026-01-30,107.7686,2100375969.18,229991168625.21002,122424299059.1993
SAHOL,2026-02-27,99.2062,2100375969.18,211717904103.18277,112739783934.94482
SAHOL,2026-03-31,87.9864,2100375969.18,187773614849.6114,100346219775.63232
SAHOL,2026-04-30,95.65,2100375969.18,200900964656.9864,107682917056.1447
SAHOL,2026-05-26,92.0,2100375969.18,193234589164.56,103573739792.20416
SAHOL,2026-06-30,97.5,2100375969.18,204786656995.05002,106755284291.51958
SAHOL,2026-07-21,88.4,2100375969.18,185673238880.4314,96791459428.3689
SARKY,2016-07-29,0.2984,125000000.0,388749986.88698,322662489.116193
SARKY,2016-08-31,0.286,125000000.0,372500002.38419,309175001.978878
SARKY,2016-09-30,0.286,125000000.0,372500002.38419,309175001.978878
SARKY,2016-10-31,0.2965,125000000.0,386249989.27116,320587491.095063
SARKY,2016-11-30,0.2888,125000000.0,376249998.80791,312287499.010565
SARKY,2016-12-30,0.2927,125000000.0,381249994.03954,316437495.052818
SARKY,2017-01-31,0.3176,125000000.0,413749992.84744,343412494.063375
SARKY,2017-02-28,0.3455,125000000.0,449999988.07907,373499990.105628
SARKY,2017-03-31,0.3647,125000000.0,474999994.03954,394249995.052818
SARKY,2017-04-28,0.376,125000000.0,473749995.23163,393212496.042253
SARKY,2017-05-31,0.4334,200000000.0,546000003.8147,453180003.166201
SARKY,2017-06-30,0.4461,200000000.0,561999988.55591,466459990.501405
SARKY,2017-07-31,0.4699,200000000.0,592000007.62939,491360006.332394
SARKY,2017-08-31,0.4667,200000000.0,588000011.44409,488040009.498595
SARKY,2017-09-29,0.4302,200000000.0,542000007.62939,449860006.332394
SARKY,2017-10-31,0.4651,200000000.0,586000013.35144,486380011.081695
SARKY,2017-11-30,0.4318,200000000.0,544000005.72205,451520004.749302
SARKY,2017-12-29,0.5239,200000000.0,659999990.46326,547799992.084506
SARKY,2018-01-31,0.5223,200000000.0,657999992.37061,546139993.667606
SARKY,2018-02-28,0.5191,200000000.0,653999996.1853,542819996.833799
SARKY,2018-03-30,0.562,200000000.0,707999992.37061,587639993.667606
SARKY,2018-04-30,0.554,200000000.0,698000001.90735,481620001.316072
SARKY,2018-05-31,0.5429,200000000.0,684000015.25879,471960010.528565
SARKY,2018-06-29,0.5616,200000000.0,671999979.01917,463679985.523227
SARKY,2018-07-31,0.5382,200000000.0,644000005.72205,440560403.914454
SARKY,2018-08-31,0.5265,200000000.0,630000019.07349,431046013.050082
SARKY,2018-09-28,0.6,200000000.0,717999982.83386,491111988.25836
SARKY,2018-10-31,0.5482,200000000.0,655999994.27795,448703996.086118
SARKY,2018-11-30,0.58,200000000.0,694000005.72205,573452204.72813
SARKY,2018-12-31,0.5699,200000000.0,682000017.16614,570015614.34746
SARKY,2019-01-31,0.5749,200000000.0,688000011.44409,574892809.562682
SARKY,2019-02-28,0.5866,200000000.0,701999998.09265,586591198.406218
SARKY,2019-03-29,0.5432,200000000.0,650000000.0,542880000.0
SARKY,2019-04-30,0.5415,200000000.0,648000001.90735,540108001.589776
SARKY,2019-05-31,0.5785,200000000.0,638000011.44409,531454009.532927
SARKY,2019-06-28,0.5984,200000000.0,659999990.46326,548789992.070201
SARKY,2019-07-31,0.6565,200000000.0,723999977.11182,601643980.979922
SARKY,2019-08-29,0.6166,200000000.0,680000019.07349,565080015.85007
SARKY,2019-09-30,0.6547,200000000.0,721999979.01917,599981982.56493
SARKY,2019-10-31,0.6692,200000000.0,738000011.44409,612687609.500884
SARKY,2019-11-29,0.7073,200000000.0,780000019.07349,645762015.790942
SARKY,2019-12-31,0.8759,200000000.0,965999984.74121,799364987.373351
SARKY,2020-01-31,1.1189,200000000.0,1234000015.25879,1021135012.626649
SARKY,2020-02-28,0.9122,200000000.0,1006000041.96167,832565634.727478
SARKY,2020-03-31,0.8795,200000000.0,969999980.92651,802286984.224316
SARKY,2020-04-30,1.0028,200000000.0,1106000041.96167,914772634.706497
SARKY,2020-05-29,1.0192,200000000.0,1123999977.11182,929660381.069186
SARKY,2020-06-30,1.2404,200000000.0,1368000030.51758,1131472825.24109
SARKY,2020-07-30,1.2515,200000000.0,1361999988.55591,1126510190.534593
SARKY,2020-08-31,1.2625,300000000.0,1373999977.11182,1136435381.069186
SARKY,2020-09-30,1.8525,300000000.0,2015999937.0575,1666425547.97173
SARKY,2020-10-30,1.8166,300000000.0,1977000045.77637,1633397437.820437
SARKY,2020-11-30,1.9159,300000000.0,2084999942.77954,1722626952.724456
SARKY,2020-12-31,2.4369,300000000.0,2652000045.77637,2175170437.545779
SARKY,2021-01-29,2.6271,300000000.0,2858999919.89136,2344951734.294893
SARKY,2021-02-26,2.9,300000000.0,3156000137.3291,2588866912.651061
SARKY,2021-03-31,3.7022,300000000.0,4029000091.55273,3304988775.100704
SARKY,2021-04-30,4.1349,300000000.0,4500000000.0,3690450000.0
SARKY,2021-05-31,4.1691,300000000.0,4464000034.33228,3660480028.15247
SARKY,2021-06-30,3.4238,300000000.0,3666000080.10864,3006120065.689085
SARKY,2021-07-30,3.4266,300000000.0,3668999862.6709,3008579887.390138
SARKY,2021-08-31,3.7544,300000000.0,4019999885.55908,3296399906.158446
SARKY,2021-09-30,3.4883,300000000.0,3734999942.77954,3063073453.073501
SARKY,2021-10-28,5.1778,300000000.0,5543999862.6709,4609835885.810853
SARKY,2021-11-30,5.4215,300000000.0,5805000114.44092,4826857595.157625
SARKY,2021-12-31,5.5476,300000000.0,5939999771.11816,4939703809.661862
SARKY,2022-01-31,5.0937,300000000.0,5454000091.55273,4535546476.13525
SARKY,2022-02-28,4.7631,300000000.0,5100000000.0,4241160000.0
SARKY,2022-03-31,5.4355,300000000.0,5819999885.55908,4839911904.830931
SARKY,2022-04-29,5.3788,300000000.0,5672999954.22363,4717666761.932371
SARKY,2022-05-31,5.4898,300000000.0,5789999771.11816,4814963809.661862
SARKY,2022-06-30,4.9948,400000000.0,5268000030.51758,4380868825.37842
SARKY,2022-07-29,5.2603,400000000.0,5547999954.22363,4613716761.932371
SARKY,2022-08-31,5.9733,400000000.0,6300000000.0,5239080000.0
SARKY,2022-09-30,6.5043,400000000.0,6859999847.41211,5704775873.107911
SARKY,2022-10-31,8.9581,400000000.0,9448000335.69336,7736967474.899293
SARKY,2022-11-30,11.8708,400000000.0,12519999694.82422,10252627750.091555
SARKY,2022-12-30,11.9922,400000000.0,12648000335.69336,10357447474.899294
SARKY,2023-01-31,10.0352,400000000.0,10583999633.78906,8667237300.109861
SARKY,2023-02-28,12.69,400000000.0,13383999633.78906,10960157300.109861
SARKY,2023-03-31,11.6053,400000000.0,12240000152.58789,10007424124.75586
SARKY,2023-04-28,11.0213,400000000.0,11623999786.37695,9503782225.341793
SARKY,2023-05-31,11.7646,400000000.0,12408000183.10547,10137336149.59717
SARKY,2023-06-27,13.09,500000000.0,13699999809.26514,11192899844.169619
SARKY,2023-07-31,13.9882,500000000.0,14640000343.32275,11960880280.494686
SARKY,2023-08-31,18.0011,500000000.0,18840000152.58789,15392280124.664307
SARKY,2023-09-29,19.0999,500000000.0,19989999771.11816,16319835813.140865
SARKY,2023-10-31,15.0774,500000000.0,15779999732.97119,12882791781.99768
SARKY,2023-11-30,14.3417,500000000.0,15010000228.88184,12251162186.813358
SARKY,2023-12-29,13.5104,500000000.0,14140000343.32275,11541068280.22003
SARKY,2024-01-31,14.5328,500000000.0,15210000038.14697,12412881031.131742
SARKY,2024-02-29,16.224,500000000.0,16979999542.23633,13838699626.92261
SARKY,2024-03-29,14.8576,500000000.0,15550000190.73486,12688800155.639647
SARKY,2024-04-30,16.1571,500000000.0,16909999847.41211,13803632875.442505
SARKY,2024-05-31,15.5456,500000000.0,16270000457.76367,13271439373.397825
SARKY,2024-06-28,17.2774,500000000.0,17850000381.46973,14565600311.2793
SARKY,2024-07-31,16.0578,500000000.0,16590000152.58789,13535781124.496458
SARKY,2024-08-29,13.6129,600000000.0,14064000320.43457,11481849861.602783
SARKY,2024-09-30,13.9613,600000000.0,14424000549.31641,11777196448.51685
SARKY,2024-10-31,12.4514,600000000.0,12864000320.43457,10503456261.634827
SARKY,2024-11-29,11.1098,600000000.0,11477999496.45996,9380968988.456724
SARKY,2024-12-31,10.9704,600000000.0,11333999633.78906,9264411300.659178
SARKY,2025-01-31,10.5929,600000000.0,10943999862.6709,8941247887.802126
SARKY,2025-02-28,10.2968,600000000.0,10637999725.3418,8691245775.604252
SARKY,2025-03-28,12.1958,600000000.0,12600000000.0,10290420000.0
SARKY,2025-04-30,11.1599,600000000.0,11285999679.56543,9217275938.301086
SARKY,2025-05-30,10.3471,600000000.0,10464000320.43457,8549088261.795044
SARKY,2025-06-30,10.6852,600000000.0,10806000137.3291,8820937912.101744
SARKY,2025-07-31,11.7947,600000000.0,11927999496.45996,9733247589.111326
SARKY,2025-08-29,12.9813,600000000.0,13127999496.45996,10716385988.960264
SARKY,2025-09-30,14.8422,1000000000.0,15010000228.88184,12254164186.859135
SARKY,2025-10-31,15.129,1000000000.0,15300000190.73486,12518460156.059261
SARKY,2025-11-28,14.7928,1000000000.0,14960000038.14697,12244760031.223295
SARKY,2025-12-31,17.7593,1000000000.0,17959999084.47266,15057663232.421879
SARKY,2026-01-30,45.921,1000000000.0,46439998626.70898,38935294848.63281
SARKY,2026-02-27,36.6458,1000000000.0,37060001373.29102,31074811151.50452
SARKY,2026-03-31,26.6785,1000000000.0,26979999542.23633,22628125616.07361
SARKY,2026-04-30,26.1643,1000000000.0,26459999084.47266,22284611228.942875
SARKY,2026-05-26,28.72,1000000000.0,28719999313.35449,24391895416.831966
SARKY,2026-06-30,26.56,1000000000.0,26559999465.94238,22554751546.478268
SARKY,2026-07-21,25.82,1000000000.0,25819999694.82422,21923761740.875244
SASA,2016-07-29,0.0189,266300000.0,857486007.6189,154347481.371402
SASA,2016-08-31,0.0151,266300000.0,687053979.68292,123669716.342926
SASA,2016-09-30,0.0147,266300000.0,668412997.46037,120314339.542867
SASA,2016-10-31,0.0149,366300000.0,677655008.73327,121977901.571989
SASA,2016-11-30,0.0152,366300000.0,692306994.76004,124615259.056807
SASA,2016-12-30,0.0224,366300000.0,1018313989.52007,183296518.113613
SASA,2017-01-31,0.0243,366300000.0,1106225993.01338,199120678.742408
SASA,2017-02-28,0.0259,366300000.0,1175823013.97324,211648142.515183
SASA,2017-03-31,0.0322,366300000.0,1465200000.0,263736000.0
SASA,2017-04-28,0.0436,412500000.0,1868625086.54594,336352515.578269
SASA,2017-05-31,0.0595,412500000.0,2549249929.18968,458864987.254142
SASA,2017-06-30,0.0692,412500000.0,2961749929.18968,533114987.254142
SASA,2017-07-31,0.0783,412500000.0,3353625047.20688,603652508.497238
SASA,2017-08-31,0.0774,412500000.0,3316499984.26437,596969997.167587
SASA,2017-09-29,0.0687,412500000.0,2941125047.20688,529402508.497238
SASA,2017-10-31,0.0652,412500000.0,2792624992.13219,502672498.583794
SASA,2017-11-30,0.0687,412500000.0,2941125047.20688,529402508.497238
SASA,2017-12-29,0.1107,412500000.0,4739624905.58624,853132483.005523
SASA,2018-01-31,0.1129,412500000.0,4834500110.14938,870210019.826888
SASA,2018-02-28,0.0997,412500000.0,4269375157.35626,768487528.324127
SASA,2018-03-30,0.1437,412500000.0,6154500031.47125,1107810005.664825
SASA,2018-04-30,0.1285,412500000.0,5502750062.9425,990495011.32965
SASA,2018-05-31,0.1502,605000000.0,6431150069.23676,1157607012.462617
SASA,2018-06-29,0.1321,605000000.0,5656750230.78918,1018215041.542052
SASA,2018-07-31,0.1378,605000000.0,5898750000.0,895430250.0
SASA,2018-08-31,0.1332,605000000.0,5705150184.63135,866041798.027039
SASA,2018-09-28,0.1433,605000000.0,6134700207.71027,931247491.530419
SASA,2018-10-31,0.1173,605000000.0,5021500115.39459,762263717.516899
SASA,2018-11-30,0.1355,605000000.0,5801950092.31567,880736024.013519
SASA,2018-12-31,0.1157,605000000.0,4954949746.1319,752161371.462822
SASA,2019-01-31,0.1225,605000000.0,5245350046.15784,796244137.00676
SASA,2019-02-28,0.1214,605000000.0,5196950092.31567,789416719.02275
SASA,2019-03-29,0.1129,605000000.0,4833949861.52649,734276983.965874
SASA,2019-04-30,0.1177,830000000.0,5038100142.47894,765287411.642551
SASA,2019-05-31,0.1208,830000000.0,5170900015.83099,785459712.404727
SASA,2019-06-28,0.1343,830000000.0,5536100063.32397,840933599.618911
SASA,2019-07-31,0.124,830000000.0,5112799873.35205,776634300.762176
SASA,2019-08-29,0.117,830000000.0,4822299952.50702,732507362.785816
SASA,2019-09-30,0.1285,830000000.0,5295400094.98596,804371274.428367
SASA,2019-10-31,0.1402,830000000.0,5776800031.66199,877495924.809456
SASA,2019-11-29,0.1283,830000000.0,5287099905.01404,802581765.581131
SASA,2019-12-31,0.1557,830000000.0,6415900015.83099,974575212.404727
SASA,2020-01-31,0.1641,830000000.0,6764499683.38013,1027527501.905442
SASA,2020-02-28,0.1756,830000000.0,7237600221.63391,1099391473.666191
SASA,2020-03-31,0.1766,830000000.0,7279100379.94385,1105695347.713471
SASA,2020-04-30,0.1758,830000000.0,7245899620.05615,1100652152.286529
SASA,2020-05-29,0.2054,830000000.0,8465999841.69006,1285985375.95272
SASA,2020-06-30,0.2175,830000000.0,8964000158.30994,1361631624.04728
SASA,2020-07-30,0.2725,830000000.0,11229899778.36609,1705821776.333809
SASA,2020-08-31,0.3037,830000000.0,12516399936.67603,1901241150.381089
SASA,2020-09-30,0.3361,830000000.0,13852700443.26782,2104225197.332382
SASA,2020-10-30,0.3081,830000000.0,12699000158.30994,1928978124.04728
SASA,2020-11-30,0.3284,830000000.0,13537299556.73218,2056315802.667618
SASA,2020-12-31,0.4072,830000000.0,16782599430.08423,2549276853.429795
SASA,2021-01-29,0.5155,830000000.0,21248000316.61987,3227571248.094558
SASA,2021-02-26,0.8128,830000000.0,33498800506.5918,5088467796.951294
SASA,2021-03-31,0.9086,830000000.0,37449599113.46436,5688594105.335236
SASA,2021-04-30,0.9728,1120000000.0,40095999145.50781,6090582270.202636
SASA,2021-05-31,0.8375,1120000000.0,34518399658.20313,5243344908.081055
SASA,2021-06-30,0.7386,1120000000.0,30441600341.79688,6039613507.812501
SASA,2021-07-30,0.7837,1120000000.0,32300800170.89844,6408478753.90625
SASA,2021-08-31,0.7467,1120000000.0,30777599487.30469,6035487259.46045
SASA,2021-09-30,0.725,1120000000.0,29881600341.79688,5859781827.026368
SASA,2021-10-28,0.8435,1120000000.0,34764801025.39063,6817377481.079103
SASA,2021-11-30,1.1793,1120000000.0,48608001708.98438,9532029135.131838
SASA,2021-12-31,1.4361,1120000000.0,59191998291.01563,11607550864.868164
SASA,2022-01-31,1.2739,1120000000.0,52505601196.28906,10296348394.592285
SASA,2022-02-28,1.2625,1120000000.0,52035198974.60938,10204102518.920898
SASA,2022-03-31,1.6182,1120000000.0,66695999145.50781,13079085432.434082
SASA,2022-04-29,1.7391,1120000000.0,71680000000.0,14056448000.0
SASA,2022-05-31,1.9826,2240000000.0,81715198974.60938,16024350518.920898
SASA,2022-06-30,2.2196,2240000000.0,91481600341.79688,17939541827.026367
SASA,2022-07-29,2.4174,2240000000.0,99635198974.60938,19538462518.9209
SASA,2022-08-31,2.9076,2240000000.0,119840000000.0,23500624000.0
SASA,2022-09-30,3.7065,2240000000.0,152767993164.0625,29957803459.472656
SASA,2022-10-31,6.5326,2240000000.0,269247993164.0625,55707409785.64453
SASA,2022-11-30,7.0489,2255830245.0,292581175892.25244,62173499877.103645
SASA,2022-12-30,5.9783,2263633096.0,248999640560.0,53858622253.128
SASA,2023-01-31,5.4511,2302591217.0,230949906092.05072,53026098438.73485
SASA,2023-02-28,5.9783,2302591217.0,253285033870.0,58154243776.552
SASA,2023-03-31,5.4565,2302591217.0,231180161700.27536,53078965126.383224
SASA,2023-04-28,5.413,2302591217.0,229338081699.72464,52656023558.256775
SASA,2023-05-31,6.75,5295959799.1,285981829151.4,65661427973.161446
SASA,2023-06-27,7.1188,5295959799.1,301604914599.2417,73048710315.93634
SASA,2023-07-31,7.6188,5295959799.1,322788753795.6417,78179436169.30443
SASA,2023-08-31,6.5938,5298542110.1,279498096307.775,67806238164.26622
SASA,2023-09-29,6.1475,5298542110.1,260582302591.70474,66109730167.515495
SASA,2023-10-31,5.345,5321653794.1,227553907303.49683,57730426282.89715
SASA,2023-11-30,6.235,5321653794.1,265444096933.8475,56141426501.50874
SASA,2023-12-29,4.555,5321653794.1,193921056948.82468,47122816838.5644
SASA,2024-01-31,4.8125,5321653794.1,204883671072.85,49131104323.26943
SASA,2024-02-29,4.945,5321653794.1,210524631402.77536,50399596757.824425
SASA,2024-03-29,5.3475,5321653794.1,227660342815.4386,54479120035.73446
SASA,2024-04-30,5.16,5321653794.1,219677862124.2886,52568912406.34226
SASA,2024-05-31,5.4975,5410014118.1,237932418437.5301,56009291300.19458
SASA,2024-06-28,5.485,5410014118.1,237391425280.74652,55905680653.61581
SASA,2024-07-31,5.8125,5410014118.1,251565656491.65002,59218555538.134415
SASA,2024-08-29,4.92,43280112944.8,212938158990.42657,50125642626.34641
SASA,2024-09-30,4.3,43280112944.8,186104493917.66644,43808997868.21868
SASA,2024-10-31,3.85,43280112944.8,166628430709.9668,39224332589.12618
SASA,2024-11-29,4.05,43280112944.8,175284465681.46643,41244434774.84905
SASA,2024-12-31,4.07,43815615361.0,178329562040.71887,41461623174.46714
SASA,2025-01-31,3.66,43815615361.0,160365155981.98444,37284898765.81138
SASA,2025-02-28,3.53,43815615361.0,154669120970.7552,35960570625.700584
SASA,2025-03-28,3.74,43815615361.0,163870401867.99826,38099868434.30959
SASA,2025-04-30,4.23,43815615361.0,185340053812.74655,43091562511.46357
SASA,2025-05-30,3.28,43815615361.0,143715217130.5052,37337213410.50525
SASA,2025-06-30,3.06,43815615361.0,134075780497.51038,35221707536.69598
SASA,2025-07-31,3.12,43815615361.0,136704714912.02075,35912328607.38785
SASA,2025-08-29,4.69,43815615361.0,205495238550.23962,53983599167.14795
SASA,2025-09-30,3.75,43815615361.0,164308557603.75,43163858082.50513
SASA,2025-10-31,3.07,43815615361.0,134513936233.26212,40999847763.89829
SASA,2025-11-28,2.92,43815615361.0,127941600196.98616,38996599740.04138
SASA,2025-12-31,2.78,43815615361.0,121807409450.00519,37918646561.78661
SASA,2026-01-30,2.55,43815615361.0,111729817081.25865,47440480332.70242
SASA,2026-02-27,2.47,43815615361.0,108224571195.24481,46190246986.130486
SASA,2026-03-31,2.34,43815615361.0,102528536184.01556,47850067837.08006
SASA,2026-04-30,3.14,43815615361.0,137581036829.981,66038897678.39088
SASA,2026-05-26,2.64,46255615356.8,122114829394.35916,62901348621.0344
SASA,2026-06-30,2.45,47040878514.69,115250154604.07439,58282003183.28042
SASA,2026-07-21,2.51,52501931146.27,131779846676.44026,59024193326.377594
SISE,2016-07-29,2.4498,2050000000.0,6887999784.94644,2341919926.88179
SISE,2016-08-31,2.4935,2050000000.0,7011000156.40259,2383740053.176881
SISE,2016-09-30,2.3185,2050000000.0,6519000136.85226,2216460046.529768
SISE,2016-10-31,2.3696,2050000000.0,6662500000.0,2265250000.0
SISE,2016-11-30,2.4206,2050000000.0,6805999863.14774,2314039953.470232
SISE,2016-12-30,2.7924,2050000000.0,7851499843.59741,2669509946.823119
SISE,2017-01-31,2.9455,2050000000.0,8281999921.79871,2815879973.411561
SISE,2017-02-28,2.8581,2050000000.0,8036000156.40259,2732240053.176881
SISE,2017-03-31,3.0403,2050000000.0,8548500156.40259,2906490053.176881
SISE,2017-04-28,3.2518,2050000000.0,9143000078.20129,3108620026.588439
SISE,2017-05-31,3.523,2050000000.0,9655500078.20129,3282870026.588439
SISE,2017-06-30,3.4407,2050000000.0,9429999804.49677,3206199933.528902
SISE,2017-07-31,3.6943,2250000000.0,10125000000.0,3442500000.0
SISE,2017-08-31,3.645,2250000000.0,9990000128.74603,3396600043.77365
SISE,2017-09-29,3.3659,2250000000.0,9224999785.42328,3136499927.043915
SISE,2017-10-31,3.6532,2250000000.0,10012499570.84656,3404249854.08783
SISE,2017-11-30,3.4398,2250000000.0,9427500128.74603,3205350043.77365
SISE,2017-12-29,3.8585,2250000000.0,10574999570.84656,3595499854.08783
SISE,2018-01-31,4.1048,2250000000.0,11250000000.0,3825000000.0
SISE,2018-02-28,3.9242,2250000000.0,10755000472.06879,3656700160.503389
SISE,2018-03-30,4.2361,2250000000.0,11609999656.67725,3947399883.270265
SISE,2018-04-30,3.7025,2250000000.0,10147500514.98413,3450150175.094604
SISE,2018-05-31,3.3756,2250000000.0,8955000042.91534,3044700014.591216
SISE,2018-06-29,3.5876,2250000000.0,9517500042.91534,3235950014.591216
SISE,2018-07-31,4.2407,2250000000.0,11250000000.0,3807000000.0
SISE,2018-08-31,5.2245,2250000000.0,13859999656.67725,4688837883.853914
SISE,2018-09-28,4.9531,2250000000.0,13140000343.32275,4443948116.111754
SISE,2018-10-31,4.0117,2250000000.0,10642500042.91534,3600357764.51826
SISE,2018-11-30,4.2661,2250000000.0,11317500472.06879,3829842159.748079
SISE,2018-12-31,4.8089,2250000000.0,12757500171.66138,4317138058.090211
SISE,2019-01-31,5.7589,2250000000.0,15277499914.16931,5023241971.778869
SISE,2019-02-28,5.7164,2250000000.0,15164999485.01587,4986251830.673218
SISE,2019-03-29,4.9446,2250000000.0,13117499828.33862,4313033943.557738
SISE,2019-04-30,5.1736,2250000000.0,13724999785.42328,4512779929.447174
SISE,2019-05-31,4.5613,2250000000.0,11699999570.84656,3846959858.894349
SISE,2019-06-28,4.5526,2250000000.0,11677500128.74603,3839562042.331695
SISE,2019-07-31,4.3245,2250000000.0,11092499613.7619,3647213873.004913
SISE,2019-08-29,3.7982,2250000000.0,9742499828.33862,3203333943.557738
SISE,2019-09-30,4.0964,2250000000.0,10507500171.66138,3454866056.442262
SISE,2019-10-31,3.8157,2250000000.0,9787499785.42328,3218129929.447174
SISE,2019-11-29,4.3771,2250000000.0,11227499485.01587,3644446332.836151
SISE,2019-12-31,4.6227,2250000000.0,11857499957.08466,3848944486.069681
SISE,2020-01-31,4.8771,2250000000.0,12509999871.25397,4060745958.209039
SISE,2020-02-28,4.2368,2250000000.0,10867499828.33862,3527590444.278716
SISE,2020-03-31,3.6315,2250000000.0,9314999699.59259,3018991402.637958
SISE,2020-04-30,4.2543,2250000000.0,10912499785.42328,3457079932.022095
SISE,2020-05-29,4.3683,2250000000.0,10890000343.32275,3369366106.224059
SISE,2020-06-30,5.0091,2250000000.0,12487500429.15344,3863632632.780074
SISE,2020-07-30,5.2077,2250000000.0,12982499957.08466,4016785486.721994
SISE,2020-08-31,5.4514,2250000000.0,13589999914.16931,4204745973.443985
SISE,2020-09-30,6.6066,2250000000.0,16470000386.2381,5048055118.381978
SISE,2020-10-30,5.5326,3063214056.17,18777502514.87913,9206609483.045237
SISE,2020-11-30,6.1373,3063214056.17,20829856166.21772,10219127435.146414
SISE,2020-12-31,6.5976,3063214056.17,22392094575.32418,10985561598.654043
SISE,2021-01-29,6.5254,3063214056.17,22147037684.53527,10865336688.033003
SISE,2021-02-26,6.4351,3063214056.17,21840716571.04913,10710687406.442493
SISE,2021-03-31,6.5705,3063214056.17,22300198971.60549,10940477615.469652
SISE,2021-04-30,6.7781,3063214056.17,23004738262.95076,11286124591.803642
SISE,2021-05-31,7.1417,3063214056.17,23739908935.3175,11646799323.666765
SISE,2021-06-30,7.0404,3063214056.17,23402954980.1556,11481489713.264338
SISE,2021-07-30,6.9943,3063214056.17,23249795153.73967,11406349502.424683
SISE,2021-08-31,8.2015,3063214056.17,27262603931.38957,13375033488.739723
SISE,2021-09-30,7.5472,3063214056.17,25087721834.65653,12308036332.082495
SISE,2021-10-28,7.9803,3063214056.17,26527433259.02283,13014358756.8766
SISE,2021-11-30,11.565,3063214056.17,38443336989.19521,18860301126.89917
SISE,2021-12-31,12.3298,3063214056.17,40985804422.11163,20058452684.18143
SISE,2022-01-31,12.7169,3063214056.17,42272354559.40771,20688090321.374134
SISE,2022-02-28,11.4083,3063214056.17,37922590365.94163,18559315725.091835
SISE,2022-03-31,14.0162,3063214056.17,46591485911.19804,22801873204.940323
SISE,2022-04-29,16.6978,3063214056.17,55505441268.55194,27164362956.82932
SISE,2022-05-31,19.7154,3063214056.17,64266229496.21849,31451892715.44933
SISE,2022-06-30,20.204,3063214056.17,65859102207.655,32231444620.426357
SISE,2022-07-29,20.5047,3063214056.17,66839329770.81066,32711167989.834736
SISE,2022-08-31,23.2863,3063214056.17,75906446415.23477,37148614875.6159
SISE,2022-09-30,23.8877,3063214056.17,77866901541.54608,38108061614.432655
SISE,2022-10-31,31.2176,3063214056.17,101759974685.24237,49791155613.48909
SISE,2022-11-30,36.7431,3063214056.17,119771664922.15329,58604275646.40961
SISE,2022-12-30,40.3329,3063214056.17,131473141681.90395,64329808224.955605
SISE,2023-01-31,37.1566,3063214056.17,121119486585.41803,59263764786.24504
SISE,2023-02-28,44.3549,3063214056.17,144583705788.27087,70744807242.20094
SISE,2023-03-31,39.769,3063214056.17,129635217922.29565,63417548607.58703
SISE,2023-04-28,34.6381,3063214056.17,112910071980.06369,55235607212.647156
SISE,2023-05-31,38.5544,3063214056.17,123631321176.65869,60480442319.62143
SISE,2023-06-27,42.471,3063214056.17,136190494132.86197,66624389729.796074
SISE,2023-07-31,51.011,3063214056.17,163575635273.57172,80021200775.83128
SISE,2023-08-31,48.9572,3063214056.17,156989720378.7125,76799371209.26614
SISE,2023-09-29,52.2051,3063214056.17,167404652843.7842,81877615705.89485
SISE,2023-10-31,45.2221,3063214056.17,145012553886.49716,70925640105.88576
SISE,2023-11-30,47.0562,3063214056.17,150893919265.43112,73802215912.72237
SISE,2023-12-29,43.7701,3063214056.17,140356467118.89066,68648348067.84942
SISE,2024-01-31,47.0944,3063214056.17,151016450632.13416,73862146004.17682
SISE,2024-02-29,48.8617,3063214056.17,156683403647.1892,76649521064.20496
SISE,2024-03-29,44.1713,3063214056.17,141643023098.8039,69291766899.93486
SISE,2024-04-30,48.1452,3063214056.17,154385993105.0617,75525627826.99619
SISE,2024-05-31,48.0875,3063214056.17,152119209561.99283,74401505396.77069
SISE,2024-06-28,48.6104,3063214056.17,153773347956.78085,75195167150.86583
SISE,2024-07-31,45.5505,3063214056.17,144093592006.69302,70476175850.47356
SISE,2024-08-29,42.0451,3063214056.17,133004748709.98895,64680209297.667625
SISE,2024-09-30,41.7352,3063214056.17,132024521146.83328,64190322181.59034
SISE,2024-10-31,37.9006,3063214056.17,119894196288.85632,58292558235.641945
SISE,2024-11-29,39.2757,3063214056.17,124243966324.93954,60407416427.1856
SISE,2024-12-31,40.2053,3063214056.17,127184649014.40652,60679796044.77335
SISE,2025-01-31,36.8161,3063214056.17,116463399817.81152,55378346613.36938
SISE,2025-02-28,34.3372,3063214056.17,108621567627.33197,51660417563.55908
SISE,2025-03-28,37.3584,3063214056.17,118178803895.95107,56205839132.91433
SISE,2025-04-30,33.1171,3063214056.17,104761923058.06085,49814294414.10793
SISE,2025-05-30,32.5766,3063214056.17,101086063853.61,48076531968.77692
SISE,2025-06-30,35.5776,3063214056.17,110398237388.82303,52163167166.21888
SISE,2025-07-31,36.2884,3063214056.17,112603743563.30612,53025102843.96085
SISE,2025-08-29,40.1778,3063214056.17,124672814423.16586,58708428311.868805
SISE,2025-09-30,36.8412,3063214056.17,114319147641.44566,53832886624.35676
SISE,2025-10-31,36.3081,3063214056.17,112665009246.65764,53053952854.25108
SISE,2025-11-28,36.8412,3063214056.17,114319147641.44566,53832886624.35676
SISE,2025-12-31,37.8876,3063214056.17,117566158747.6702,55361904154.2779
SISE,2026-01-30,44.9162,3063214056.17,139376239555.73502,65632271206.79562
SISE,2026-02-27,44.2844,3063214056.17,137415784429.42369,64722834466.25856
SISE,2026-03-31,43.4157,3063214056.17,134720152788.1285,63453191963.20852
SISE,2026-04-30,47.246,3063214056.17,146605426597.9337,69051155927.62677
SISE,2026-05-26,45.2124,3063214056.17,140295201435.53915,66079039876.13894
SISE,2026-06-30,44.3,3063214056.17,135700380351.28415,64240560058.29792
SISE,2026-07-21,43.18,3063214056.17,132269583880.23935,62616421008.90531
SKBNK,2016-07-29,0.7739,1158000000.0,1412760033.13065,339062407.951356
SKBNK,2016-08-31,0.7358,1158000000.0,1343279961.34758,470147986.471653
SKBNK,2016-09-30,0.7358,1158000000.0,1343279961.34758,470147986.471653
SKBNK,2016-10-31,0.7422,1158000000.0,1354859950.30403,474200982.606411
SKBNK,2016-11-30,0.6978,1158000000.0,1273800027.60887,445830009.663105
SKBNK,2016-12-30,0.7485,1158000000.0,1366439939.26048,478253978.741168
SKBNK,2017-01-31,0.7548,1158000000.0,1378020066.26129,482307023.191452
SKBNK,2017-02-28,0.7548,1158000000.0,1378020066.26129,482307023.191452
SKBNK,2017-03-31,0.7485,1158000000.0,1366439939.26048,478253978.741168
SKBNK,2017-04-28,0.7612,1158000000.0,1389600055.21774,486360019.326209
SKBNK,2017-05-31,0.7612,1158000000.0,1389600055.21774,486360019.326209
SKBNK,2017-06-30,0.7802,1158000000.0,1424340022.0871,498519007.730485
SKBNK,2017-07-31,0.8817,1158000000.0,1609619983.43468,563366994.202138
SKBNK,2017-08-31,0.9642,1158000000.0,1760159977.9129,616055992.269515
SKBNK,2017-09-29,0.9198,1158000000.0,1679100055.21774,587685019.326209
SKBNK,2017-10-31,0.9705,1158000000.0,1771739966.86935,620108988.404273
SKBNK,2017-11-30,0.85,1158000000.0,1551720038.65242,543102013.528347
SKBNK,2017-12-29,1.1608,1158000000.0,2119140049.69597,741699017.39359
SKBNK,2018-01-31,1.1798,1158000000.0,2153880016.56532,753858005.797862
SKBNK,2018-02-28,1.0149,1158000000.0,1852800027.60887,648480009.663105
SKBNK,2018-03-30,1.0847,1158000000.0,1980180044.17419,693063015.460967
SKBNK,2018-04-30,0.9578,1158000000.0,1748579988.95645,612002996.134758
SKBNK,2018-05-31,0.7993,1158000000.0,1459079988.95645,510677996.134758
SKBNK,2018-06-29,0.8056,1158000000.0,1470659977.9129,514730992.269515
SKBNK,2018-07-31,0.7866,1158000000.0,1435920011.04355,506018211.891747
SKBNK,2018-08-31,0.6534,1158000000.0,1192739966.86935,420321564.324759
SKBNK,2018-09-28,0.6978,1158000000.0,1273800027.60887,448887129.729366
SKBNK,2018-10-31,0.5836,1158000000.0,1065360019.32621,375432870.810556
SKBNK,2018-11-30,0.7675,1158000000.0,1401180044.17419,493775847.566985
SKBNK,2018-12-31,0.6978,1158000000.0,1273800027.60887,448887129.729366
SKBNK,2019-01-31,0.7675,1158000000.0,1401180044.17419,493775847.566985
SKBNK,2019-02-28,0.7675,1158000000.0,1401180044.17419,493775847.566985
SKBNK,2019-03-29,0.6787,1158000000.0,1239060060.73952,436768671.410681
SKBNK,2019-04-30,0.6407,1158000000.0,1169579988.95645,412276946.107149
SKBNK,2019-05-31,0.5836,1158000000.0,1065360019.32621,375539406.812489
SKBNK,2019-06-28,0.6153,1158000000.0,1123260033.13065,395949161.678554
SKBNK,2019-07-31,0.6153,1158000000.0,1123260033.13065,395949161.678554
SKBNK,2019-08-29,0.5836,1158000000.0,1065360019.32621,375539406.812489
SKBNK,2019-09-30,0.6724,1158000000.0,1227479933.73871,432686676.642895
SKBNK,2019-10-31,0.6407,1158000000.0,1169579988.95645,412276946.107149
SKBNK,2019-11-29,0.7485,1158000000.0,1366439939.26048,481670078.589319
SKBNK,2019-12-31,0.831,1158000000.0,1516979933.73871,534735426.642895
SKBNK,2020-01-31,0.8817,1158000000.0,1609619983.43468,567391044.160725
SKBNK,2020-02-28,0.7041,1158000000.0,1285380016.56532,453096455.839275
SKBNK,2020-03-31,0.5709,1158000000.0,1042199972.39113,367375490.267873
SKBNK,2020-04-30,0.6343,1158000000.0,1158000000.0,408195000.0
SKBNK,2020-05-29,0.7231,1158000000.0,1320119983.43468,465342294.160725
SKBNK,2020-06-30,0.9198,1158000000.0,1679100055.21774,591882769.464253
SKBNK,2020-07-30,0.9388,1158000000.0,1713840022.0871,628807904.103757
SKBNK,2020-08-31,0.8754,1158000000.0,1598039994.47823,587119893.971302
SKBNK,2020-09-30,1.0149,1158000000.0,1852800027.60887,730744330.888938
SKBNK,2020-10-30,1.1481,1158000000.0,2095979933.73871,841326345.402718
SKBNK,2020-11-30,1.1052,1860000000.0,2697000088.69171,1082575835.600852
SKBNK,2020-12-31,1.1509,1860000000.0,2808599982.26166,1206574552.379609
SKBNK,2021-01-29,1.1128,1860000000.0,2715600070.95337,1295341233.844757
SKBNK,2021-02-26,1.0061,1860000000.0,2455200097.56088,1251906529.746293
SKBNK,2021-03-31,0.907,1860000000.0,2213400106.43005,1128612714.268682
SKBNK,2021-04-30,0.8308,1860000000.0,2027400062.0842,1033771291.656734
SKBNK,2021-05-31,0.8384,1860000000.0,2046000044.34586,1022795422.168495
SKBNK,2021-06-30,0.8079,1860000000.0,1971599893.56995,985602786.795618
SKBNK,2021-07-30,0.7927,1860000000.0,1934399929.04663,967006524.53041
SKBNK,2021-08-31,0.7927,1860000000.0,1934399929.04663,967006524.53041
SKBNK,2021-09-30,0.7393,1860000000.0,1804200053.21503,901919606.602193
SKBNK,2021-10-28,0.7698,1860000000.0,1878599982.26166,938924271.134378
SKBNK,2021-11-30,0.8613,1860000000.0,2101799991.13083,1050479635.567189
SKBNK,2021-12-31,0.7698,1860000000.0,1878599982.26166,938924271.134378
SKBNK,2022-01-31,0.785,1860000000.0,1915799946.78497,957516813.403128
SKBNK,2022-02-28,0.7088,1860000000.0,1729800013.30376,864554046.649219
SKBNK,2022-03-31,0.7698,1860000000.0,1878599982.26166,939863571.125508
SKBNK,2022-04-29,0.8841,1860000000.0,2157599937.9158,1079447248.939275
SKBNK,2022-05-31,0.9756,1860000000.0,2380799946.78497,1191114213.37652
SKBNK,2022-06-30,0.7927,1860000000.0,1934399929.04663,967780284.502029
SKBNK,2022-07-29,1.3033,1860000000.0,3180600070.95337,1591254215.497971
SKBNK,2022-08-31,2.8505,1860000000.0,6956400017.73834,3480286928.874492
SKBNK,2022-09-30,1.41,1860000000.0,3441000044.34586,1721532322.186234
SKBNK,2022-10-31,1.5472,1860000000.0,3775799946.78497,1827864754.238604
SKBNK,2022-11-30,2.0655,1860000000.0,5040600070.95337,2418983974.050522
SKBNK,2022-12-30,2.3323,1860000000.0,5691599893.56995,2731398788.924219
SKBNK,2023-01-31,2.0121,1860000000.0,4910400195.12177,2405114015.570643
SKBNK,2023-02-28,1.8445,1860000000.0,4501200141.90674,2197485909.27887
SKBNK,2023-03-31,1.9588,1860000000.0,4780199875.8316,2332737539.405821
SKBNK,2023-04-28,1.7235,1860000000.0,4110600070.95337,2005972834.625245
SKBNK,2023-05-31,1.8561,1860000000.0,4426800212.86011,2160721183.89702
SKBNK,2023-06-27,2.0589,1860000000.0,4910400195.12177,2393820095.121863
SKBNK,2023-07-31,2.4254,1860000000.0,5784599804.87823,2819992404.878137
SKBNK,2023-08-31,3.3067,1860000000.0,7886399574.27979,3849351632.205965
SKBNK,2023-09-29,4.9366,1860000000.0,11773799858.09326,5746791710.73532
SKBNK,2023-10-31,5.1862,1860000000.0,12369000177.38342,6037308986.580847
SKBNK,2023-11-30,5.4592,1860000000.0,13020000000.0,6539946000.0
SKBNK,2023-12-29,3.3535,1860000000.0,7998000354.76685,4017395578.199389
SKBNK,2024-01-31,3.7902,1860000000.0,9039600248.33679,4540591204.73957
SKBNK,2024-02-29,3.6966,1860000000.0,8816399574.27979,4428477506.160739
SKBNK,2024-03-29,3.2287,1860000000.0,7700399751.66321,3867140755.285264
SKBNK,2024-04-30,3.7902,1860000000.0,9039600248.33679,4540591204.73957
SKBNK,2024-05-31,4.035,1860000000.0,9504600248.33679,4773210244.714736
SKBNK,2024-06-28,4.5346,2500000000.0,11499999761.58142,5923649877.190589
SKBNK,2024-07-31,4.2191,2500000000.0,10700000524.52087,5363910262.942312
SKBNK,2024-08-29,4.2684,2500000000.0,10824999809.26514,5426572404.384615
SKBNK,2024-09-30,4.2881,2500000000.0,10874999761.58142,5450549880.504608
SKBNK,2024-10-31,4.0417,2500000000.0,10249999761.58142,5137299880.504608
SKBNK,2024-11-29,4.5839,2500000000.0,11625000238.41858,5827612619.519234
SKBNK,2024-12-31,4.6726,2500000000.0,11849999427.79541,5940404713.153839
SKBNK,2025-01-31,3.9825,2500000000.0,10099999904.63257,5063129952.192307
SKBNK,2025-02-28,3.815,2500000000.0,9674999713.89771,4849109856.605532
SKBNK,2025-03-28,4.643,2500000000.0,11775000095.36743,5888677547.693252
SKBNK,2025-04-30,5.1063,2500000000.0,12949999570.84656,6474999785.42328
SKBNK,2025-05-30,4.4458,2500000000.0,11275000572.20459,5639755286.216736
SKBNK,2025-06-30,6.557,2500000000.0,16475000381.46973,8240795190.811159
SKBNK,2025-07-31,5.8207,2500000000.0,14624999761.58142,7287637381.196022
SKBNK,2025-08-29,7.9997,2500000000.0,20099999904.63257,10015829952.47841
SKBNK,2025-09-30,6.7162,2500000000.0,16875000000.0,8408812500.0
SKBNK,2025-10-31,7.9699,2500000000.0,20025000572.20459,9978457785.129547
SKBNK,2025-11-28,8.0495,2500000000.0,20225000381.46973,9920362687.110903
SKBNK,2025-12-31,7.741,2500000000.0,19450000524.52087,9686100261.211393
SKBNK,2026-01-30,9.0942,2500000000.0,22850000858.30688,11388440427.78015
SKBNK,2026-02-27,12.1389,2500000000.0,30499999523.16284,15198149762.392042
SKBNK,2026-03-31,10.5668,2500000000.0,26549999713.89771,13232519857.406618
SKBNK,2026-04-30,12.2085,2500000000.0,30675001144.40918,15288420570.373535
SKBNK,2026-05-26,13.104,2500000000.0,32925000190.73486,16409820095.062254
SKBNK,2026-06-30,15.55,2500000000.0,38875000476.83716,19375300237.65564
SKBNK,2026-07-21,16.12,2500000000.0,40300002098.0835,15640430814.266207
SOKM,2018-05-31,9.693,611928571.0,6333460943.28222,2280045939.581599
SOKM,2018-06-29,8.1196,611928571.0,5305420757.25644,1909951472.612318
SOKM,2018-07-31,8.2133,611928571.0,5366613847.78867,1915881143.660555
SOKM,2018-08-31,6.668,611928571.0,4356931355.49033,1555424493.910048
SOKM,2018-09-28,8.3069,611928571.0,5427806354.74033,1937726868.642298
SOKM,2018-10-31,8.7003,611928571.0,5684816401.24678,2029479455.2451
SOKM,2018-11-30,10.7606,611928571.0,7031059140.73067,2510088113.240849
SOKM,2018-12-31,10.0676,611928571.0,6578232138.25,2348428873.35525
SOKM,2019-01-31,10.2455,611928571.0,6694498309.96455,2389935896.657344
SOKM,2019-02-28,9.9833,611928571.0,6523158473.48711,2383562106.21219
SOKM,2019-03-29,8.4662,611928571.0,5531834258.49678,2021332238.054723
SOKM,2019-04-30,8.6535,611928571.0,5654219855.98067,2066051935.375337
SOKM,2019-05-31,8.2227,611928571.0,5372732689.97744,1963196524.917757
SOKM,2019-06-28,8.9531,611928571.0,5850037395.53545,2137603664.328653
SOKM,2019-07-31,9.4776,611928571.0,6192717068.49033,2262818816.826367
SOKM,2019-08-29,9.8709,611928571.0,6449727114.99678,2366404878.492319
SOKM,2019-09-30,10.3017,611928571.0,6731214281.0,2469682519.6989
SOKM,2019-10-31,8.3257,611928571.0,5440045206.279,1995952586.183765
SOKM,2019-11-29,9.2716,611928571.0,6058092619.46778,2222714182.082728
SOKM,2019-12-31,10.077,611928571.0,6584351564.01933,2431601032.592339
SOKM,2020-01-31,10.1144,611928571.0,6608828683.51611,2440640432.822499
SOKM,2020-02-28,7.9604,611928571.0,5201392853.5,1920874380.79755
SOKM,2020-03-31,8.7284,611928571.0,5703174094.97422,2106182193.273979
SOKM,2020-04-30,10.2362,611928571.0,6688379467.77578,2470018537.449596
SOKM,2020-05-29,10.9573,611928571.0,7159564163.98389,2834471452.521222
SOKM,2020-06-30,12.5494,611928571.0,8199842617.96778,3450493773.640842
SOKM,2020-07-30,12.5775,611928571.0,8218200895.27578,3458218936.732048
SOKM,2020-08-31,12.0343,611928571.0,7863282370.78222,3308869221.625158
SOKM,2020-09-30,11.2663,611928571.0,7361500545.72744,3097719429.642107
SOKM,2020-10-30,10.6202,611928571.0,6939270088.51289,2920044853.246224
SOKM,2020-11-30,11.7627,611928571.0,7685823108.53545,3234194364.071717
SOKM,2020-12-31,11.8189,611928571.0,7722538495.99033,3249644199.112731
SOKM,2021-01-29,12.4183,611928571.0,8114172991.51933,3414443994.831334
SOKM,2021-02-26,10.5827,611928571.0,6914792969.01611,2909744881.361979
SOKM,2021-03-31,10.9948,611928571.0,7184041283.48067,3023044572.088666
SOKM,2021-04-30,11.3319,611928571.0,7404335942.53222,3484480494.555663
SOKM,2021-05-31,10.4235,611928571.0,6810765065.25967,3205146039.711201
SOKM,2021-06-30,10.9948,611928571.0,7184041283.48067,3380809828.006003
SOKM,2021-07-30,10.8243,611928571.0,6994343753.27578,3291538170.291582
SOKM,2021-08-31,11.6956,611928571.0,7557318085.28222,3556473890.933813
SOKM,2021-09-30,11.1747,611928571.0,7220757254.51611,3398088363.975281
SOKM,2021-10-28,10.5118,611928571.0,6792407371.53222,3196506909.043063
SOKM,2021-11-30,13.4286,611928571.0,8677147323.52578,4083465530.451232
SOKM,2021-12-31,12.0365,611928571.0,7777612160.75322,3660144282.850465
SOKM,2022-01-31,13.7316,611928571.0,8872964279.5,4175616989.9327
SOKM,2022-02-28,10.7012,611928571.0,6914792969.01611,3254101571.218981
SOKM,2022-03-31,11.8281,611928571.0,7642987711.73067,3680862881.969491
SOKM,2022-04-29,12.3301,611928571.0,7967310274.53867,3919119924.045572
SOKM,2022-05-31,12.6805,611928571.0,8193723775.779,4030492725.30569
SOKM,2022-06-30,10.8527,593290008.0,6799103514.31222,3344479018.690181
SOKM,2022-07-29,13.2771,593290008.0,8317926183.74661,4091587889.784957
SOKM,2022-08-31,15.9855,593290008.0,10014734837.13121,4926248066.384842
SOKM,2022-09-30,19.5842,593290008.0,12269237546.49774,6035237949.122238
SOKM,2022-10-31,22.3873,593290008.0,14025375427.00452,6415206720.311867
SOKM,2022-11-30,23.4858,593290008.0,14713591745.75565,6729996864.508634
SOKM,2022-12-30,26.4784,593290008.0,16588388080.50677,7579234513.983543
SOKM,2023-01-31,25.0011,593290008.0,15662855984.87782,7162624041.884627
SOKM,2023-02-28,24.1866,593290008.0,15152627347.49323,6929296486.008654
SOKM,2023-03-31,27.4443,593290008.0,17193544160.25339,7862607744.483875
SOKM,2023-04-28,31.4786,593290008.0,19720960861.73758,9018395402.072596
SOKM,2023-05-31,25.7587,593290008.0,16137488670.24435,7379673568.902741
SOKM,2023-06-27,31.5354,593290008.0,19756556813.75565,9034673430.930458
SOKM,2023-07-31,43.0511,593290008.0,26970963220.50677,12333821480.737745
SOKM,2023-08-31,59.4318,593290008.0,36872974902.48871,16862011422.908087
SOKM,2023-09-29,55.6546,593290008.0,34529478918.24435,15790330709.31314
SOKM,2023-10-31,57.1846,593290008.0,35478742025.75565,16224428728.37806
SOKM,2023-11-30,55.9893,593290008.0,34737129515.75565,15885289327.55506
SOKM,2023-12-29,51.5904,593290008.0,32007996384.24435,14637256746.51494
SOKM,2024-01-31,61.0096,593290008.0,37851902057.75565,17309674811.011658
SOKM,2024-02-29,64.0697,593290008.0,39750430536.0,18177871884.1128
SOKM,2024-03-29,56.4196,593290008.0,35004110472.0,16007379718.8456
SOKM,2024-04-30,55.7502,593290008.0,34588807013.75565,15817461447.39046
SOKM,2024-05-31,55.9893,593290008.0,34737129515.75565,15885289327.55506
SOKM,2024-06-28,60.2924,593290008.0,37406934551.75565,17031377301.414347
SOKM,2024-07-31,58.7553,593290008.0,35478742025.75565,16224428728.37806
SOKM,2024-08-29,51.8776,593290008.0,31325711969.75565,14325248083.769258
SOKM,2024-09-30,47.3972,593290008.0,28620310981.73758,13088068211.948595
SOKM,2024-10-31,39.3,593290008.0,23316296861.75565,10662542554.88086
SOKM,2024-11-29,41.04,593290008.0,24348622471.49323,11134625056.213854
SOKM,2024-12-31,41.2,593290008.0,24443548782.24435,11178034858.12034
SOKM,2025-01-31,38.9,593290008.0,23078982216.48871,10554018567.600286
SOKM,2025-02-28,38.12,593290008.0,22616214471.2579,10342394877.706238
SOKM,2025-03-28,36.62,593290008.0,21726279459.2579,9935427596.718637
SOKM,2025-04-30,37.6,593290008.0,22307703395.51129,10201312762.767313
SOKM,2025-05-30,33.18,593290008.0,19685362646.49774,9002116338.243418
SOKM,2025-06-30,34.8,593290008.0,20646491825.75565,9441640711.918058
SOKM,2025-07-31,37.32,593290008.0,22141582917.50226,10125345868.173782
SOKM,2025-08-29,40.34,593290008.0,23933319013.24887,10944706784.758707
SOKM,2025-09-30,36.4,593290008.0,21595757196.48871,9875739765.954287
SOKM,2025-10-31,44.26,593290008.0,26259014758.26242,12008247448.953405
SOKM,2025-11-28,46.0,593290008.0,27291340368.0,12480329950.2864
SOKM,2025-12-31,51.05,593290008.0,30287454455.75565,13850452922.61706
SOKM,2026-01-30,64.85,593290008.0,38474856113.51129,17594551700.708714
SOKM,2026-02-27,63.75,593290008.0,37822238010.0,17296109441.973
SOKM,2026-03-31,48.92,593290008.0,29023746105.01355,13272559093.822697
SOKM,2026-04-30,50.9,593290008.0,30198462312.48871,13809756815.501087
SOKM,2026-05-26,47.84,593290008.0,28382994073.24887,12979543189.696709
SOKM,2026-06-30,46.3,593290008.0,27469326917.75565,11517888776.614944
SOKM,2026-07-21,52.85,593290008.0,31355376017.51129,13147309164.142485
TAVHL,2016-07-29,8.4947,363281250.0,3974296722.56112,1589718689.024448
TAVHL,2016-08-31,8.9606,363281250.0,4192265611.14192,1676906244.456768
TAVHL,2016-09-30,9.6051,363281250.0,4493789020.92576,1797515608.370304
TAVHL,2016-10-31,9.8769,363281250.0,4620937597.00656,1848375038.802624
TAVHL,2016-11-30,10.04,363281250.0,4697226673.36464,1878890669.345856
TAVHL,2016-12-30,10.8941,363281250.0,5096835840.49344,2038734336.197376
TAVHL,2017-01-31,12.0588,363281250.0,5641757715.49344,2256703086.197376
TAVHL,2017-02-28,11.7793,363281250.0,5510976590.21616,2204390636.086464
TAVHL,2017-03-31,11.7727,363281250.0,5263945229.35152,2105578091.740608
TAVHL,2017-04-28,12.0246,363281250.0,5376562569.2904,2150625027.71616
TAVHL,2017-05-31,14.0476,363281250.0,6281133145.09392,2512453258.037568
TAVHL,2017-06-30,15.3313,363281250.0,6855117492.37776,2742046996.951104
TAVHL,2017-07-31,17.3219,363281250.0,7745156139.13536,3098062455.654144
TAVHL,2017-08-31,17.2406,363281250.0,7708827875.55456,3083531150.221824
TAVHL,2017-09-29,14.3401,363281250.0,6411913923.9192,2564765569.56768
TAVHL,2017-10-31,15.3313,363281250.0,6855117492.37776,2742046996.951104
TAVHL,2017-11-30,15.8594,363281250.0,7091250166.29696,2836500066.518784
TAVHL,2017-12-29,18.2481,363281250.0,8159296542.40608,3263718616.962432
TAVHL,2018-01-31,17.9881,363281250.0,8043046653.27072,3217218661.308288
TAVHL,2018-02-28,18.8493,363281250.0,8428125277.1616,3371250110.86464
TAVHL,2018-03-30,20.3023,363281250.0,8675155945.12224,3470062378.048896
TAVHL,2018-04-30,18.5169,363281250.0,7912265874.44544,3164906349.778176
TAVHL,2018-05-31,18.653,363281250.0,7970390819.01312,3188156327.605248
TAVHL,2018-06-29,19.078,363281250.0,8152031444.01312,3260812577.605248
TAVHL,2018-07-31,24.6722,363281250.0,10542422041.29696,4671347206.498683
TAVHL,2018-08-31,28.0219,363281250.0,11973749667.40608,5305568477.627634
TAVHL,2018-09-28,26.5936,363281250.0,11363437749.44544,5035139266.779274
TAVHL,2018-10-31,19.7752,363281250.0,8449921958.14848,3744160419.655591
TAVHL,2018-11-30,19.9282,363281250.0,8515312694.01312,3773135054.717213
TAVHL,2018-12-31,20.3363,363281250.0,8689687527.71616,3850400543.53103
TAVHL,2019-01-31,23.703,363281250.0,10128280945.12224,4487841286.783665
TAVHL,2019-02-28,23.652,363281250.0,10106484264.13536,4479193825.864792
TAVHL,2019-03-29,21.5838,363281250.0,8478984430.43232,3757885899.567604
TAVHL,2019-04-30,23.3963,363281250.0,9191015347.8384,4073458002.161979
TAVHL,2019-05-31,23.5257,363281250.0,9241875194.01312,4106165148.700029
TAVHL,2019-06-28,24.9684,363281250.0,9808593750.0,4357958203.125
TAVHL,2019-07-31,23.2113,363281250.0,9118359513.5808,4051287131.883949
TAVHL,2019-08-29,21.8242,363281250.0,8573437638.5808,3809178342.821449
TAVHL,2019-09-30,21.8242,363281250.0,8573437638.5808,3809178342.821449
TAVHL,2019-10-31,24.1176,363281250.0,9474374972.28384,4209464800.18571
TAVHL,2019-11-29,24.8759,363281250.0,9772265486.4192,4341817555.616051
TAVHL,2019-12-31,26.9843,363281250.0,10600546985.86464,4709823025.81966
TAVHL,2020-01-31,25.1903,363281250.0,9895781166.85152,4396695572.43213
TAVHL,2020-02-28,18.828,363281250.0,7396406471.72928,3286223395.389319
TAVHL,2020-03-31,16.4503,363281250.0,6015937305.98688,2672279351.319372
TAVHL,2020-04-30,18.0794,363281250.0,6611719027.1616,2936925591.865183
TAVHL,2020-05-29,20.1655,363281250.0,7374609097.8384,3275801361.259817
TAVHL,2020-06-30,19.2417,363281250.0,7036758117.37776,3125727955.739201
TAVHL,2020-07-30,16.49,363281250.0,6030468888.5808,2678734280.307591
TAVHL,2020-08-31,14.9006,363281250.0,5449218750.0,2420542968.75
TAVHL,2020-09-30,15.3079,363281250.0,5598164007.06768,2484465186.336636
TAVHL,2020-10-30,13.6987,363281250.0,5009648423.64192,2225285829.781741
TAVHL,2020-11-30,18.8642,363281250.0,6898710854.35152,3063717490.41751
TAVHL,2020-12-31,21.1589,363281250.0,7737890347.8384,3436397103.475033
TAVHL,2021-01-29,21.3775,363281250.0,7817812666.29696,3471108823.83585
TAVHL,2021-02-26,24.7748,363281250.0,9060234569.01312,4022744148.641825
TAVHL,2021-03-31,20.2649,363281250.0,7410937361.4192,3291197282.206267
TAVHL,2021-04-30,21.3775,363281250.0,7817812666.29696,3718933485.357464
TAVHL,2021-05-31,23.8212,363281250.0,8711484208.70304,4144053038.080036
TAVHL,2021-06-30,23.5629,363281250.0,8617031000.55456,4099121646.963804
TAVHL,2021-07-30,22.4106,363281250.0,8195624805.98688,3898658720.207959
TAVHL,2021-08-31,23.3642,363281250.0,8544375166.29696,4064559266.607464
TAVHL,2021-09-30,26.1059,363281250.0,9547031499.44544,4541522884.286196
TAVHL,2021-10-28,26.4039,363281250.0,9656015597.28384,4594332221.187651
TAVHL,2021-11-30,26.6821,363281250.0,9757734596.72928,4642730121.123791
TAVHL,2021-12-31,32.4834,363281250.0,11879297152.1616,5659297163.289786
TAVHL,2022-01-31,36.4768,363281250.0,13339687943.45856,6355027336.263658
TAVHL,2022-02-28,33.4569,363281250.0,12235312610.86464,5828902927.815914
TAVHL,2022-03-31,40.4503,363281250.0,14792812943.45856,7045816804.969312
TAVHL,2022-04-29,42.5761,363281250.0,15570234596.72928,7416102738.422156
TAVHL,2022-05-31,45.4768,363281250.0,16631015181.54144,7921352530.968188
TAVHL,2022-06-30,49.4304,363281250.0,18076874390.24448,8610015272.073446
TAVHL,2022-07-29,56.1258,363281250.0,20525390625.0,9776243554.6875
TAVHL,2022-08-31,61.937,363281250.0,22650585383.1768,10788473818.00711
TAVHL,2022-09-30,62.533,363281250.0,22868554964.6616,10892292729.66832
TAVHL,2022-10-31,77.8807,363281250.0,28481250554.3232,13565619639.02414
TAVHL,2022-11-30,87.1688,363281250.0,31877929687.5,15183457910.15625
TAVHL,2022-12-30,92.8807,363281250.0,33966796875.0,16178385351.5625
TAVHL,2023-01-31,82.1025,363281250.0,30025195866.8232,14301000791.36789
TAVHL,2023-02-28,74.4535,363281250.0,27227928578.85361,12965939589.25009
TAVHL,2023-03-31,73.4105,363281250.0,26846484929.3232,12784296123.343708
TAVHL,2023-04-28,69.9834,363281250.0,25593162953.85361,12187464198.62509
TAVHL,2023-05-31,77.1357,363281250.0,28208789616.8232,13433025615.531208
TAVHL,2023-06-27,92.7317,363281250.0,33912304133.1768,16149039228.218792
TAVHL,2023-07-31,111.5562,363281250.0,40796485483.64639,19427286387.312412
TAVHL,2023-08-31,121.8873,363281250.0,44574608266.35361,21230885917.264225
TAVHL,2023-09-29,124.47,363281250.0,45519141733.64639,21680767207.735775
TAVHL,2023-10-31,113.8409,363281250.0,41632030695.6768,19829336220.35086
TAVHL,2023-11-30,115.2316,363281250.0,42140625000.0,20067365625.0
TAVHL,2023-12-29,106.7879,363281250.0,39052734375.0,18596912109.375
TAVHL,2024-01-31,137.3839,363281250.0,50241797983.64639,23925144199.812412
TAVHL,2024-02-29,173.3441,363281250.0,63392578125.0,30219241992.1875
TAVHL,2024-03-29,181.8872,363281250.0,66516799092.29279,31748468206.75135
TAVHL,2024-04-30,218.4434,363281250.0,79885544657.70721,38345061435.69946
TAVHL,2024-05-31,239.1057,363281250.0,87441795766.3536,42304340791.76188
TAVHL,2024-06-28,257.7811,363281250.0,94271484375.0,45900785742.1875
TAVHL,2024-07-31,257.0361,363281250.0,93999023437.5,46031321777.34375
TAVHL,2024-08-29,248.2447,363281250.0,90783982157.70721,44520464850.13962
TAVHL,2024-09-30,248.046,363281250.0,90711327016.3536,44484834768.81981
TAVHL,2024-10-31,228.7745,363281250.0,83663672983.6464,41028665231.18019
TAVHL,2024-11-29,272.4334,363281250.0,99629882812.5,48858494531.25
TAVHL,2024-12-31,272.1851,363281250.0,99539062500.0,49032942187.5
TAVHL,2025-01-31,275.9102,363281250.0,100901367187.5,49774644433.59375
TAVHL,2025-02-28,247.748,363281250.0,90602341532.70721,44612592970.70503
TAVHL,2025-03-28,240.397,363281250.0,87914062500.0,43288884375.0
TAVHL,2025-04-30,226.9865,363281250.0,83009765625.0,40849105664.0625
TAVHL,2025-05-30,216.4567,363281250.0,79158982157.70721,38946219221.59195
TAVHL,2025-06-30,262.748,363281250.0,96087890625.0,47275242187.5
TAVHL,2025-07-31,244.1719,363281250.0,89294532358.6464,43932909920.454025
TAVHL,2025-08-29,251.8209,363281250.0,92091796875.0,45309164062.5
TAVHL,2025-09-30,238.4103,363281250.0,87187500000.0,42896250000.0
TAVHL,2025-10-31,263.2447,363281250.0,96269531250.0,47364609375.0
TAVHL,2025-11-28,276.1586,363281250.0,100992187500.0,49688156250.0
TAVHL,2025-12-31,296.2744,363281250.0,108348632812.5,53437545703.125
TAVHL,2026-01-30,345.4466,363281250.0,126331054687.5,62344375488.28125
TAVHL,2026-02-27,306.9532,363281250.0,112253906250.0,55711613671.875
TAVHL,2026-03-31,305.7115,363281250.0,111799804687.5,55497423046.875
TAVHL,2026-04-30,276.6553,363281250.0,101173828125.0,50232805664.0625
TAVHL,2026-05-26,250.0825,363281250.0,91456054687.5,45407931152.34375
TAVHL,2026-06-30,280.3804,363281250.0,102536132812.5,50909189941.40625
TAVHL,2026-07-21,270.75,363281250.0,98358398437.5,48834944824.21875
TCELL,2016-07-29,6.6909,2200000000.0,22791999244.68994,7977199735.641479
TCELL,2016-08-31,6.4132,2200000000.0,21846000671.38672,7646100234.985352
TCELL,2016-09-30,6.2711,2200000000.0,21362000083.92334,7476700029.373169
TCELL,2016-10-31,6.439,2200000000.0,21934000587.46338,7676900205.612183
TCELL,2016-11-30,5.832,2200000000.0,19865999412.53662,6953099794.387817
TCELL,2016-12-30,6.297,2200000000.0,21450000000.0,7507500000.0
TCELL,2017-01-31,7.3239,2200000000.0,24948000335.69336,8731800117.492676
TCELL,2017-02-28,7.6726,2200000000.0,26136000251.77002,9147600088.119507
TCELL,2017-03-31,7.7307,2200000000.0,26334000587.46338,9216900205.612183
TCELL,2017-04-28,8.0149,2200000000.0,27301999664.30664,9555699882.507324
TCELL,2017-05-31,7.8534,2200000000.0,26751999664.30664,13108479835.510254
TCELL,2017-06-30,7.7723,2200000000.0,25475999832.15332,12483239917.755127
TCELL,2017-07-31,8.6314,2200000000.0,28291999244.68994,13863079629.898071
TCELL,2017-08-31,8.8663,2200000000.0,29062000083.92334,14240380041.122437
TCELL,2017-09-29,8.8284,2200000000.0,27917999076.84326,13679819547.653196
TCELL,2017-10-31,9.858,2200000000.0,31174000167.84668,15275260082.244873
TCELL,2017-11-30,10.5815,2200000000.0,33462000083.92334,16396380041.122437
TCELL,2017-12-29,11.0947,2200000000.0,34055998992.91992,16687439506.530762
TCELL,2018-01-31,11.1879,2200000000.0,34341999244.68994,16827579629.898071
TCELL,2018-02-28,10.9944,2200000000.0,33748000335.69336,16536520164.489746
TCELL,2018-03-30,10.8582,2200000000.0,33329999160.7666,16331699588.775635
TCELL,2018-04-30,10.0053,2200000000.0,30712000083.92334,15048880041.122437
TCELL,2018-05-31,8.6006,2200000000.0,26400000000.0,12936000000.0
TCELL,2018-06-29,8.9442,2200000000.0,26774000167.84668,13119260082.244873
TCELL,2018-07-31,9.5101,2200000000.0,28467999076.84326,13900923949.222565
TCELL,2018-08-31,7.7903,2200000000.0,23320000839.2334,11387156409.797668
TCELL,2018-09-28,8.7049,2200000000.0,25387999916.07666,12399499159.01184
TCELL,2018-10-31,8.5616,2200000000.0,24970000839.2334,12195348409.881594
TCELL,2018-11-30,9.5724,2200000000.0,27917999076.84326,13635150749.130247
TCELL,2018-12-31,9.3994,2200000000.0,26774000167.84668,13105873082.16095
TCELL,2019-01-31,11.2067,2200000000.0,31922000503.54004,15622627046.432495
TCELL,2019-02-28,11.0445,2200000000.0,31460000419.6167,15399670205.402374
TCELL,2019-03-29,9.3376,2200000000.0,26598000335.69336,13019721164.3219
TCELL,2019-04-30,9.6543,2200000000.0,27500000000.0,13461250000.0
TCELL,2019-05-31,8.9901,2200000000.0,25608000755.31006,12535116369.724274
TCELL,2019-06-28,9.886,2200000000.0,28160000419.6167,13784320205.402374
TCELL,2019-07-31,10.0868,2200000000.0,28732000923.15674,14064314451.885223
TCELL,2019-08-29,9.9864,2200000000.0,28446000671.38672,13924317328.643799
TCELL,2019-09-30,10.0482,2200000000.0,28622000503.54004,14010469246.48285
TCELL,2019-10-31,10.068,2200000000.0,27653999328.61328,13536632671.356201
TCELL,2019-11-29,10.861,2200000000.0,29832000923.15674,14602764451.885223
TCELL,2019-12-31,11.0532,2200000000.0,30360000419.6167,14861220205.402374
TCELL,2020-01-31,11.2935,2200000000.0,31020000839.2334,15184290410.804749
TCELL,2020-02-28,11.0853,2200000000.0,30448000335.69336,14904296164.3219
TCELL,2020-03-31,9.8678,2200000000.0,27103999328.61328,13267407671.356201
TCELL,2020-04-30,11.1734,2200000000.0,30689999580.3833,15022754794.597626
TCELL,2020-05-29,11.3416,2200000000.0,31151999664.30664,15248903835.6781
TCELL,2020-06-30,13.1678,2200000000.0,36168001174.92676,17704236575.126648
TCELL,2020-07-30,11.9022,2200000000.0,32691999244.68994,15999464430.351257
TCELL,2020-08-31,11.4697,2200000000.0,31503999328.61328,15421207671.356201
TCELL,2020-09-30,12.1746,2200000000.0,33439999580.3833,16368879794.597626
TCELL,2020-10-30,11.694,2200000000.0,32120000839.2334,15722740410.804749
TCELL,2020-11-30,12.1391,2200000000.0,32560000419.6167,15938120205.402374
TCELL,2020-12-31,13.2053,2200000000.0,35420000839.2334,19109090452.76642
TCELL,2021-01-29,13.0741,2200000000.0,35067999076.84326,18919185501.95694
TCELL,2021-02-26,13.0003,2200000000.0,34870000839.2334,18812365452.76642
TCELL,2021-03-31,12.2785,2200000000.0,32934000587.46338,17744839516.52527
TCELL,2021-04-30,12.4871,2200000000.0,32648000335.69336,17613596181.106567
TCELL,2021-05-31,13.3286,2200000000.0,34848000335.69336,18800496181.106567
TCELL,2021-06-30,13.5473,2200000000.0,35420000839.2334,19109090452.76642
TCELL,2021-07-30,13.2769,2200000000.0,33836000251.77002,18254522135.829926
TCELL,2021-08-31,14.1487,2200000000.0,36057998657.22656,19453290275.57373
TCELL,2021-09-30,13.2337,2200000000.0,33725999832.15332,18195176909.446716
TCELL,2021-10-28,13.5363,2200000000.0,33637999916.07666,18147700954.72336
TCELL,2021-11-30,16.7323,2200000000.0,41579999160.7666,22432409547.23358
TCELL,2021-12-31,16.3427,2200000000.0,40611997985.83984,21910172913.360596
TCELL,2022-01-31,16.5464,2200000000.0,41118001174.92676,22183161633.872986
TCELL,2022-02-28,18.1665,2200000000.0,45144001007.08008,24355188543.319702
TCELL,2022-03-31,19.9548,2200000000.0,49588002014.16016,26752727086.639404
TCELL,2022-04-29,19.158,2200000000.0,47607998657.22656,25684515275.57373
TCELL,2022-05-31,17.1218,2200000000.0,42548000335.69336,22954646181.106567
TCELL,2022-06-30,14.3419,2200000000.0,35640001678.4668,19227780905.53284
TCELL,2022-07-29,15.477,2200000000.0,37224000167.84668,20082348090.553284
TCELL,2022-08-31,19.7579,2200000000.0,47520000839.2334,25637040452.76642
TCELL,2022-09-30,18.1297,2200000000.0,43603999328.61328,23524357637.786865
TCELL,2022-10-31,23.4534,2200000000.0,56407998657.22656,30432115275.57373
TCELL,2022-11-30,30.9906,2200000000.0,74536002349.85352,40212173267.74597
TCELL,2022-12-30,34.6495,2200000000.0,83336002349.85352,44959773267.74597
TCELL,2023-01-31,33.2043,2200000000.0,79859998321.5332,43084469094.46716
TCELL,2023-02-28,29.1978,2200000000.0,70224000167.84668,37885848090.55328
TCELL,2023-03-31,29.2527,2200000000.0,70355998992.91992,37950025856.781006
TCELL,2023-04-28,30.2772,2200000000.0,72819996643.0664,39279106189.27002
TCELL,2023-05-31,30.643,2200000000.0,73700000000.0,39753780000.0
TCELL,2023-06-27,33.2043,2200000000.0,79859998321.5332,43076483094.63501
TCELL,2023-07-31,47.2909,2200000000.0,113740001678.4668,61351356905.36499
TCELL,2023-08-31,51.0413,2200000000.0,122759998321.5332,66229019094.46716
TCELL,2023-09-29,48.7545,2200000000.0,117259998321.5332,63261769094.46716
TCELL,2023-10-31,43.9065,2200000000.0,105600000000.0,56971200000.0
TCELL,2023-11-30,52.9164,2200000000.0,127269996643.0664,68649436189.27002
TCELL,2023-12-29,52.3015,2200000000.0,123419996643.0664,66572746189.27002
TCELL,2024-01-31,63.9085,2200000000.0,150810006713.8672,81346917621.45996
TCELL,2024-02-29,62.4169,2200000000.0,147289993286.1328,79448222378.54004
TCELL,2024-03-29,63.1161,2200000000.0,148939993286.1328,80338232378.54004
TCELL,2024-04-30,75.3291,2200000000.0,177760006713.8672,95883747621.45996
TCELL,2024-05-31,92.8562,2200000000.0,219119996643.0664,118193326189.27002
TCELL,2024-06-28,93.7884,2200000000.0,221319996643.0664,119380006189.27002
TCELL,2024-07-31,98.4499,2200000000.0,232319996643.0664,125313406189.27002
TCELL,2024-08-29,91.6908,2200000000.0,216369996643.0664,116709976189.27002
TCELL,2024-09-30,88.7541,2200000000.0,209439993286.1328,112971932378.54004
TCELL,2024-10-31,79.0116,2200000000.0,186450000000.0,100571130000.0
TCELL,2024-11-29,84.4189,2200000000.0,199210006713.8672,107453877621.45996
TCELL,2024-12-31,89.2204,2200000000.0,204160006713.8672,110123907621.45996
TCELL,2025-01-31,103.9302,2200000000.0,237819996643.0664,128280106189.27002
TCELL,2025-02-28,96.8156,2200000000.0,221539993286.1328,119498672378.54004
TCELL,2025-03-28,92.1046,2200000000.0,210760006713.8672,113683947621.45996
TCELL,2025-04-30,86.4322,2200000000.0,197780003356.9336,106682533810.72998
TCELL,2025-05-30,91.1913,2200000000.0,208669996643.0664,112556596189.27002
TCELL,2025-06-30,94.3779,2200000000.0,211530003356.9336,114099283810.72998
TCELL,2025-07-31,91.5313,2200000000.0,205150000000.0,110657910000.0
TCELL,2025-08-29,93.0528,2200000000.0,208560006713.8672,112497267621.45996
TCELL,2025-09-30,96.0466,2200000000.0,215269996643.0664,116116636189.27002
TCELL,2025-10-31,97.8625,2200000000.0,219339993286.1328,95939313063.35449
TCELL,2025-11-28,91.8258,2200000000.0,205810006713.8672,88889341899.71924
TCELL,2025-12-31,93.1,2200000000.0,204819996643.0664,88113562555.84717
TCELL,2026-01-30,116.9,2200000000.0,257180003356.9336,111024607449.18823
TCELL,2026-02-27,115.8,2200000000.0,254760006713.8672,110209178904.41895
TCELL,2026-03-31,105.9,2200000000.0,232980003356.9336,100740553451.53809
TCELL,2026-04-30,112.1,2200000000.0,246619996643.0664,106416528551.48315
TCELL,2026-05-26,101.0,2200000000.0,222200000000.0,95834860000.0
TCELL,2026-06-30,107.4,2200000000.0,236280003356.9336,101080585436.09619
TCELL,2026-07-21,111.5,2200000000.0,245300000000.0,103026000000.0
THYAO,2016-07-29,5.0505,1380000000.0,7134600105.28564,3567300052.64282
THYAO,2016-08-31,5.0407,1380000000.0,7120799789.42871,3560399894.714355
THYAO,2016-09-30,5.0212,1380000000.0,7093199815.75012,3546599907.87506
THYAO,2016-10-31,5.3142,1380000000.0,7507200078.96423,3753600039.482115
THYAO,2016-11-30,4.6988,1380000000.0,6637799921.03577,3318899960.517885
THYAO,2016-12-30,4.8942,1380000000.0,6913800315.85693,3456900157.928465
THYAO,2017-01-31,5.4119,1380000000.0,7645199947.35718,3822599973.67859
THYAO,2017-02-28,5.3338,1380000000.0,7534800052.64282,3767400026.32141
THYAO,2017-03-31,5.3436,1380000000.0,7548599710.46448,3774299855.23224
THYAO,2017-04-28,5.9199,1380000000.0,8362799921.03577,4181399960.517885
THYAO,2017-05-31,7.0726,1380000000.0,9991199684.14307,4995599842.071535
THYAO,2017-06-30,7.8639,1380000000.0,11109000263.21411,5554500131.607055
THYAO,2017-07-31,8.6259,1380000000.0,12185399894.71436,6092699947.35718
THYAO,2017-08-31,9.5344,1380000000.0,13468800315.85693,6734400157.928465
THYAO,2017-09-29,8.5477,1380000000.0,12075000000.0,6037500000.0
THYAO,2017-10-31,10.1401,1380000000.0,14324400157.92847,7162200078.964235
THYAO,2017-11-30,11.9766,1380000000.0,16918800315.85693,8459400157.928465
THYAO,2017-12-29,15.3273,1380000000.0,21652199420.92896,10826099710.46448
THYAO,2018-01-31,16.0991,1380000000.0,22742399368.28613,11371199684.143064
THYAO,2018-02-28,18.6292,1380000000.0,26316599578.85742,13158299789.42871
THYAO,2018-03-30,18.6683,1380000000.0,26371800842.28516,13185900421.14258
THYAO,2018-04-30,16.3237,1380000000.0,23059798736.57227,11529899368.286135
THYAO,2018-05-31,16.2651,1380000000.0,22976999473.57178,11488499736.78589
THYAO,2018-06-29,13.227,1380000000.0,18685199947.35718,9342599973.67859
THYAO,2018-07-31,16.8806,1380000000.0,23846400947.5708,11885046232.269287
THYAO,2018-08-31,15.9037,1380000000.0,22466400947.5708,11195007592.17453
THYAO,2018-09-28,18.6487,1380000000.0,26344200210.57129,13185272205.39093
THYAO,2018-10-31,13.7252,1380000000.0,19389000263.21411,9684805631.475449
THYAO,2018-11-30,16.607,1380000000.0,23460000000.0,11727654000.0
THYAO,2018-12-31,15.7376,1380000000.0,22231800842.28516,11113677241.058352
THYAO,2019-01-31,15.0636,1380000000.0,21279600105.28564,10590856972.400663
THYAO,2019-02-28,13.8131,1380000000.0,19513200473.7854,9668790834.760666
THYAO,2019-03-29,12.6311,1380000000.0,17843400421.14258,8855679629.013062
THYAO,2019-04-30,13.9792,1380000000.0,19747800579.07104,9800833427.392958
THYAO,2019-05-31,12.2013,1380000000.0,17236199684.14307,8512959023.998262
THYAO,2019-06-28,12.592,1380000000.0,17788200473.7854,8785592214.00261
THYAO,2019-07-31,12.172,1380000000.0,17194800052.64282,8473597465.942382
THYAO,2019-08-29,11.0388,1380000000.0,15594000263.21411,7698757929.948806
THYAO,2019-09-30,12.0938,1380000000.0,17084400157.92847,8434568357.969286
THYAO,2019-10-31,11.3709,1380000000.0,16063200473.7854,7930402073.907852
THYAO,2019-11-29,13.3442,1380000000.0,18850799789.42871,9306639856.040955
THYAO,2019-12-31,14.1257,1380000000.0,19954800052.64282,9851684785.98976
THYAO,2020-01-31,13.3638,1380000000.0,18878400421.14258,9286285167.160034
THYAO,2020-02-28,11.4784,1380000000.0,16215000000.0,7981023000.0
THYAO,2020-03-31,8.8603,1380000000.0,12516599578.85742,6216995010.818481
THYAO,2020-04-30,10.4429,1380000000.0,14752199420.92896,7454286367.395403
THYAO,2020-05-29,12.3087,1380000000.0,17388000526.42822,8784417865.951536
THYAO,2020-06-30,12.2306,1380000000.0,17277600631.71387,8709638478.446962
THYAO,2020-07-30,10.4429,1380000000.0,14752199420.92896,7412980209.016802
THYAO,2020-08-31,10.3159,1380000000.0,14572800579.07104,7321375010.92529
THYAO,2020-09-30,10.2573,1380000000.0,14490000000.0,7295715000.0
THYAO,2020-10-30,8.8115,1380000000.0,12447600631.71387,6268611678.131105
THYAO,2020-11-30,11.1365,1380000000.0,15731999473.57178,7921061734.943391
THYAO,2020-12-31,12.6116,1380000000.0,17815799789.42871,8968473613.998413
THYAO,2021-01-29,11.8301,1380000000.0,16711799526.2146,8402692801.780701
THYAO,2021-02-26,13.1782,1380000000.0,18616199684.14307,9360225201.187136
THYAO,2021-03-31,12.4553,1380000000.0,17595000000.0,8848525500.0
THYAO,2021-04-30,11.9473,1380000000.0,16877399368.28613,8430260984.458922
THYAO,2021-05-31,13.0121,1380000000.0,18381599578.85742,9290060427.15454
THYAO,2021-06-30,13.0609,1380000000.0,18450599842.07153,9321243040.214537
THYAO,2021-07-30,12.4357,1380000000.0,17567399368.28613,8875050160.858152
THYAO,2021-08-31,12.3869,1380000000.0,17498400421.14258,8847191252.929688
THYAO,2021-09-30,13.6275,1380000000.0,19250999736.78589,9731380366.945267
THYAO,2021-10-28,14.624,1380000000.0,20658600368.49976,10444988346.313478
THYAO,2021-11-30,16.8219,1380000000.0,23763599052.4292,12014875680.908203
THYAO,2021-12-31,19.5572,1380000000.0,27627600631.71387,13968514879.394533
THYAO,2022-01-31,28.0561,1380000000.0,39633599052.4292,20038747680.908203
THYAO,2022-02-28,25.0278,1380000000.0,35355601158.14209,17875791945.55664
THYAO,2022-03-31,31.5143,1380000000.0,44518797683.71582,22508704108.88672
THYAO,2022-04-29,40.3062,1380000000.0,56938797683.71582,28788256108.88672
THYAO,2022-05-31,48.7465,1380000000.0,68862002105.71289,34816628264.64844
THYAO,2022-06-30,45.7182,1380000000.0,64583998947.14355,32653669867.675777
THYAO,2022-07-29,49.235,1380000000.0,69552002105.71289,35165492264.64844
THYAO,2022-08-31,71.4102,1380000000.0,100877997894.28711,51003915735.35156
THYAO,2022-09-30,68.968,1380000000.0,97427997894.28711,49259595735.35156
THYAO,2022-10-31,98.9584,1380000000.0,139794004211.42578,70470157522.97974
THYAO,2022-11-30,117.2261,1380000000.0,165600000000.0,83478960000.0
THYAO,2022-12-30,137.643,1380000000.0,194441991577.14844,98018207954.04053
THYAO,2023-01-31,134.4193,1380000000.0,189888008422.85156,95722545045.95947
THYAO,2023-02-28,140.2806,1380000000.0,198168008422.85156,99896493045.95947
THYAO,2023-03-31,115.7608,1380000000.0,163530000000.0,82288296000.0
THYAO,2023-04-28,124.8458,1380000000.0,176364004211.42578,88693457717.92603
THYAO,2023-05-31,140.476,1380000000.0,198444004211.42578,99837178518.76831
THYAO,2023-06-27,189.2225,1380000000.0,267305995788.57422,134695491277.86255
THYAO,2023-07-31,228.884,1380000000.0,323334004211.4258,162928004722.13745
THYAO,2023-08-31,239.3366,1380000000.0,338100000000.0,170436210000.0
THYAO,2023-09-29,236.8944,1380000000.0,334650000000.0,168697065000.0
THYAO,2023-10-31,212.2769,1380000000.0,299874004211.4258,151166485522.97974
THYAO,2023-11-30,245.1979,1380000000.0,346380000000.0,174610158000.0
THYAO,2023-12-29,223.3157,1380000000.0,315468008422.85156,159027423045.95947
THYAO,2024-01-31,266.4452,1380000000.0,376395000000.0,189891277500.0
THYAO,2024-02-29,275.2371,1380000000.0,388815000000.0,196157167500.0
THYAO,2024-03-29,290.8672,1380000000.0,410895000000.0,207296527500.0
THYAO,2024-04-30,318.4643,1380000000.0,449880000000.0,226964460000.0
THYAO,2024-05-31,295.7517,1380000000.0,417795000000.0,210777577500.0
THYAO,2024-06-28,301.613,1380000000.0,426075000000.0,214912230000.0
THYAO,2024-07-31,282.5638,1380000000.0,399165000000.0,201338826000.0
THYAO,2024-08-29,293.5537,1380000000.0,414690000000.0,208754946000.0
THYAO,2024-09-30,278.412,1380000000.0,393300000000.0,197908560000.0
THYAO,2024-10-31,266.2009,1380000000.0,376050000000.0,189265965000.0
THYAO,2024-11-29,278.412,1380000000.0,393300000000.0,197987220000.0
THYAO,2024-12-31,274.5045,1380000000.0,387780000000.0,195208452000.0
THYAO,2025-01-31,309.6723,1380000000.0,437460000000.0,220217364000.0
THYAO,2025-02-28,301.1245,1380000000.0,425385000000.0,214138809000.0
THYAO,2025-03-28,303.811,1380000000.0,429180000000.0,216135048000.0
THYAO,2025-04-30,277.6793,1380000000.0,392265000000.0,197544654000.0
THYAO,2025-05-30,266.9336,1380000000.0,377085000000.0,189258961500.0
THYAO,2025-06-30,280.6087,1380000000.0,391230000000.0,196358337000.0
THYAO,2025-07-31,285.0628,1380000000.0,397440000000.0,201184128000.0
THYAO,2025-08-29,331.5835,1380000000.0,462300000000.0,234016260000.0
THYAO,2025-09-30,315.0,1380000000.0,434700000000.0,220045140000.0
THYAO,2025-10-31,291.5,1380000000.0,402270000000.0,203629074000.0
THYAO,2025-11-28,272.75,1380000000.0,376395000000.0,190531149000.0
THYAO,2025-12-31,268.5,1380000000.0,370530000000.0,187562286000.0
THYAO,2026-01-30,304.0,1380000000.0,419520000000.0,211689792000.0
THYAO,2026-02-27,307.5,1380000000.0,424350000000.0,214763535000.0
THYAO,2026-03-31,294.25,1380000000.0,406065000000.0,204981612000.0
THYAO,2026-04-30,308.25,1380000000.0,425385000000.0,214564194000.0
THYAO,2026-05-26,296.75,1380000000.0,409515000000.0,206477463000.0
THYAO,2026-06-30,326.0,1380000000.0,449880000000.0,225704796000.0
THYAO,2026-07-21,317.5,1380000000.0,438150000000.0,219863670000.0
TKFEN,2016-07-29,5.2829,370000000.0,2723200049.40033,1116512020.254135
TKFEN,2016-08-31,5.2686,370000000.0,2715800056.45752,1113478023.147583
TKFEN,2016-09-30,5.5413,370000000.0,2856399922.37091,1171123968.172073
TKFEN,2016-10-31,5.6346,370000000.0,2904499964.71405,1394159983.062744
TKFEN,2016-11-30,4.357,370000000.0,2245900063.51471,1078032030.487061
TKFEN,2016-12-30,4.6369,370000000.0,2390200014.11438,1147296006.774902
TKFEN,2017-01-31,5.4121,370000000.0,2789799985.88562,1339103993.225098
TKFEN,2017-02-28,5.6633,370000000.0,2919299950.59967,1401263976.287842
TKFEN,2017-03-31,6.442,370000000.0,3200499858.8562,1536239932.250976
TKFEN,2017-04-28,6.8218,370000000.0,3389199943.54248,1626815972.90039
TKFEN,2017-05-31,7.1793,370000000.0,3566800127.02942,1712064060.974122
TKFEN,2017-06-30,6.4941,370000000.0,3226400098.80066,1548672047.424317
TKFEN,2017-07-31,8.14,370000000.0,4044100112.91504,1941168054.199219
TKFEN,2017-08-31,9.5401,370000000.0,4739700155.25818,2275056074.523926
TKFEN,2017-09-29,8.7209,370000000.0,4332700014.11438,2079696006.774902
TKFEN,2017-10-31,9.5401,370000000.0,4739700155.25818,2275056074.523926
TKFEN,2017-11-30,10.5455,370000000.0,5239199943.54248,2514815972.90039
TKFEN,2017-12-29,12.6605,370000000.0,6290000000.0,3019200000.0
TKFEN,2018-01-31,12.0796,370000000.0,6001399745.94116,2880671878.051757
TKFEN,2018-02-28,13.5319,370000000.0,6722900028.22876,3226992013.549805
TKFEN,2018-03-30,12.6978,370000000.0,6308499717.7124,
TKFEN,2018-04-30,11.8877,370000000.0,5690600042.34314,
TKFEN,2018-05-31,11.7022,370000000.0,5601800127.02942,
TKFEN,2018-06-29,13.4103,370000000.0,6419500141.1438,
TKFEN,2018-07-31,15.0721,370000000.0,7215000000.0,3621208500.0
TKFEN,2018-08-31,15.8142,370000000.0,7570199661.25488,3799483209.983824
TKFEN,2018-09-28,16.7108,370000000.0,7999400310.51636,4010899315.692903
TKFEN,2018-10-31,16.417,370000000.0,7858799915.31372,3985983317.047119
TKFEN,2018-11-30,15.4895,370000000.0,7414800338.74512,3773391892.387392
TKFEN,2018-12-31,16.0151,370000000.0,7666399745.94116,3901430830.709456
TKFEN,2019-01-31,19.0605,370000000.0,9124199943.54248,4643305351.268768
TKFEN,2019-02-28,20.4054,370000000.0,9767999858.8562,4970935128.17192
TKFEN,2019-03-29,17.4219,370000000.0,8339800338.74512,4244124392.387392
TKFEN,2019-04-30,21.7177,370000000.0,9849400310.51636,5012359818.021776
TKFEN,2019-05-31,20.2981,370000000.0,9205599689.48364,4684729681.978224
TKFEN,2019-06-28,21.1792,370000000.0,9605199661.25488,4889046627.578734
TKFEN,2019-07-31,19.2702,370000000.0,8739400310.51636,4450102638.114931
TKFEN,2019-08-29,16.9042,370000000.0,7666399745.94116,3903730750.633239
TKFEN,2019-09-30,15.6152,370000000.0,7081799774.16992,3606052445.007323
TKFEN,2019-10-31,13.8285,370000000.0,6271500282.2876,3190939343.627931
TKFEN,2019-11-29,15.4194,370000000.0,6992999858.8562,3553143228.284835
TKFEN,2019-12-31,15.7621,370000000.0,7148399887.08496,3632101982.627868
TKFEN,2020-01-31,15.7049,370000000.0,7122500000.0,3618942250.0
TKFEN,2020-02-28,12.1152,370000000.0,5494500141.1438,2791755521.715165
TKFEN,2020-03-31,10.3612,370000000.0,4698999929.4281,2382862864.21299
TKFEN,2020-04-30,12.107,370000000.0,5272500000.0,2673157500.0
TKFEN,2020-05-29,11.9031,370000000.0,5183700084.68628,2626062462.902069
TKFEN,2020-06-30,14.4604,370000000.0,6297400169.37256,3190262925.804139
TKFEN,2020-07-30,12.9991,370000000.0,5661000070.5719,2867862635.751725
TKFEN,2020-08-31,12.5997,370000000.0,5487099971.77124,2779764845.69931
TKFEN,2020-09-30,12.9126,370000000.0,5483399887.08496,2777890382.797241
TKFEN,2020-10-30,11.5621,370000000.0,4909900169.37256,2487355425.804139
TKFEN,2020-11-30,12.6773,370000000.0,5383500070.5719,2727281135.751725
TKFEN,2020-12-31,14.4548,370000000.0,6138300056.45752,3109662808.60138
TKFEN,2021-01-29,15.9622,370000000.0,6700700225.83008,3393904664.382936
TKFEN,2021-02-26,14.1465,370000000.0,5938499717.7124,3008443956.993102
TKFEN,2021-03-31,13.0624,370000000.0,5483399887.08496,2777890382.797241
TKFEN,2021-04-30,14.1818,370000000.0,5953300056.45752,3015941808.60138
TKFEN,2021-05-31,13.2916,370000000.0,5579599971.77124,2826625345.69931
TKFEN,2021-06-30,12.9743,370000000.0,5446400098.80066,2759146290.052414
TKFEN,2021-07-30,12.5688,370000000.0,5276200084.68628,2672922962.902069
TKFEN,2021-08-31,13.0007,370000000.0,5457500000.0,2764769500.0
TKFEN,2021-09-30,12.1898,370000000.0,5117099971.77124,2592322845.69931
TKFEN,2021-10-28,13.3356,370000000.0,5598100042.34314,2835997481.451035
TKFEN,2021-11-30,16.4117,370000000.0,6889400310.51636,3490170197.307588
TKFEN,2021-12-31,17.8396,370000000.0,7488799915.31372,3847745396.488189
TKFEN,2022-01-31,22.2819,370000000.0,9353600254.05884,4805879810.535432
TKFEN,2022-02-28,16.306,370000000.0,6845000000.0,3516961000.0
TKFEN,2022-03-31,18.7739,370000000.0,7880999717.7124,4049257654.960631
TKFEN,2022-04-29,17.8582,370000000.0,7270499858.8562,3561817880.853652
TKFEN,2022-05-31,17.8855,370000000.0,7281600112.91504,3567255895.317078
TKFEN,2022-06-30,19.6486,370000000.0,7999400310.51636,3918906212.121965
TKFEN,2022-07-29,23.193,370000000.0,9442400169.37256,4625831842.975617
TKFEN,2022-08-31,27.0645,370000000.0,11018600254.05884,5398012264.463426
TKFEN,2022-09-30,26.7555,370000000.0,10892800197.60132,5336382816.804887
TKFEN,2022-10-31,29.9546,370000000.0,12195199661.25488,6054916631.813048
TKFEN,2022-11-30,39.9152,370000000.0,16250399322.50977,8068323263.626101
TKFEN,2022-12-30,44.7683,370000000.0,18226199378.96729,9093050870.16678
TKFEN,2023-01-31,35.3893,370000000.0,14407799491.88232,7154913227.66876
TKFEN,2023-02-28,32.7174,370000000.0,13320000000.0,6614712000.0
TKFEN,2023-03-31,29.5729,370000000.0,12039800338.74512,5929601666.831972
TKFEN,2023-04-28,27.2141,370000000.0,10655999717.7124,5248079860.973357
TKFEN,2023-05-31,29.66,370000000.0,11025999717.7124,5430304860.973357
TKFEN,2023-06-27,38.3192,370000000.0,14245000000.0,7041303500.0
TKFEN,2023-07-31,44.6095,370000000.0,16583399887.08496,8197174564.186096
TKFEN,2023-08-31,47.4759,370000000.0,17649000282.2876,8759198840.099337
TKFEN,2023-09-29,53.3482,370000000.0,19831999435.4248,9842621319.801329
TKFEN,2023-10-31,40.6482,370000000.0,15110800056.45752,7499490068.019867
TKFEN,2023-11-30,44.8882,370000000.0,16686999435.4248,8281757819.801328
TKFEN,2023-12-29,36.7466,370000000.0,13660399322.50977,6779656183.761599
TKFEN,2024-01-31,41.5838,370000000.0,15458599548.33984,7672102955.841063
TKFEN,2024-02-29,46.7593,370000000.0,17382599830.62744,8625246035.957336
TKFEN,2024-03-29,40.5685,370000000.0,15081199378.96729,7413917614.70032
TKFEN,2024-04-30,51.5069,370000000.0,19147500000.0,9403337250.0
TKFEN,2024-05-31,52.4027,370000000.0,19480500564.5752,9559081627.03705
TKFEN,2024-06-28,52.4525,370000000.0,19499000282.2876,9616906939.224243
TKFEN,2024-07-31,57.4787,370000000.0,21367500000.0,10536314250.0
TKFEN,2024-08-29,53.1492,370000000.0,19758000564.5752,9780210279.464724
TKFEN,2024-09-30,51.7557,370000000.0,19240000000.0,9583444000.0
TKFEN,2024-10-31,74.797,370000000.0,27805500564.5752,13510692724.32709
TKFEN,2024-11-29,81.6148,370000000.0,30340000000.0,14411500000.0
TKFEN,2024-12-31,71.7116,370000000.0,26658501129.15039,12524163830.474854
TKFEN,2025-01-31,63.4506,370000000.0,23587500000.0,10918653750.0
TKFEN,2025-02-28,70.0693,370000000.0,26048000564.5752,12008128260.269167
TKFEN,2025-03-28,149.2954,370000000.0,55500000000.0,27716700000.0
TKFEN,2025-04-30,136.3565,370000000.0,50690000000.0,15039723000.0
TKFEN,2025-05-30,110.4786,370000000.0,41070000000.0,10883550000.0
TKFEN,2025-06-30,108.289,370000000.0,40256001129.15039,12463257949.58496
TKFEN,2025-07-31,107.2936,370000000.0,39886001129.15039,12312808548.568726
TKFEN,2025-08-29,104.0091,370000000.0,38665000000.0,11935885500.0
TKFEN,2025-09-30,81.1172,370000000.0,30155000000.0,9308848500.0
TKFEN,2025-10-31,83.8045,370000000.0,31153998870.84961,6607763160.507202
TKFEN,2025-11-28,67.6806,370000000.0,25160000000.0,5336436000.0
TKFEN,2025-12-31,70.4,370000000.0,26048000564.5752,5524780919.7464
TKFEN,2026-01-30,76.75,370000000.0,28397500000.0,6014590500.0
TKFEN,2026-02-27,71.9,370000000.0,26603000564.5752,5634515519.577027
TKFEN,2026-03-31,98.0,370000000.0,36260000000.0,7766892000.0
TKFEN,2026-04-30,142.6,370000000.0,52762002258.30078,11301620883.728027
TKFEN,2026-05-26,140.8,370000000.0,52096001129.15039,11148544241.638184
TKFEN,2026-06-30,134.8,370000000.0,49876001129.15039,10673464241.638184
TKFEN,2026-07-21,145.8,370000000.0,53946001129.15039,11544444241.638184
TOASO,2016-07-29,11.2858,500000000.0,11800000190.73486,2832000045.776366
TOASO,2016-08-31,10.4059,500000000.0,10880000114.44092,2611200027.465821
TOASO,2016-09-30,10.4729,500000000.0,10949999809.26514,2627999954.223634
TOASO,2016-10-31,11.1424,500000000.0,11649999618.53027,2795999908.447265
TOASO,2016-11-30,10.2529,500000000.0,10720000267.02881,2572800064.086914
TOASO,2016-12-30,11.7832,500000000.0,12319999694.82422,2956799926.757813
TOASO,2017-01-31,12.4527,500000000.0,13020000457.76367,3124800109.863281
TOASO,2017-02-28,12.9978,500000000.0,13590000152.58789,3261600036.621094
TOASO,2017-03-31,13.017,500000000.0,13609999656.67725,3266399917.60254
TOASO,2017-04-28,14.5189,500000000.0,14789999961.85303,3549599990.844727
TOASO,2017-05-31,14.3815,500000000.0,14649999618.53027,3515999908.447265
TOASO,2017-06-30,14.1852,500000000.0,14449999809.26514,3467999954.223634
TOASO,2017-07-31,15.1668,500000000.0,15449999809.26514,3707999954.223634
TOASO,2017-08-31,15.5104,500000000.0,15800000190.73486,3792000045.776366
TOASO,2017-09-29,15.157,500000000.0,15439999580.3833,3705599899.291992
TOASO,2017-10-31,15.157,500000000.0,15439999580.3833,3705599899.291992
TOASO,2017-11-30,15.3141,500000000.0,15600000381.46973,3744000091.552735
TOASO,2017-12-29,16.2074,500000000.0,16510000228.88184,3962400054.931642
TOASO,2018-01-31,15.6577,500000000.0,15949999809.26514,3827999954.223634
TOASO,2018-02-28,14.9116,500000000.0,15189999580.3833,3645599899.291992
TOASO,2018-03-30,14.0699,500000000.0,13520000457.76367,3244800109.863281
TOASO,2018-04-30,13.0189,500000000.0,12510000228.88184,3002400054.931642
TOASO,2018-05-31,13.0085,500000000.0,12500000000.0,3000000000.0
TOASO,2018-06-29,12.5193,500000000.0,12029999732.97119,2887199935.913086
TOASO,2018-07-31,11.9678,500000000.0,11500000000.0,2772650000.0
TOASO,2018-08-31,11.9157,500000000.0,11449999809.26514,2760594954.013825
TOASO,2018-09-28,11.1248,500000000.0,10689999580.3833,2576289898.872375
TOASO,2018-10-31,10.9791,500000000.0,10550000190.73486,2543605045.986175
TOASO,2018-11-30,10.0946,500000000.0,9699999809.26514,2338669954.013825
TOASO,2018-12-31,8.7937,500000000.0,8449999809.26514,2037294954.013825
TOASO,2019-01-31,10.9583,500000000.0,10529999732.97119,2538782935.619354
TOASO,2019-02-28,11.0208,500000000.0,10590000152.58789,2553249036.78894
TOASO,2019-03-29,9.7,500000000.0,8555000305.17578,2062610573.577881
TOASO,2019-04-30,10.1649,500000000.0,8965000152.58789,2161461536.78894
TOASO,2019-05-31,9.5923,500000000.0,8460000038.14697,2039706009.197234
TOASO,2019-06-28,10.9415,500000000.0,9649999618.53027,2326614908.027648
TOASO,2019-07-31,11.157,500000000.0,9840000152.58789,2372424036.78894
TOASO,2019-08-29,10.0175,500000000.0,8835000038.14697,2130118509.197234
TOASO,2019-09-30,11.4971,500000000.0,10140000343.32275,2444754082.775115
TOASO,2019-10-31,12.6877,500000000.0,11189999580.3833,2697908898.830414
TOASO,2019-11-29,13.7648,500000000.0,12140000343.32275,2926954082.775115
TOASO,2019-12-31,15.2275,500000000.0,13430000305.17578,3237973073.577881
TOASO,2020-01-31,14.9667,500000000.0,13199999809.26514,3182519954.013825
TOASO,2020-02-28,15.0574,500000000.0,13279999732.97119,3201807935.619354
TOASO,2020-03-31,10.7496,500000000.0,8225000381.46973,1983047591.972352
TOASO,2020-04-30,14.5986,500000000.0,11170000076.29395,2693087018.394471
TOASO,2020-05-29,14.5332,500000000.0,11119999885.55908,2681031972.408294
TOASO,2020-06-30,17.317,500000000.0,13250000000.0,3194575000.0
TOASO,2020-07-30,16.6113,500000000.0,12710000038.14697,3064381009.197234
TOASO,2020-08-31,14.677,500000000.0,11229999542.23633,2707552889.633179
TOASO,2020-09-30,16.0754,500000000.0,12300000190.73486,2965530045.986175
TOASO,2020-10-30,17.4608,500000000.0,13359999656.67725,3221095917.224885
TOASO,2020-11-30,18.624,500000000.0,14250000000.0,3435675000.0
TOASO,2020-12-31,22.1658,500000000.0,16959999084.47266,4089055779.266358
TOASO,2021-01-29,23.6557,500000000.0,18100000381.46973,4363910091.972352
TOASO,2021-02-26,22.6494,500000000.0,17329999923.70605,4178262981.605529
TOASO,2021-03-31,23.7354,500000000.0,16549999237.06055,3990204816.055299
TOASO,2021-04-30,21.3977,500000000.0,14920000076.29395,3597212018.394471
TOASO,2021-05-31,20.8097,500000000.0,14510000228.88184,3498361055.183412
TOASO,2021-06-30,21.1826,500000000.0,14770000457.76367,3561047110.366821
TOASO,2021-07-30,23.5059,500000000.0,16389999389.64844,3951628852.844239
TOASO,2021-08-31,30.1317,500000000.0,21010000228.88184,5065511055.183412
TOASO,2021-09-30,37.2882,500000000.0,26000000000.0,6268600000.0
TOASO,2021-10-28,42.1644,500000000.0,29399999618.53027,7088339908.027648
TOASO,2021-11-30,61.7048,500000000.0,43025001525.87891,10373327867.889404
TOASO,2021-12-31,54.283,500000000.0,37849998474.12109,9125634632.110596
TOASO,2022-01-31,57.1155,500000000.0,39825000762.93945,9601807683.9447
TOASO,2022-02-28,57.5816,500000000.0,40150001525.87891,9680165367.889404
TOASO,2022-03-31,60.6496,500000000.0,38924999237.06055,9384817316.0553
TOASO,2022-04-29,61.2728,500000000.0,39325000762.93945,9481257683.9447
TOASO,2022-05-31,59.0525,500000000.0,37900001525.87891,9137690367.889404
TOASO,2022-06-30,46.7434,500000000.0,30000000000.0,7233000000.0
TOASO,2022-07-29,57.4944,500000000.0,36900001525.87891,8896590367.889404
TOASO,2022-08-31,68.8297,500000000.0,44174999237.06055,10650592316.0553
TOASO,2022-09-30,71.2837,500000000.0,45750000000.0,11030325000.0
TOASO,2022-10-31,76.6592,500000000.0,49200000762.93945,11862120183.9447
TOASO,2022-11-30,111.8726,500000000.0,71800003051.75781,17310980735.77881
TOASO,2022-12-30,129.0897,500000000.0,82849998474.1211,19975134632.110596
TOASO,2023-01-31,123.1689,500000000.0,79050003051.75781,19058955735.77881
TOASO,2023-02-28,133.5303,500000000.0,85699996948.24219,20662269264.22119
TOASO,2023-03-31,150.3804,500000000.0,93349998474.1211,22497349632.263184
TOASO,2023-04-28,154.6494,500000000.0,96000000000.0,23136000000.0
TOASO,2023-05-31,172.7724,500000000.0,107250000000.0,25847250000.0
TOASO,2023-06-27,203.3801,500000000.0,126250000000.0,30426250000.0
TOASO,2023-07-31,243.2506,500000000.0,151000000000.0,36391000000.0
TOASO,2023-08-31,217.3951,500000000.0,134949996948.24219,32536444264.22119
TOASO,2023-09-29,238.0151,500000000.0,147750000000.0,35607750000.0
TOASO,2023-10-31,193.8755,500000000.0,120349998474.1211,29004349632.263184
TOASO,2023-11-30,192.1035,500000000.0,119250000000.0,28751175000.0
TOASO,2023-12-29,169.1478,500000000.0,105000000000.0,25315500000.0
TOASO,2024-01-31,198.4667,500000000.0,123199996948.24219,29678879264.831543
TOASO,2024-02-29,215.462,500000000.0,133750000000.0,32207000000.0
TOASO,2024-03-29,223.114,500000000.0,138500000000.0,33364650000.0
TOASO,2024-04-30,239.093,500000000.0,137625000000.0,33153862500.0
TOASO,2024-05-31,268.1924,500000000.0,154375000000.0,37188937500.0
TOASO,2024-06-28,295.3374,500000000.0,170000000000.0,40987000000.0
TOASO,2024-07-31,243.219,500000000.0,140000000000.0,33754000000.0
TOASO,2024-08-29,211.948,500000000.0,122000000000.0,29414200000.0
TOASO,2024-09-30,187.1918,500000000.0,107750000000.0,25978525000.0
TOASO,2024-10-31,163.3042,500000000.0,94000000000.0,22663400000.0
TOASO,2024-11-29,171.9906,500000000.0,99000000000.0,23859000000.0
TOASO,2024-12-31,178.1579,500000000.0,102550003051.75781,24714550735.473633
TOASO,2025-01-31,193.2722,500000000.0,111250000000.0,26811250000.0
TOASO,2025-02-28,169.3847,500000000.0,97500000000.0,23497500000.0
TOASO,2025-03-28,155.747,500000000.0,89650001525.8789,21605650367.736816
TOASO,2025-04-30,186.2188,500000000.0,100000000000.0,24100000000.0
TOASO,2025-05-30,164.8036,500000000.0,88500000000.0,21328500000.0
TOASO,2025-06-30,182.6806,500000000.0,98099998474.1211,23642099632.263184
TOASO,2025-07-31,214.8965,500000000.0,115400001525.8789,27811400367.736816
TOASO,2025-08-29,233.0062,500000000.0,125125000000.0,30155125000.0
TOASO,2025-09-30,241.3861,500000000.0,129625000000.0,31239625000.0
TOASO,2025-10-31,246.0415,500000000.0,132125000000.0,31842125000.0
TOASO,2025-11-28,213.9654,500000000.0,114900001525.8789,27690900367.736816
TOASO,2025-12-31,229.9802,500000000.0,123500000000.0,29763500000.0
TOASO,2026-01-30,303.5366,500000000.0,163000000000.0,39283000000.0
TOASO,2026-02-27,296.0879,500000000.0,159000000000.0,38319000000.0
TOASO,2026-03-31,273.75,500000000.0,136875000000.0,32986875000.0
TOASO,2026-04-30,294.5,500000000.0,147250000000.0,35487250000.0
TOASO,2026-05-26,296.0,500000000.0,148000000000.0,35668000000.0
TOASO,2026-06-30,308.0,500000000.0,154000000000.0,37114000000.0
TOASO,2026-07-21,300.0,500000000.0,150000000000.0,36165000000.0
TRALT,2016-07-29,0.4306,152500000.0,1544825017.45224,
TRALT,2016-08-31,0.5879,152500000.0,2109074988.36517,
TRALT,2016-09-30,0.7197,152500000.0,2581825046.53931,
TRALT,2016-10-31,0.7474,152500000.0,2680949988.36517,
TRALT,2016-11-30,0.6645,152500000.0,2383575017.45224,
TRALT,2016-12-30,0.6946,152500000.0,2491850023.26965,
TRALT,2017-01-31,0.7542,152500000.0,2705349965.09552,
TRALT,2017-02-28,0.8005,152500000.0,2871574988.36517,
TRALT,2017-03-31,0.8468,152500000.0,3037800011.63483,
TRALT,2017-04-28,0.8209,152500000.0,2944774918.55621,
TRALT,2017-05-31,0.778,152500000.0,2790749883.65173,
TRALT,2017-06-30,0.8706,152500000.0,3123199930.19104,
TRALT,2017-07-31,1.3731,152500000.0,4925749883.65173,
TRALT,2017-08-31,1.3663,152500000.0,4901349906.92139,
TRALT,2017-09-29,1.3264,152500000.0,4758000116.34827,
TRALT,2017-10-31,1.3978,152500000.0,5014200162.88757,
TRALT,2017-11-30,1.283,152500000.0,4602450046.53931,
TRALT,2017-12-29,1.624,152500000.0,5825500116.34827,
TRALT,2018-01-31,1.624,152500000.0,5825500116.34827,
TRALT,2018-02-28,1.3935,152500000.0,4998949813.84277,
TRALT,2018-03-30,1.794,152500000.0,6435500116.34827,
TRALT,2018-04-30,1.9266,152500000.0,6911299953.46069,
TRALT,2018-05-31,2.0312,152500000.0,7286449813.84277,
TRALT,2018-06-29,1.8068,152500000.0,6481250000.0,
TRALT,2018-07-31,1.8178,152500000.0,6520899744.03381,
TRALT,2018-08-31,1.8705,152500000.0,6710000000.0,
TRALT,2018-09-28,2.183,152500000.0,7830874767.30347,
TRALT,2018-10-31,1.9139,152500000.0,6865550069.80896,
TRALT,2018-11-30,2.234,152500000.0,8013874883.65173,
TRALT,2018-12-31,2.1809,152500000.0,7823249883.65173,
TRALT,2019-01-31,2.2808,152500000.0,8181625232.69653,
TRALT,2019-02-28,2.0822,152500000.0,7469449930.19104,
TRALT,2019-03-29,1.7838,152500000.0,6398899860.38208,
TRALT,2019-04-30,1.8102,152500000.0,6493450279.23584,
TRALT,2019-05-31,2.0227,152500000.0,7255950279.23584,
TRALT,2019-06-28,2.2467,152500000.0,8059624767.30347,
TRALT,2019-07-31,2.4189,152500000.0,8677250232.69653,
TRALT,2019-08-29,2.9078,152500000.0,10431000232.69653,
TRALT,2019-09-30,2.7803,152500000.0,9973500232.69653,
TRALT,2019-10-31,2.9886,152500000.0,10720750465.39307,
TRALT,2019-11-29,3.1204,152500000.0,11193500232.69653,
TRALT,2019-12-31,3.148,152500000.0,11292625465.39307,
TRALT,2020-01-31,3.4073,152500000.0,12222875232.69653,
TRALT,2020-02-28,3.1034,152500000.0,11132500000.0,
TRALT,2020-03-31,2.6081,152500000.0,9355874767.30347,
TRALT,2020-04-30,3.0545,152500000.0,10957124767.30347,
TRALT,2020-05-29,3.1501,152500000.0,11300249767.30347,
TRALT,2020-06-30,3.5434,152500000.0,12710874767.30347,
TRALT,2020-07-30,3.6751,152500000.0,13183624534.60693,
TRALT,2020-08-31,3.3032,152500000.0,11849249534.60693,
TRALT,2020-09-30,3.3117,152500000.0,11879750232.69653,
TRALT,2020-10-30,3.1289,152500000.0,11223999767.30347,
TRALT,2020-11-30,3.165,152500000.0,11353624534.60693,
TRALT,2020-12-31,4.1109,152500000.0,14746749534.60693,
TRALT,2021-01-29,4.9059,152500000.0,17598500232.69653,
TRALT,2021-02-26,5.4925,152500000.0,19702999534.60693,
TRALT,2021-03-31,5.0589,152500000.0,18147500000.0,
TRALT,2021-04-30,4.8038,152500000.0,17232500000.0,
TRALT,2021-05-31,5.0844,152500000.0,18238999767.30347,
TRALT,2021-06-30,4.9781,152500000.0,17857749767.30347,
TRALT,2021-07-30,4.4425,152500000.0,15936250000.0,
TRALT,2021-08-31,4.3957,152500000.0,15768500232.69653,
TRALT,2021-09-30,4.0599,152500000.0,14563750000.0,
TRALT,2021-10-28,4.5615,152500000.0,16363250465.39307,
TRALT,2021-11-30,5.4883,152500000.0,19687750930.78613,
TRALT,2021-12-31,4.9186,152500000.0,17644249534.60693,
TRALT,2022-01-31,5.4458,152500000.0,19535250930.78613,
TRALT,2022-02-28,4.8676,152500000.0,17461250000.0,
TRALT,2022-03-31,6.0919,152500000.0,21853250465.39307,
TRALT,2022-04-29,7.3205,152500000.0,26260499534.60693,
TRALT,2022-05-31,8.3833,152500000.0,30072999534.60693,
TRALT,2022-06-30,7.227,152500000.0,25925000000.0,
TRALT,2022-07-29,7.6104,152500000.0,24735499534.60693,
TRALT,2022-08-31,7.4274,152500000.0,24140750465.39307,
TRALT,2022-09-30,8.5722,152500000.0,27861749534.60693,
TRALT,2022-10-31,9.1165,152500000.0,29630750465.39307,
TRALT,2022-11-30,17.2665,152500000.0,56120000000.0,
TRALT,2022-12-30,26.5097,152500000.0,86162500000.0,
TRALT,2023-01-31,26.0358,152500000.0,84622253723.14453,
TRALT,2023-02-28,24.1008,3202500000.0,78333147068.02368,
TRALT,2023-03-31,21.2828,3202500000.0,69174001221.6568,
TRALT,2023-04-28,18.6028,3202500000.0,60463197312.35504,
TRALT,2023-05-31,22.682,3202500000.0,73721551465.98816,
TRALT,2023-06-27,24.4358,3202500000.0,79421997556.6864,
TRALT,2023-07-31,28.0,3202500000.0,89670000000.0,
TRALT,2023-08-31,28.46,3202500000.0,91143147068.02368,
TRALT,2023-09-29,28.78,3202500000.0,92167952198.98224,
TRALT,2023-10-31,21.96,3202500000.0,70326897068.02368,
TRALT,2023-11-30,23.24,3202500000.0,74426099267.00592,
TRALT,2023-12-29,19.53,3202500000.0,62544827198.98224,
TRALT,2024-01-31,20.76,3202500000.0,66483900732.99408,
TRALT,2024-02-29,22.9,3202500000.0,73337248778.3432,
TRALT,2024-03-29,23.3,3202500000.0,74618247556.6864,
TRALT,2024-04-30,23.26,3202500000.0,74490150732.99408,
TRALT,2024-05-31,20.88,3202500000.0,66868197312.35504,
TRALT,2024-06-28,21.32,3202500000.0,68277299022.67456,
TRALT,2024-07-31,23.18,3202500000.0,74233950977.32544,
TRALT,2024-08-29,25.14,3202500000.0,80510848045.34912,
TRALT,2024-09-30,23.22,3202500000.0,74362047801.01776,
TRALT,2024-10-31,20.12,3202500000.0,64434302687.64496,
TRALT,2024-11-29,22.72,3202500000.0,72760797801.01776,
TRALT,2024-12-31,22.58,3202500000.0,72312449755.66864,
TRALT,2025-01-31,22.58,3202500000.0,72312449755.66864,
TRALT,2025-02-28,22.4,3202500000.0,71735998778.3432,
TRALT,2025-03-28,28.96,3202500000.0,92744397068.02368,
TRALT,2025-04-30,24.9,3202500000.0,79742248778.3432,
TRALT,2025-05-30,23.16,3202500000.0,74169899511.33728,
TRALT,2025-06-30,24.0,3202500000.0,76860000000.0,
TRALT,2025-07-31,22.86,3202500000.0,73209151954.65088,
TRALT,2025-08-29,24.06,3202500000.0,77052148289.68048,
TRALT,2025-09-30,25.22,3202500000.0,80767047801.01776,
TRALT,2025-10-31,26.88,3202500000.0,86083197312.35504,
TRALT,2025-11-28,34.94,3202500000.0,111895345602.03552,33423139731.32801
TRALT,2025-12-31,40.98,3202500000.0,131238448534.01184,39214048421.96274
TRALT,2026-01-30,54.6,3202500000.0,174856495113.3728,51775008203.06969
TRALT,2026-02-27,61.0,3202500000.0,195352500000.0,57843875250.0
TRALT,2026-03-31,41.9,3202500000.0,134184754886.6272,39732105921.93031
TRALT,2026-04-30,41.38,3202500000.0,132519453420.63904,39239010157.85122
TRALT,2026-05-26,43.54,3202500000.0,139436852931.97632,41287252153.15819
TRALT,2026-06-30,46.62,3202500000.0,149300546579.36096,44133241568.8591
TRALT,2026-07-21,49.54,3202500000.0,158651852931.97632,46976813653.15819
TRENJ,2016-07-29,0.81,259785561.4,210426305.35338,
TRENJ,2016-08-31,1.12,259785561.4,290959830.00675,
TRENJ,2016-09-30,1.64,259785561.4,426048316.97974,
TRENJ,2016-10-31,2.25,259785561.4,584517513.15,
TRENJ,2016-11-30,2.0,259785561.4,519571122.8,
TRENJ,2016-12-30,2.1,259785561.4,545549654.16492,
TRENJ,2017-01-31,2.01,259785561.4,522168975.93649,
TRENJ,2017-02-28,2.04,259785561.4,529962535.34597,
TRENJ,2017-03-31,1.91,259785561.4,496190413.60272,
TRENJ,2017-04-28,1.91,259785561.4,496190413.60272,
TRENJ,2017-05-31,1.93,259785561.4,501386119.87571,
TRENJ,2017-06-30,2.43,259785561.4,631278931.54456,
TRENJ,2017-07-31,4.24,259785561.4,1101490720.8758,
TRENJ,2017-08-31,4.58,259785561.4,1189817851.39193,
TRENJ,2017-09-29,6.22,259785561.4,1615866137.40282,
TRENJ,2017-10-31,6.08,259785561.4,1579496193.49193,
TRENJ,2017-11-30,4.55,259785561.4,1182024353.92016,
TRENJ,2017-12-29,5.37,259785561.4,1395048434.9879,
TRENJ,2018-01-31,5.21,259785561.4,1353482784.80403,
TRENJ,2018-02-28,4.99,259785561.4,1296329891.9258,
TRENJ,2018-03-30,5.25,259785561.4,1363874197.35,
TRENJ,2018-04-30,4.84,259785561.4,1257362156.81613,
TRENJ,2018-05-31,6.7,259785561.4,1740563211.82984,
TRENJ,2018-06-29,5.81,259785561.4,1509354096.86895,
TRENJ,2018-07-31,5.55,259785561.4,1441809915.32016,
TRENJ,2018-08-31,4.87,259785561.4,1265155654.2879,
TRENJ,2018-09-28,5.23,259785561.4,1358678491.07702,
TRENJ,2018-10-31,4.36,259785561.4,1132665082.38911,
TRENJ,2018-11-30,6.08,259785561.0,1579496191.05993,
TRENJ,2018-12-31,5.37,259785561.0,1395048432.8399,
TRENJ,2019-01-31,5.42,259785561.0,1408037760.44007,
TRENJ,2019-02-28,4.82,259785561.0,1252166448.61515,
TRENJ,2019-03-29,4.48,259785561.0,1163839318.23502,
TRENJ,2019-04-30,4.42,259785561.0,1148252199.44007,
TRENJ,2019-05-31,4.7,259785561.0,1220992087.14984,
TRENJ,2019-06-28,5.71,259785561.0,1483375563.22003,
TRENJ,2019-07-31,5.18,259785561.0,1345689161.38485,
TRENJ,2019-08-29,6.09,259785561.0,1582094106.13013,
TRENJ,2019-09-30,6.81,259785561.0,1769139655.54495,
TRENJ,2019-10-31,6.43,259785561.0,1670421112.63485,
TRENJ,2019-11-29,6.51,259785561.0,1691204061.5702,
TRENJ,2019-12-31,7.72,259785561.0,2005544476.41482,
TRENJ,2020-01-31,9.9,259785561.0,2571876954.79967,
TRENJ,2020-02-28,9.32,259785561.0,2421201349.23974,
TRENJ,2020-03-31,8.01,259785561.0,2080882403.0702,
TRENJ,2020-04-30,12.3,259785561.0,3195362449.85016,
TRENJ,2020-05-29,14.75,259785561.0,3831837024.75,
TRENJ,2020-06-30,13.7,259785561.0,3559062136.14984,
TRENJ,2020-07-30,13.08,259785561.0,3397995118.05993,
TRENJ,2020-08-31,11.6,259785561.0,3013512606.70033,
TRENJ,2020-09-30,11.62,259785561.0,3018708189.0899,
TRENJ,2020-10-30,10.8,259785561.0,2805684108.35016,
TRENJ,2020-11-30,11.53,259785561.0,2995327448.95977,
TRENJ,2020-12-31,13.08,259785561.0,3397995118.05993,
TRENJ,2021-01-29,12.7,259785561.0,3299276575.14984,
TRENJ,2021-02-26,13.7,259785561.0,3559062136.14984,
TRENJ,2021-03-31,11.78,259785561.0,3060273839.20977,
TRENJ,2021-04-30,12.53,259785561.0,3255113009.95977,
TRENJ,2021-05-31,13.08,259785561.0,3397995118.05993,
TRENJ,2021-06-30,11.89,259785561.0,3088850409.48029,
TRENJ,2021-07-30,11.66,259785561.0,3029099601.61987,
TRENJ,2021-08-31,12.39,259785561.0,3218743189.98029,
TRENJ,2021-09-30,11.65,259785561.0,3026501686.54967,
TRENJ,2021-10-28,13.66,259785561.0,3548670723.61987,
TRENJ,2021-11-30,14.36,259785561.0,3730520566.76971,
TRENJ,2021-12-31,13.63,259785561.0,3540877226.1601,
TRENJ,2022-01-31,15.23,259785561.0,3956533975.10961,
TRENJ,2022-02-28,13.42,259785561.0,3486322248.44007,
TRENJ,2022-03-31,16.81,259785561.0,4366995141.66954,
TRENJ,2022-04-29,20.66,259785561.0,5367169650.61987,
TRENJ,2022-05-31,20.38,259785561.0,5294429515.15928,
TRENJ,2022-06-30,16.81,259785561.0,4366995141.66954,
TRENJ,2022-07-29,17.58,259785561.0,4567030142.55993,
TRENJ,2022-08-31,17.9,259785561.0,4650161442.79967,
TRENJ,2022-09-30,18.35,259785561.0,4767065143.45033,
TRENJ,2022-10-31,27.36,259785561.0,7107733107.52052,
TRENJ,2022-11-30,35.1,259785561.0,9118472794.69869,
TRENJ,2022-12-30,34.9,259785561.0,9066516475.30131,
TRENJ,2023-01-31,33.72,259785561.0,8759969434.04105,
TRENJ,2023-02-28,31.34,259785561.0,8141679521.38013,
TRENJ,2023-03-31,26.56,259785561.0,6899904361.41954,
TRENJ,2023-04-28,24.92,259785561.0,6473856199.94007,
TRENJ,2023-05-31,27.44,259785561.0,7128515932.58046,
TRENJ,2023-06-27,29.54,259785561.0,7674065709.78078,
TRENJ,2023-07-31,49.4,259785561.0,12833407109.80131,
TRENJ,2023-08-31,48.78,259785561.0,12672339348.45895,
TRENJ,2023-09-29,46.08,259785561.0,11970919126.56157,
TRENJ,2023-10-31,38.0,259785561.0,9871851318.0,
TRENJ,2023-11-30,39.6,259785561.0,10287507819.19869,
TRENJ,2023-12-29,31.92,259785561.0,8292355126.94007,
TRENJ,2024-01-31,36.34,259785561.0,9440607326.38013,
TRENJ,2024-02-29,41.2,259785561.0,10703165311.40065,
TRENJ,2024-03-29,41.42,259785561.0,10760317460.93843,
TRENJ,2024-04-30,42.98,259785561.0,11165583292.85961,
TRENJ,2024-05-31,38.58,259785561.0,10022527419.06157,
TRENJ,2024-06-28,38.62,259785561.0,10032918088.33908,
TRENJ,2024-07-31,44.94,259785561.0,11674762754.57882,
TRENJ,2024-08-29,45.62,259785561.0,11851417015.33908,
TRENJ,2024-09-30,41.98,259785561.0,10905797731.85961,
TRENJ,2024-10-31,34.94,259785561.0,9076907144.57882,
TRENJ,2024-11-29,53.8,259785561.0,13976462983.59935,
TRENJ,2024-12-31,52.4,259785561.0,13612763792.80131,
TRENJ,2025-01-31,55.55,259785561.0,14431087715.34935,
TRENJ,2025-02-28,53.0,259785561.0,13768634733.0,
TRENJ,2025-03-28,63.3,259785561.0,16444425813.09935,
TRENJ,2025-04-30,66.4,259785561.0,17249761646.80131,
TRENJ,2025-05-30,61.1,259785561.0,15872897380.69869,
TRENJ,2025-06-30,59.95,259785561.0,15574144580.15065,
TRENJ,2025-07-31,54.55,259785561.0,14171302154.34935,
TRENJ,2025-08-29,59.6,259785561.0,15483219039.19869,
TRENJ,2025-09-30,72.1,259785561.0,18730538551.69869,
TRENJ,2025-10-31,77.9,259785561.0,20237295598.30131,
TRENJ,2025-11-28,74.9,259785561.0,19457938915.30131,6528138506.08359
TRENJ,2025-12-31,93.05,259785561.0,24173047243.85262,8110057350.312554
TRENJ,2026-01-30,108.0,259785561.0,28056840588.0,9410264333.2152
TRENJ,2026-02-27,121.9,259785561.0,31667860282.30131,10627733910.74032
TRENJ,2026-03-31,91.25,259785561.0,23705432441.25,7953172584.039375
TRENJ,2026-04-30,91.8,259785561.0,23848315292.60262,8003494612.197439
TRENJ,2026-05-26,83.65,259785561.0,21731062574.05131,7292944599.85162
TRENJ,2026-06-30,86.45,259785561.0,22458460955.64738,7537059496.715261
TRENJ,2026-07-21,89.95,259785561.0,23367710419.14738,7823509448.330543
TRMET,2016-07-29,0.86,388080000.0,333748805.55153,
TRMET,2016-08-31,1.13,388080000.0,438530398.14949,
TRMET,2016-09-30,1.73,388080000.0,671378407.40204,
TRMET,2016-10-31,2.3,388080000.0,892583981.4949,
TRMET,2016-11-30,2.09,388080000.0,811087166.69083,
TRMET,2016-12-30,2.14,388080000.0,830491240.71121,
TRMET,2017-01-31,2.05,388080000.0,795563981.4949,
TRMET,2017-02-28,2.08,388080000.0,807206370.39185,
TRMET,2017-03-31,1.95,388080000.0,756756018.5051,
TRMET,2017-04-28,2.05,388080000.0,795563981.4949,
TRMET,2017-05-31,2.22,388080000.0,861537611.10306,
TRMET,2017-06-30,2.97,388080000.0,1152597611.10306,
TRMET,2017-07-31,4.9,388080000.0,1901592037.01019,
TRMET,2017-08-31,6.93,388080000.0,2689394333.38165,
TRMET,2017-09-29,7.06,388080000.0,2739844777.79388,
TRMET,2017-10-31,6.13,388080000.0,2378930444.41223,
TRMET,2017-11-30,4.63,388080000.0,1796810444.41223,
TRMET,2017-12-29,6.44,388080000.0,2499235222.20612,
TRMET,2018-01-31,5.72,388080000.0,2219817518.57758,
TRMET,2018-02-28,5.45,388080000.0,2115035925.97961,
TRMET,2018-03-30,6.28,388080000.0,2437142481.42242,
TRMET,2018-04-30,5.75,388080000.0,2231460000.0,
TRMET,2018-05-31,8.45,388080000.0,3279275925.97961,
TRMET,2018-06-29,6.31,388080000.0,2448784777.79388,
TRMET,2018-07-31,6.26,388080000.0,2429380888.82446,
TRMET,2018-08-31,5.75,388080000.0,2231460000.0,
TRMET,2018-09-28,6.47,388080000.0,2510877518.57758,
TRMET,2018-10-31,5.04,388080000.0,1955923185.19592,
TRMET,2018-11-30,7.77,388080000.0,3015381592.59796,
TRMET,2018-12-31,7.22,388080000.0,2801937518.57758,
TRMET,2019-01-31,6.71,388080000.0,2604016814.80408,
TRMET,2019-02-28,5.91,388080000.0,2293552740.78369,
TRMET,2019-03-29,5.58,388080000.0,2165486370.39185,
TRMET,2019-04-30,5.55,388080000.0,2153844074.02039,
TRMET,2019-05-31,6.95,388080000.0,2697155925.97961,
TRMET,2019-06-28,7.08,388080000.0,2747606370.39185,
TRMET,2019-07-31,7.14,388080000.0,2770891148.18573,
TRMET,2019-08-29,8.18,388080000.0,3174494518.43262,
TRMET,2019-09-30,9.23,388080000.0,3581978222.35107,
TRMET,2019-10-31,8.74,388080000.0,3391819111.17554,
TRMET,2019-11-29,9.19,388080000.0,3566455037.15515,
TRMET,2019-12-31,10.03,388080000.0,3892442296.37146,
TRMET,2020-01-31,10.59,388080000.0,4109767259.21631,
TRMET,2020-02-28,11.3,388080000.0,4385304074.02039,
TRMET,2020-03-31,9.08,388080000.0,3523766370.39185,
TRMET,2020-04-30,11.45,388080000.0,4443515925.97961,
TRMET,2020-05-29,12.06,388080000.0,4680244962.84485,
TRMET,2020-06-30,13.4,388080000.0,5200271851.95923,
TRMET,2020-07-30,14.24,388080000.0,5526259111.17554,
TRMET,2020-08-31,12.85,388080000.0,4986828148.04077,
TRMET,2020-09-30,12.64,388080000.0,4905331333.23669,
TRMET,2020-10-30,12.06,388080000.0,4680244962.84485,
TRMET,2020-11-30,12.67,388080000.0,4916973629.60815,
TRMET,2020-12-31,15.49,388080000.0,6011359111.17554,
TRMET,2021-01-29,15.45,388080000.0,5995835925.97961,
TRMET,2021-02-26,17.13,388080000.0,6647810074.3103,
TRMET,2021-03-31,13.95,388080000.0,5413715925.97961,
TRMET,2021-04-30,13.77,388080000.0,5343861777.64893,
TRMET,2021-05-31,15.92,388080000.0,6178233629.60815,
TRMET,2021-06-30,14.14,388080000.0,5487451333.23669,
TRMET,2021-07-30,13.7,388080000.0,5316695925.97961,
TRMET,2021-08-31,15.9,388080000.0,6170471851.95923,
TRMET,2021-09-30,14.57,388080000.0,5654325481.56738,
TRMET,2021-10-28,16.85,388080000.0,6539148148.04077,
TRMET,2021-11-30,20.06,388080000.0,7784884592.74292,
TRMET,2021-12-31,18.02,388080000.0,6993201777.64893,
TRMET,2022-01-31,23.06,388080000.0,8949124592.74292,
TRMET,2022-02-28,19.62,388080000.0,7614129925.6897,
TRMET,2022-03-31,25.86,388080000.0,10035749036.86523,
TRMET,2022-04-29,31.26,388080000.0,12131380888.82446,
TRMET,2022-05-31,30.32,388080000.0,11766585481.56738,
TRMET,2022-06-30,25.82,388080000.0,10020225481.56738,
TRMET,2022-07-29,28.28,388080000.0,10974902666.47339,
TRMET,2022-08-31,27.12,388080000.0,10524729925.6897,
TRMET,2022-09-30,26.48,388080000.0,10276358222.35107,
TRMET,2022-10-31,31.88,388080000.0,12371990074.3103,
TRMET,2022-11-30,45.66,388080000.0,17719732740.78369,
TRMET,2022-12-30,53.6,388080000.0,20801087407.83691,
TRMET,2023-01-31,53.05,388080000.0,20587643703.91846,
TRMET,2023-02-28,45.64,388080000.0,17711970963.13477,
TRMET,2023-03-31,36.64,388080000.0,14219250963.13477,
TRMET,2023-04-28,35.4,388080000.0,13738032592.16309,
TRMET,2023-05-31,45.1,388080000.0,17502407407.83691,
TRMET,2023-06-27,51.7,388080000.0,20063736296.08154,
TRMET,2023-07-31,60.95,388080000.0,23653476296.08154,
TRMET,2023-08-31,65.55,388080000.0,25438645184.32617,
TRMET,2023-09-29,66.0,388080000.0,25613280000.0,
TRMET,2023-10-31,52.6,388080000.0,20413007407.83691,
TRMET,2023-11-30,55.2,388080000.0,21422016296.08154,
TRMET,2023-12-29,42.42,388080000.0,16462352889.4043,
TRMET,2024-01-31,49.2,388080000.0,19093536296.08154,
TRMET,2024-02-29,51.05,388080000.0,19811483703.91846,
TRMET,2024-03-29,49.98,388080000.0,19396238222.35107,
TRMET,2024-04-30,51.9,388080000.0,20141352592.16309,
TRMET,2024-05-31,49.62,388080000.0,19256529185.48584,
TRMET,2024-06-28,55.1,388080000.0,21383207407.83691,
TRMET,2024-07-31,60.95,388080000.0,23653476296.08154,
TRMET,2024-08-29,62.45,388080000.0,24235596296.08154,
TRMET,2024-09-30,68.65,388080000.0,26641692592.16309,
TRMET,2024-10-31,61.5,388080000.0,23866920000.0,
TRMET,2024-11-29,70.45,388080000.0,27340234815.67383,
TRMET,2024-12-31,74.25,388080000.0,28814940000.0,
TRMET,2025-01-31,69.5,388080000.0,26971560000.0,
TRMET,2025-02-28,66.85,388080000.0,25943147407.83691,
TRMET,2025-03-28,86.75,388080000.0,33665940000.0,
TRMET,2025-04-30,86.5,388080000.0,33568920000.0,
TRMET,2025-05-30,86.5,388080000.0,33568920000.0,
TRMET,2025-06-30,84.1,388080000.0,32637527407.83691,
TRMET,2025-07-31,74.5,388080000.0,28911960000.0,
TRMET,2025-08-29,79.0,388080000.0,30658320000.0,
TRMET,2025-09-30,90.0,388080000.0,34927200000.0,
TRMET,2025-10-31,90.5,388080000.0,35121240000.0,
TRMET,2025-11-28,94.6,388080000.0,36712367407.83691,15165878976.177427
TRMET,2025-12-31,104.4,388080000.0,40515552592.16309,16736974775.822573
TRMET,2026-01-30,143.5,388080000.0,55689480000.0,22999755240.0
TRMET,2026-02-27,168.8,388080000.0,65507905184.32617,27061315631.64514
TRMET,2026-03-31,119.0,388080000.0,46181520000.0,19077585912.0
TRMET,2026-04-30,118.8,388080000.0,46103905184.32617,19045523231.64514
TRMET,2026-05-26,107.9,388080000.0,41873832592.16309,17298080243.82257
TRMET,2026-06-30,111.0,388080000.0,43076880000.0,17795059128.0
TRMET,2026-07-21,116.5,388080000.0,45211320000.0,18649669500.0
TSKB,2016-07-29,0.8512,2050000000.0,2685499882.69806,1047344954.252243
TSKB,2016-08-31,0.8837,2050000000.0,2788000029.32549,1087320011.436941
TSKB,2016-09-30,0.8642,2050000000.0,2726500087.97646,1063335034.310819
TSKB,2016-10-31,0.8902,2050000000.0,2808500009.77516,1095315003.812312
TSKB,2016-11-30,0.8122,2050000000.0,2562500000.0,999375000.0
TSKB,2016-12-30,0.9162,2050000000.0,2890499931.57387,1127294973.313809
TSKB,2017-01-31,0.9357,2050000000.0,2952000117.30194,1151280045.747757
TSKB,2017-02-28,0.9617,2050000000.0,3034000039.10065,1183260015.249254
TSKB,2017-03-31,0.9221,2050000000.0,2828999990.22484,1103309996.187688
TSKB,2017-04-28,1.009,2050000000.0,3095499980.44968,1207244992.375375
TSKB,2017-05-31,1.0405,2400000000.0,3192000102.99683,1244880040.168764
TSKB,2017-06-30,1.1109,2400000000.0,3407999897.00317,1329119959.831236
TSKB,2017-07-31,1.1969,2400000000.0,3671999931.33545,1432079973.220826
TSKB,2017-08-31,1.1891,2400000000.0,3647999954.22363,1422719982.147216
TSKB,2017-09-29,1.0874,2400000000.0,3335999965.66772,1301039986.610411
TSKB,2017-10-31,1.0718,2400000000.0,3288000011.44409,1282320004.463195
TSKB,2017-11-30,1.0561,2400000000.0,3240000057.22046,1263600022.315979
TSKB,2017-12-29,1.1265,2400000000.0,3456000137.3291,1347840053.558349
TSKB,2018-01-31,1.2673,2400000000.0,3888000011.44409,1516320004.463195
TSKB,2018-02-28,1.3221,2400000000.0,4056000137.3291,1581840053.558349
TSKB,2018-03-30,1.2356,2400000000.0,3695999908.44727,1441439964.294435
TSKB,2018-04-30,1.1233,2400000000.0,3359999942.77954,1310399977.684021
TSKB,2018-05-31,0.9789,2400000000.0,2928000068.66455,1141920026.779175
TSKB,2018-06-29,0.908,2800000000.0,2716000080.10864,1059240031.24237
TSKB,2018-07-31,0.805,2800000000.0,2408000040.05432,935748815.565109
TSKB,2018-08-31,0.7114,2800000000.0,2127999973.29712,826940789.623261
TSKB,2018-09-28,0.805,2800000000.0,2408000040.05432,935748815.565109
TSKB,2018-10-31,0.6646,2800000000.0,1987999939.91852,771145176.694394
TSKB,2018-11-30,0.7395,2800000000.0,2212000060.08148,853832023.191451
TSKB,2018-12-31,0.7582,2800000000.0,2268000006.67572,875448002.576828
TSKB,2019-01-31,0.7957,2800000000.0,2380000066.7572,918680025.768279
TSKB,2019-02-28,0.7863,2800000000.0,2351999926.56708,907871971.654893
TSKB,2019-03-29,0.7114,2800000000.0,2127999973.29712,821407989.692688
TSKB,2019-04-30,0.7021,2800000000.0,2100000000.0,810600000.0
TSKB,2019-05-31,0.6365,2800000000.0,1904000020.02716,734944007.730484
TSKB,2019-06-28,0.6927,2800000000.0,2072000026.70288,799792010.307312
TSKB,2019-07-31,0.777,2800000000.0,2323999953.26996,897296381.957532
TSKB,2019-08-29,0.7863,2800000000.0,2351999926.56708,908342371.640206
TSKB,2019-09-30,0.8893,2800000000.0,2659999966.6214,1027291987.109185
TSKB,2019-10-31,0.8425,2800000000.0,2519999933.2428,973223974.218369
TSKB,2019-11-29,0.9642,2800000000.0,2883999919.89136,1113800769.062043
TSKB,2019-12-31,1.1327,2800000000.0,3388000106.81152,1308445641.250609
TSKB,2020-01-31,1.2824,2800000000.0,3836000013.35144,1481463205.156326
TSKB,2020-02-28,1.0297,2800000000.0,3080000066.7572,1189496025.781631
TSKB,2020-03-31,0.8799,2800000000.0,2631999993.32428,1016478397.421837
TSKB,2020-04-30,0.9642,2800000000.0,2883999919.89136,1113800769.062043
TSKB,2020-05-29,1.0297,2800000000.0,3080000066.7572,1189496025.781631
TSKB,2020-06-30,1.2075,2800000000.0,3611999893.18848,1394954358.749391
TSKB,2020-07-30,1.0578,2800000000.0,3163999986.64856,1218772794.857025
TSKB,2020-08-31,1.0203,2800000000.0,3052000093.46008,1176240836.019515
TSKB,2020-09-30,1.0391,2800000000.0,3108000040.05432,1200620415.472984
TSKB,2020-10-30,2.387,2800000000.0,7139999866.4856,2753183948.516847
TSKB,2020-11-30,2.1436,2800000000.0,6411999893.18848,2476955558.73871
TSKB,2020-12-31,1.6662,2800000000.0,4983999919.89136,1937779168.853761
TSKB,2021-01-29,1.6943,2800000000.0,5067999839.78271,1970438337.707518
TSKB,2021-02-26,1.5445,2800000000.0,4619999933.2428,1796255974.044801
TSKB,2021-03-31,1.288,2800000000.0,3780000066.7572,1469664025.955199
TSKB,2021-04-30,1.2021,2800000000.0,3527999973.29712,1371686389.61792
TSKB,2021-05-31,1.2689,2800000000.0,3724000120.16296,1447891246.719359
TSKB,2021-06-30,1.2212,2800000000.0,3583999919.89136,1393459168.853761
TSKB,2021-07-30,1.1926,2800000000.0,3500000000.0,1360800000.0
TSKB,2021-08-31,1.2593,2800000000.0,3696000146.86584,1437004857.101439
TSKB,2021-09-30,1.1449,2800000000.0,3360000133.5144,1305360051.870344
TSKB,2021-10-28,1.2307,2800000000.0,3611999893.18848,1492839555.854799
TSKB,2021-11-30,1.412,2800000000.0,4144000053.40576,1712715222.072601
TSKB,2021-12-31,1.3738,2800000000.0,4032000160.21729,1649088065.528872
TSKB,2022-01-31,1.4502,2800000000.0,4255999946.59424,1740278378.162385
TSKB,2022-02-28,1.2307,2800000000.0,3611999893.18848,1476946756.324769
TSKB,2022-03-31,1.3834,2800000000.0,4060000133.5144,1660134054.594038
TSKB,2022-04-29,1.765,2800000000.0,5180000066.7572,2118102027.297019
TSKB,2022-05-31,2.118,2800000000.0,6216000080.10864,2541722432.756423
TSKB,2022-06-30,1.9176,2800000000.0,5627999973.29712,2301289189.081192
TSKB,2022-07-29,2.5187,2800000000.0,7392000293.73169,3022588920.106888
TSKB,2022-08-31,4.6939,2800000000.0,13776000213.62305,5633006487.350465
TSKB,2022-09-30,2.3374,2800000000.0,6860000133.5144,2805054054.594038
TSKB,2022-10-31,2.8717,2800000000.0,8427999973.29712,3269221189.641953
TSKB,2022-11-30,3.7971,2800000000.0,11144000053.40576,4322757620.716094
TSKB,2022-12-30,4.1692,2800000000.0,12235999679.56543,4746344275.70343
TSKB,2023-01-31,3.9879,2800000000.0,11703999519.34814,4541151813.507078
TSKB,2023-02-28,3.7876,2800000000.0,11116000080.10864,4313008031.082152
TSKB,2023-03-31,3.9021,2800000000.0,11452000427.24609,4443376165.771483
TSKB,2023-04-28,3.7494,2800000000.0,11004000186.92017,4269552072.525026
TSKB,2023-05-31,3.9116,2800000000.0,11479999732.97119,4454239896.392822
TSKB,2023-06-27,4.2741,2800000000.0,12544000053.40576,4864563220.710754
TSKB,2023-07-31,5.8006,2800000000.0,17023999786.37695,6601907117.156981
TSKB,2023-08-31,6.7833,2800000000.0,19908000373.84033,7724304145.050048
TSKB,2023-09-29,7.7469,2800000000.0,22735999679.56543,8821567875.671387
TSKB,2023-10-31,6.3921,2800000000.0,18759999465.94238,7278879792.785643
TSKB,2023-11-30,6.7928,2800000000.0,19935999679.56543,8111958269.615173
TSKB,2023-12-29,6.249,2800000000.0,18340000534.05762,7462546217.308046
TSKB,2024-01-31,7.8232,2800000000.0,22959999465.94238,9342423782.691954
TSKB,2024-02-29,7.8995,2800000000.0,23183999252.31934,9433569295.76874
TSKB,2024-03-29,8.0999,2800000000.0,23771999359.13086,9672826539.230347
TSKB,2024-04-30,9.3497,2800000000.0,27440000534.05762,11168080217.36145
TSKB,2024-05-31,10.5422,2800000000.0,30940000534.05762,12592580217.36145
TSKB,2024-06-28,11.1814,2800000000.0,32816000747.68066,13356112304.306028
TSKB,2024-07-31,12.021,2800000000.0,35280001068.11523,14358960434.722898
TSKB,2024-08-29,11.0193,2800000000.0,32340000534.05762,13162380217.36145
TSKB,2024-09-30,11.2005,2800000000.0,32871999359.13086,13378903739.16626
TSKB,2024-10-31,11.5249,2800000000.0,33823999786.37695,13817103912.734983
TSKB,2024-11-29,12.0973,2800000000.0,35504000854.49219,14517585949.401855
TSKB,2024-12-31,11.6585,2800000000.0,34216000747.68066,14038825106.773375
TSKB,2025-01-31,12.9846,2800000000.0,38107999038.69629,15696684804.039001
TSKB,2025-02-28,11.7825,2800000000.0,34580001068.11523,14243502439.956663
TSKB,2025-03-28,10.4945,2800000000.0,30800000000.0,12686520000.0
TSKB,2025-04-30,9.9793,2800000000.0,29288000106.81152,12063727243.995665
TSKB,2025-05-30,10.3991,2800000000.0,30519998931.88477,12571187560.043337
TSKB,2025-06-30,11.9065,2800000000.0,34943998718.26172,14393433072.052002
TSKB,2025-07-31,13.1372,2800000000.0,38556001281.73828,15881216927.947998
TSKB,2025-08-29,13.8432,2800000000.0,40628000640.86914,16734673463.973999
TSKB,2025-09-30,12.7461,2800000000.0,37407999038.69629,15412095603.942871
TSKB,2025-10-31,12.2977,2800000000.0,36092000961.30371,14866295195.960999
TSKB,2025-11-28,12.2691,2800000000.0,36007999038.69629,14813690804.519653
TSKB,2025-12-31,11.7825,2800000000.0,34580001068.11523,14226212439.422606
TSKB,2026-01-30,13.4139,2800000000.0,39368001174.92676,16199932483.482363
TSKB,2026-02-27,12.3836,2800000000.0,36343998718.26172,14984630671.539307
TSKB,2026-03-31,11.11,2800000000.0,31107999038.69629,12813384804.039001
TSKB,2026-04-30,11.6,2800000000.0,32480001068.11523,13378512439.956663
TSKB,2026-05-26,11.08,2800000000.0,31023999786.37695,12778785512.008665
TSKB,2026-06-30,11.88,2800000000.0,33264000320.43457,13701441731.987
TSKB,2026-07-21,11.23,2800000000.0,31443998718.26172,12863739875.64087
TTKOM,2016-07-29,4.8479,3500000000.0,21139999866.4856,2748199982.643128
TTKOM,2016-08-31,4.7917,3500000000.0,20894999265.67078,2716349904.537201
TTKOM,2016-09-30,4.5509,3500000000.0,19845000267.02881,2579850034.713745
TTKOM,2016-10-31,4.591,3500000000.0,20019999265.67078,2602599904.537201
TTKOM,2016-11-30,4.4385,3500000000.0,19355000734.32922,2516150095.462799
TTKOM,2016-12-30,4.2379,3500000000.0,18480000734.32922,2402400095.462799
TTKOM,2017-01-31,4.5188,3500000000.0,19705000400.54321,2561650052.070617
TTKOM,2017-02-28,4.6231,3500000000.0,20160000801.08643,2620800104.141236
TTKOM,2017-03-31,4.7355,3500000000.0,20650000333.78601,2684500043.392181
TTKOM,2017-04-28,5.1208,3500000000.0,22330000400.54321,2902900052.070617
TTKOM,2017-05-31,5.1769,3500000000.0,22574999332.42798,2934749913.215637
TTKOM,2017-06-30,5.0084,3500000000.0,21839999198.91357,2839199895.858764
TTKOM,2017-07-31,5.819,3500000000.0,25375000000.0,3298750000.0
TTKOM,2017-08-31,5.7629,3500000000.0,25129999399.18518,3266899921.894073
TTKOM,2017-09-29,5.4498,3500000000.0,23764999866.4856,3089449982.643128
TTKOM,2017-10-31,5.1769,3500000000.0,22574999332.42798,2934749913.215637
TTKOM,2017-11-30,4.5669,3500000000.0,19915000200.27161,2588950026.035309
TTKOM,2017-12-29,5.1689,3500000000.0,22540000200.27161,2930200026.035309
TTKOM,2018-01-31,5.0886,3500000000.0,22190000534.05762,2884700069.427491
TTKOM,2018-02-28,5.2492,3500000000.0,22889999866.4856,2975699982.643128
TTKOM,2018-03-30,5.3375,3500000000.0,23275000333.78601,3025750043.392181
TTKOM,2018-04-30,5.0405,3500000000.0,21980000734.32922,2857400095.462799
TTKOM,2018-05-31,4.7596,3500000000.0,20754999399.18518,2698149921.894073
TTKOM,2018-06-29,4.0051,3500000000.0,17464999198.91357,2270449895.858764
TTKOM,2018-07-31,3.8526,3500000000.0,16800000667.57202,2513280099.868774
TTKOM,2018-08-31,2.9376,3500000000.0,12810000300.40741,1916376044.940949
TTKOM,2018-09-28,2.9216,3500000000.0,12740000367.16461,1905904054.927826
TTKOM,2018-10-31,2.5684,3500000000.0,11200000166.89301,1676640024.983884
TTKOM,2018-11-30,3.1383,3500000000.0,13685000300.40741,2048644544.970989
TTKOM,2018-12-31,3.1302,3500000000.0,13650000333.78601,2043405049.967766
TTKOM,2019-01-31,4.0452,3500000000.0,17639999866.4856,2640707980.012894
TTKOM,2019-02-28,4.3583,3500000000.0,19004999399.18518,2846948909.99794
TTKOM,2019-03-29,3.4914,3500000000.0,15224999666.21399,2280704949.998856
TTKOM,2019-04-30,3.4192,3500000000.0,14910000801.08643,2233518120.002747
TTKOM,2019-05-31,3.7242,3500000000.0,16239999532.69958,2432751929.998397
TTKOM,2019-06-28,3.9971,3500000000.0,17430000066.7572,2611014010.000229
TTKOM,2019-07-31,4.3262,3500000000.0,18864999532.69958,2825976929.998397
TTKOM,2019-08-29,4.2539,3500000000.0,18550000667.57202,2778790100.002289
TTKOM,2019-09-30,4.6633,3500000000.0,20334999799.72839,3046182969.999313
TTKOM,2019-10-31,4.6633,3500000000.0,20334999799.72839,3046182969.999313
TTKOM,2019-11-29,5.4257,3500000000.0,23660000801.08643,3544268120.002747
TTKOM,2019-12-31,5.9153,3500000000.0,25794999599.45679,3864090939.998627
TTKOM,2020-01-31,6.2203,3500000000.0,27125000000.0,4063325000.0
TTKOM,2020-02-28,6.0438,3500000000.0,26355000734.32922,3947979110.002517
TTKOM,2020-03-31,5.3776,3500000000.0,23449999332.42798,3512809899.997711
TTKOM,2020-04-30,5.9234,3500000000.0,25830000400.54321,3869334060.001373
TTKOM,2020-05-29,5.9635,3500000000.0,26004999399.18518,3895548909.99794
TTKOM,2020-06-30,6.5093,3500000000.0,28384998798.37036,4252072819.99588
TTKOM,2020-07-30,5.9354,3500000000.0,25339999198.91357,3795931879.997253
TTKOM,2020-08-31,5.5993,3500000000.0,23904999732.97119,3580968959.999084
TTKOM,2020-09-30,5.8535,3500000000.0,24989999532.69958,3743501929.998397
TTKOM,2020-10-30,5.2714,3500000000.0,22504999399.18518,3371248909.99794
TTKOM,2020-11-30,6.2962,3500000000.0,26879999399.18518,4026623909.99794
TTKOM,2020-12-31,7.0012,3500000000.0,29889999866.4856,4477521979.999543
TTKOM,2021-01-29,6.4765,3500000000.0,27650000333.78601,4141970050.001144
TTKOM,2021-02-26,6.2962,3500000000.0,26879999399.18518,4026623909.99794
TTKOM,2021-03-31,5.5583,3500000000.0,23730000734.32922,3554754110.002517
TTKOM,2021-04-30,5.3633,3500000000.0,22294999599.45679,3339790939.998627
TTKOM,2021-05-31,5.8769,3500000000.0,24430000066.7572,3659614010.000229
TTKOM,2021-06-30,5.5906,3500000000.0,23239999532.69958,3481351929.998397
TTKOM,2021-07-30,5.6411,3500000000.0,22819999933.2428,3418435989.999771
TTKOM,2021-08-31,6.4111,3500000000.0,25934999465.94238,3885062919.998169
TTKOM,2021-09-30,6.4803,3500000000.0,26214999198.91357,3927006879.997253
TTKOM,2021-10-28,6.6738,3500000000.0,26355000734.32922,3947979110.002517
TTKOM,2021-11-30,8.7123,3500000000.0,34404999732.97119,5153868959.999084
TTKOM,2021-12-31,8.535,3500000000.0,33705000400.54321,5049009060.001373
TTKOM,2022-01-31,8.4907,3500000000.0,33529999732.97119,5022793959.999084
TTKOM,2022-02-28,7.6753,3500000000.0,30309999465.94238,4540437919.998169
TTKOM,2022-03-31,9.2352,3500000000.0,36470000267.02881,5463206040.000916
TTKOM,2022-04-29,10.08,3500000000.0,35279999732.97119,4692239964.485168
TTKOM,2022-05-31,9.75,3500000000.0,34125000000.0,4538625000.0
TTKOM,2022-06-30,8.77,3500000000.0,30695001602.17285,4082435213.088989
TTKOM,2022-07-29,9.04,3500000000.0,31639999866.4856,4208119982.242585
TTKOM,2022-08-31,10.49,3500000000.0,36714999198.91357,4883094893.455505
TTKOM,2022-09-30,10.83,3500000000.0,37904999732.97119,5041364964.485168
TTKOM,2022-10-31,12.39,3500000000.0,43365001201.62964,5771881659.936905
TTKOM,2022-11-30,17.38,3500000000.0,60829997062.68311,8096472609.043122
TTKOM,2022-12-30,24.56,3500000000.0,85959998130.79834,11441275751.209259
TTKOM,2023-01-31,20.54,3500000000.0,71890003204.3457,9568559426.498413
TTKOM,2023-02-28,18.0,3500000000.0,63000000000.0,8385300000.0
TTKOM,2023-03-31,16.65,3500000000.0,58274998664.85596,7756402322.292328
TTKOM,2023-04-28,16.27,3500000000.0,56945001602.17285,7579379713.249206
TTKOM,2023-05-31,16.03,3500000000.0,56105002403.25928,7467575819.87381
TTKOM,2023-06-27,20.74,3500000000.0,72589999198.91357,9654469893.455505
TTKOM,2023-07-31,21.3,3500000000.0,74549997329.71191,9915149644.851685
TTKOM,2023-08-31,25.68,3500000000.0,89880001068.11523,11963028142.166138
TTKOM,2023-09-29,23.4,3500000000.0,81899998664.85596,10900889822.292328
TTKOM,2023-10-31,19.21,3500000000.0,67234996795.6543,8948978073.501587
TTKOM,2023-11-30,23.9,3500000000.0,83649998664.85596,11125449822.425842
TTKOM,2023-12-29,24.36,3500000000.0,85260002136.23047,11339580284.118652
TTKOM,2024-01-31,32.7,3500000000.0,114450002670.28809,15233295355.415344
TTKOM,2024-02-29,32.1,3500000000.0,112349994659.42383,14953784289.169312
TTKOM,2024-03-29,30.32,3500000000.0,106119998931.88477,14124571857.833862
TTKOM,2024-04-30,40.38,3500000000.0,141330003738.40332,18811023497.581482
TTKOM,2024-05-31,46.12,3500000000.0,161419996261.59668,21485001502.418518
TTKOM,2024-06-28,48.3,3500000000.0,169049997329.7119,22500554644.584656
TTKOM,2024-07-31,51.1,3500000000.0,178849994659.42383,23804934289.16931
TTKOM,2024-08-29,48.36,3500000000.0,169260002136.23047,22528506284.332275
TTKOM,2024-09-30,49.8,3500000000.0,174299997329.7119,23199329644.584656
TTKOM,2024-10-31,47.24,3500000000.0,165340005874.6338,22006754781.913757
TTKOM,2024-11-29,46.04,3500000000.0,161140003204.3457,21447734426.498413
TTKOM,2024-12-31,43.48,3500000000.0,152179998397.82715,20255157786.750793
TTKOM,2025-01-31,50.55,3500000000.0,176924997329.7119,23548717144.584656
TTKOM,2025-02-28,48.2,3500000000.0,168700002670.2881,22453970355.415344
TTKOM,2025-03-28,49.1,3500000000.0,171849994659.42383,22873234289.16931
TTKOM,2025-04-30,52.5,3500000000.0,183750000000.0,24457125000.0
TTKOM,2025-05-30,55.15,3500000000.0,193025005340.57617,25691628210.83069
TTKOM,2025-06-30,58.85,3500000000.0,205974994659.42383,27415271789.16931
TTKOM,2025-07-31,54.45,3500000000.0,190575002670.2881,25365532855.415344
TTKOM,2025-08-29,55.55,3500000000.0,194424997329.7119,25877967144.584656
TTKOM,2025-09-30,50.8,3500000000.0,177799997329.7119,23665179644.584656
TTKOM,2025-10-31,51.0,3500000000.0,178500000000.0,23758350000.0
TTKOM,2025-11-28,55.75,3500000000.0,195125000000.0,25971137500.0
TTKOM,2025-12-31,57.5,3500000000.0,201250000000.0,26786375000.0
TTKOM,2026-01-30,66.5,3500000000.0,232750000000.0,30979025000.0
TTKOM,2026-02-27,67.95,3500000000.0,237824989318.84766,31654506078.338623
TTKOM,2026-03-31,58.05,3500000000.0,203174997329.7119,27042592144.584656
TTKOM,2026-04-30,62.15,3500000000.0,217525005340.57617,28952578210.83069
TTKOM,2026-05-26,61.25,3500000000.0,214375000000.0,28533312500.0
TTKOM,2026-06-30,61.4,3500000000.0,214900005340.57617,28431270706.558228
TTKOM,2026-07-21,58.6,3500000000.0,205099994659.42383,27114219293.97583
TUKAS,2016-07-29,0.0794,272650000.0,357171484.39884,42860578.127861
TUKAS,2016-08-31,0.0927,272650000.0,417154492.19942,50058539.06393
TUKAS,2016-09-30,0.0927,272650000.0,417154492.19942,50058539.06393
TUKAS,2016-10-31,0.0927,272650000.0,417154492.19942,50058539.06393
TUKAS,2016-11-30,0.0739,272650000.0,332633007.80058,39915960.93607
TUKAS,2016-12-30,0.0818,272650000.0,368077506.50048,44169300.780058
TUKAS,2017-01-31,0.0794,272650000.0,357171484.39884,42860578.127861
TUKAS,2017-02-28,0.0806,272650000.0,362624511.70087,43514941.404104
TUKAS,2017-03-31,0.0812,272650000.0,365351009.10068,43842121.092082
TUKAS,2017-04-28,0.0872,272650000.0,392616015.60116,47113921.872139
TUKAS,2017-05-31,0.1157,272650000.0,520761490.89932,62491378.907918
TUKAS,2017-06-30,0.1497,272650000.0,673445507.80058,80813460.93607
TUKAS,2017-07-31,0.1593,272650000.0,717069531.20232,86048343.744278
TUKAS,2017-08-31,0.1466,272650000.0,659813020.80154,79177562.496185
TUKAS,2017-09-29,0.1321,272650000.0,594377018.20135,71325242.184162
TUKAS,2017-10-31,0.1363,272650000.0,613462500.0,73615500.0
TUKAS,2017-11-30,0.123,272650000.0,553479492.19942,66417539.06393
TUKAS,2017-12-29,0.1351,272650000.0,608009505.20039,72961140.624047
TUKAS,2018-01-31,0.1436,272650000.0,646180468.79768,77541656.255722
TUKAS,2018-02-28,0.1412,272650000.0,635274479.19846,76232937.503815
TUKAS,2018-03-30,0.1436,272650000.0,646180468.79768,77541656.255722
TUKAS,2018-04-30,0.1054,272650000.0,474411002.60019,109114530.598044
TUKAS,2018-05-31,0.0933,272650000.0,419880989.59923,96572627.607823
TUKAS,2018-06-29,0.103,272650000.0,463505013.00097,106606152.990223
TUKAS,2018-07-31,0.0988,272650000.0,444419498.6999,102038716.901497
TUKAS,2018-08-31,0.086,272650000.0,387162988.29913,88892622.11348
TUKAS,2018-09-28,0.0945,272650000.0,425333984.39884,97656682.817974
TUKAS,2018-10-31,0.0782,272650000.0,351718489.59923,80754565.211983
TUKAS,2018-11-30,0.0909,272650000.0,408975000.0,93900660.0
TUKAS,2018-12-31,0.1006,272650000.0,452598990.89932,103916728.310484
TUKAS,2019-01-31,0.1733,272650000.0,779778971.39788,179037251.832953
TUKAS,2019-02-28,0.2642,272650000.0,1188754036.4027,272937926.75806
TUKAS,2019-03-29,0.2502,272650000.0,1126044531.20232,258539824.364053
TUKAS,2019-04-30,0.229,272650000.0,1030616992.19942,236938846.506647
TUKAS,2019-05-31,0.2242,272650000.0,1008805013.00097,228998737.95122
TUKAS,2019-06-28,0.3096,272650000.0,1393241536.4027,298989633.712019
TUKAS,2019-07-31,0.2666,272650000.0,1199660026.00193,254087993.507209
TUKAS,2019-08-29,0.2502,272650000.0,1126044531.20232,238608836.161772
TUKAS,2019-09-30,0.3551,272650000.0,1597729036.4027,338558782.813732
TUKAS,2019-10-31,0.3575,272650000.0,1608635026.00193,340869762.009809
TUKAS,2019-11-29,0.5241,272650000.0,2358422395.99228,379234321.275559
TUKAS,2019-12-31,0.7483,272650000.0,3367227604.00772,530338347.631216
TUKAS,2020-01-31,0.8785,272650000.0,3953425000.0,622664437.5
TUKAS,2020-02-28,0.6665,272650000.0,2999150000.0,472366125.0
TUKAS,2020-03-31,0.5211,272650000.0,2344790104.00772,368366525.339613
TUKAS,2020-04-30,0.8634,272650000.0,3885262500.0,610374738.75
TUKAS,2020-05-29,0.518,272650000.0,2331157552.00386,366224851.419806
TUKAS,2020-06-30,0.5465,272650000.0,2459303124.80927,675816498.697587
TUKAS,2020-07-30,0.5362,272650000.0,2412952604.00772,663079375.581321
TUKAS,2020-08-31,0.6113,272650000.0,2751038541.60309,755985391.232529
TUKAS,2020-09-30,0.5998,272650000.0,2699234895.99228,742019672.908278
TUKAS,2020-10-30,0.6077,272650000.0,2734679427.1946,751763374.535796
TUKAS,2020-11-30,0.7198,272650000.0,3239082031.20232,890423650.377518
TUKAS,2020-12-31,0.5871,272650000.0,2641978385.59151,866833108.312574
TUKAS,2021-01-29,0.5677,272650000.0,2554730468.79768,875506131.656965
TUKAS,2021-02-26,0.5289,272650000.0,2380234375.19073,815706320.377863
TUKAS,2021-03-31,0.4805,272650000.0,2162114453.19653,740956623.110451
TUKAS,2021-04-30,0.4381,272650000.0,1971259505.20039,675550632.432174
TUKAS,2021-05-31,0.4108,272650000.0,1848567057.20425,633503930.503896
TUKAS,2021-06-30,0.4132,272650000.0,1859473046.80347,637241413.139549
TUKAS,2021-07-30,0.4041,272650000.0,1818575520.80154,623225830.978688
TUKAS,2021-08-31,0.4041,272650000.0,1818575520.80154,623225830.978688
TUKAS,2021-09-30,0.4084,272650000.0,1837660937.59537,629766403.313933
TUKAS,2021-10-28,0.409,272650000.0,1840387500.0,630516757.5
TUKAS,2021-11-30,0.5138,272650000.0,2312071875.19073,792115824.440344
TUKAS,2021-12-31,0.4677,272650000.0,2104857942.79575,721334816.996104
TUKAS,2022-01-31,0.492,272650000.0,2213917968.79768,758709687.906965
TUKAS,2022-02-28,0.409,272650000.0,1840387500.0,630700796.25
TUKAS,2022-03-31,0.4902,272650000.0,2205738541.60309,755906598.207379
TUKAS,2022-04-29,0.5132,272650000.0,2309345572.8054,791412727.800411
TUKAS,2022-05-31,0.6041,272650000.0,2718320572.8054,931568460.300411
TUKAS,2022-06-30,0.7792,272650000.0,3506278906.39305,1201601781.220898
TUKAS,2022-07-29,0.8585,272650000.0,3863450520.80154,1324004493.478688
TUKAS,2022-08-31,1.0862,490770000.0,4888069218.72139,1675141321.25582
TUKAS,2022-09-30,1.5072,490770000.0,6782441250.22888,2324342616.453437
TUKAS,2022-10-31,2.0427,490770000.0,9192121875.34332,3149220954.492621
TUKAS,2022-11-30,2.5934,490770000.0,11670510936.98502,3998317047.011068
TUKAS,2022-12-30,2.4604,490770000.0,11071770937.90054,3793188723.324725
TUKAS,2023-01-31,2.0372,490770000.0,9167583749.77112,3140814192.671586
TUKAS,2023-02-28,2.058,490770000.0,9260830311.87057,3172760464.846857
TUKAS,2023-03-31,1.6501,490770000.0,7425350156.16417,2542439893.470612
TUKAS,2023-04-28,1.445,490770000.0,6502702500.0,2226525336.0
TUKAS,2023-05-31,1.5247,490770000.0,6860964375.34332,2349194202.117553
TUKAS,2023-06-27,1.5301,490770000.0,6885502968.95027,2357596216.568572
TUKAS,2023-07-31,3.6252,1472310000.0,16313194687.67166,5585637861.058776
TUKAS,2023-08-31,3.5826,1472310000.0,16121794219.17915,5520102340.646941
TUKAS,2023-09-29,3.0984,1472310000.0,13942776093.14919,5185318429.042184
TUKAS,2023-10-31,2.5487,1472310000.0,11469294843.83583,4265430752.422545
TUKAS,2023-11-30,2.5913,1472310000.0,11660695312.32834,4335446517.123677
TUKAS,2023-12-29,2.2346,1472310000.0,10055877187.67166,3738775138.376323
TUKAS,2024-01-31,2.745,1472310000.0,12352681405.47752,4592726946.556542
TUKAS,2024-02-29,2.8367,1472310000.0,12764927812.32834,4746000160.623677
TUKAS,2024-03-29,2.6044,1472310000.0,11719587656.16417,4357342690.561838
TUKAS,2024-04-30,2.9773,1472310000.0,13398021561.64169,4981384416.61838
TUKAS,2024-05-31,2.3753,1472310000.0,10688970936.98502,3973090497.277332
TUKAS,2024-06-28,2.3557,1472310000.0,10600631719.17915,3940254810.01889
TUKAS,2024-07-31,2.8726,1472310000.0,12926881406.85081,4804921818.926446
TUKAS,2024-08-29,2.6894,1472310000.0,12102388593.14919,4960769084.331853
TUKAS,2024-09-30,2.3492,1472310000.0,10571185547.26124,4333128955.822382
TUKAS,2024-10-31,2.1561,1472310000.0,9702523124.65668,3977064228.796773
TUKAS,2024-11-29,2.2314,1472310000.0,10041154452.73876,4115869210.177618
TUKAS,2024-12-31,2.2968,1472310000.0,10335616171.91792,4236569068.869155
TUKAS,2025-01-31,2.0481,1472310000.0,9216660936.98502,3777909318.07016
TUKAS,2025-02-28,1.92,4500000000.0,8639999806.88095,3519935921.323299
TUKAS,2025-03-28,2.06,4500000000.0,9269999742.50793,3776597895.097731
TUKAS,2025-04-30,2.39,4500000000.0,10755000472.06879,4381587192.320825
TUKAS,2025-05-30,2.32,4500000000.0,10439999699.59259,4252211877.644062
TUKAS,2025-06-30,2.71,4500000000.0,12195000171.66138,4965804069.900514
TUKAS,2025-07-31,2.7,4500000000.0,12150000214.57672,4947480087.37564
TUKAS,2025-08-29,3.51,4500000000.0,15794999957.08466,8447165977.048876
TUKAS,2025-09-30,2.73,4500000000.0,12285000085.83069,6934882548.451425
TUKAS,2025-10-31,2.86,4500000000.0,12869999527.93121,7261253733.658789
TUKAS,2025-11-28,2.54,4500000000.0,11429999828.33862,6453377903.079985
TUKAS,2025-12-31,2.47,4500000000.0,11115000128.74603,6275529072.690009
TUKAS,2026-01-30,2.9,4500000000.0,13050000429.15344,7368030242.300032
TUKAS,2026-02-27,2.43,4500000000.0,10935000300.40741,6172807669.579983
TUKAS,2026-03-31,2.27,4500000000.0,10214999914.16931,5767388951.539992
TUKAS,2026-04-30,2.56,4500000000.0,11519999742.50793,6498431854.748723
TUKAS,2026-05-26,2.41,4500000000.0,10845000386.2381,6117664717.876912
TUKAS,2026-06-30,2.26,4500000000.0,10169999957.08466,5740964975.774291
TUKAS,2026-07-21,2.11,4500000000.0,9494999527.93121,5364674733.281134
TUPRS,2016-07-29,4.5598,250419200.0,15989265537.89063,7834740113.566409
TUPRS,2016-08-31,4.1349,250419200.0,14499272062.10938,7104643310.433596
TUPRS,2016-09-30,4.0563,250419200.0,14223810368.94531,6969667080.783202
TUPRS,2016-10-31,4.5026,250419200.0,15788930368.94531,7736575880.783202
TUPRS,2016-11-30,4.8918,250419200.0,17153715200.0,8405320448.0
TUPRS,2016-12-30,5.0525,250419200.0,17717158400.0,8681407616.0
TUPRS,2017-01-31,5.8524,250419200.0,20521852675.78125,10055707811.132812
TUPRS,2017-02-28,6.0809,250419200.0,21323195262.10938,10448365678.433596
TUPRS,2017-03-31,6.4415,250419200.0,22587811075.78125,11068027427.132812
TUPRS,2017-04-28,6.8702,250419200.0,22412518400.0,10982134016.0
TUPRS,2017-05-31,7.2924,250419200.0,23789824000.0,11657013760.0
TUPRS,2017-06-30,7.7683,250419200.0,25342422275.78125,12417786915.132812
TUPRS,2017-07-31,8.321,250419200.0,27145441662.10938,13301266414.433596
TUPRS,2017-08-31,9.0042,250419200.0,29374172924.21875,14393344732.867188
TUPRS,2017-09-29,9.3342,250419200.0,30450974337.89063,14920977425.566408
TUPRS,2017-10-31,10.478,250419200.0,34182220800.0,16749288192.0
TUPRS,2017-11-30,9.3035,250419200.0,30350806275.78125,14871895075.132812
TUPRS,2017-12-29,9.3266,250419200.0,30425932800.0,14908707072.0
TUPRS,2018-01-31,8.8583,250419200.0,28898376062.10938,14160204270.433596
TUPRS,2018-02-28,8.9735,250419200.0,29274004862.10938,14344262382.433596
TUPRS,2018-03-30,9.3739,250419200.0,27145441662.10938,13301266414.433596
TUPRS,2018-04-30,8.9502,250419200.0,25918387200.0,12700009728.0
TUPRS,2018-05-31,9.175,250419200.0,26569476737.89063,13019043601.566408
TUPRS,2018-06-29,9.3393,250419200.0,27045273600.0,13252184064.0
TUPRS,2018-07-31,9.3048,250419200.0,26945105537.89063,13178851118.582308
TUPRS,2018-08-31,10.2041,250419200.0,29549465600.0,14455598571.52
TUPRS,2018-09-28,11.605,250419200.0,33606255875.78125,16443541000.019766
TUPRS,2018-10-31,11.3888,250419200.0,32980207875.78125,16133917692.832188
TUPRS,2018-11-30,10.8008,250419200.0,31277358462.10938,15304011495.51012
TUPRS,2018-12-31,10.0917,250419200.0,29223919875.78125,14299263995.219767
TUPRS,2019-01-31,12.0201,250419200.0,34808268800.0,17031685923.84
TUPRS,2019-02-28,12.4092,250419200.0,35935155200.0,17590258470.4
TUPRS,2019-03-29,12.071,250419200.0,31252316924.21875,15298009134.405079
TUPRS,2019-04-30,11.9259,250419200.0,30876688124.21875,15114138836.805079
TUPRS,2019-05-31,12.6707,250419200.0,32804915200.0,16058005990.4
TUPRS,2019-06-28,11.1231,250419200.0,28798208000.0,14096722816.0
TUPRS,2019-07-31,13.5412,250419200.0,35058688000.0,17161227776.0
TUPRS,2019-08-29,12.1871,250419200.0,31552819200.0,15445104998.4
TUPRS,2019-09-30,13.8797,250419200.0,35935155200.0,17590258470.4
TUPRS,2019-10-31,12.042,250419200.0,31177190400.0,15261234700.8
TUPRS,2019-11-29,11.9839,250419200.0,31026939262.10938,15184584074.876331
TUPRS,2019-12-31,12.2644,250419200.0,31753155324.21875,15536818900.140234
TUPRS,2020-01-31,10.891,250419200.0,28197201537.89063,13796890712.489885
TUPRS,2020-02-28,9.798,250419200.0,25367465724.21875,12412300978.860233
TUPRS,2020-03-31,7.3026,250419200.0,18906649600.0,9249132984.32
TUPRS,2020-04-30,8.7824,250419200.0,22738064124.21875,11123460969.567814
TUPRS,2020-05-29,8.2891,250419200.0,21460924675.78125,10498684351.392187
TUPRS,2020-06-30,8.6567,250419200.0,22412518400.0,10964204001.28
TUPRS,2020-07-30,7.9845,250419200.0,20672105724.21875,10112794120.287813
TUPRS,2020-08-31,7.7378,250419200.0,20033536000.0,9800405811.2
TUPRS,2020-09-30,7.6991,250419200.0,19933367937.89063,9739443574.453362
TUPRS,2020-10-30,7.23,250419200.0,18718835200.0,9155382296.32
TUPRS,2020-11-30,8.7969,250419200.0,22775625475.78125,11139558420.204609
TUPRS,2020-12-31,10.446,250419200.0,27045273600.0,13227843317.76
TUPRS,2021-01-29,9.6142,250419200.0,24891668862.10938,12179493574.23012
TUPRS,2021-02-26,9.7787,250419200.0,25317380737.89063,12395389609.271252
TUPRS,2021-03-31,8.705,250419200.0,22537728000.0,11029964083.2
TUPRS,2021-04-30,8.4874,250419200.0,21974284800.0,10754214981.12
TUPRS,2021-05-31,9.4159,250419200.0,24378308737.89063,11930744296.323673
TUPRS,2021-06-30,9.1645,250419200.0,23727219200.0,11600237466.88
TUPRS,2021-07-30,9.0726,250419200.0,23489321724.21875,11483929390.970547
TUPRS,2021-08-31,9.8367,250419200.0,25467631875.78125,12463859040.007343
TUPRS,2021-09-30,11.0844,250419200.0,28698039937.89063,14047690549.597464
TUPRS,2021-10-28,13.5218,250419200.0,35008604924.21875,17133211249.912657
TUPRS,2021-11-30,14.6728,250419200.0,37988591875.78125,18591616864.007343
TUPRS,2021-12-31,14.934,250419200.0,38664722951.5625,18930248357.085
TUPRS,2022-01-31,16.5589,250419200.0,42871766275.78125,20981442415.367344
TUPRS,2022-02-28,18.6578,250419200.0,48305862151.5625,23640888936.97469
TUPRS,2022-03-31,20.7373,250419200.0,53689874951.5625,26275824801.29469
TUPRS,2022-04-29,22.6524,250419200.0,58648175875.78125,28702417273.607346
TUPRS,2022-05-31,26.2215,250419200.0,67888646648.4375,33224703669.74531
TUPRS,2022-06-30,25.5831,250419200.0,66235878400.0,32415838888.96
TUPRS,2022-07-29,25.9604,250419200.0,67212511751.5625,32893803251.214687
TUPRS,2022-08-31,34.7524,250419200.0,89975615503.125,44034066227.22938
TUPRS,2022-09-30,28.0109,275256514.0,79714288134.43243,39012172612.991234
TUPRS,2022-10-31,36.6579,275256514.0,104322218806.0,48499399522.9094
TUPRS,2022-11-30,46.5526,275256514.0,132480956828.13513,61603644925.08283
TUPRS,2022-12-30,51.2533,275256514.0,145858433488.72974,67809585728.91045
TUPRS,2023-01-31,57.2018,275256514.0,162786709099.72974,75695819731.37433
TUPRS,2023-02-28,57.3662,275256514.0,163254631733.27026,75897078292.79735
TUPRS,2023-03-31,55.1953,275256514.0,145913471351.27026,67776807442.66504
TUPRS,2023-04-28,48.3232,1926795598.0,127746554027.51352,59363823656.58553
TUPRS,2023-05-31,48.8334,1926795598.0,129095305066.0,59990588264.1702
TUPRS,2023-06-27,57.7983,1926795598.0,152794896801.51352,71064906502.38394
TUPRS,2023-07-31,75.3638,1926795598.0,199230667773.25677,92662183581.34172
TUPRS,2023-08-31,102.8416,1926795598.0,271870870638.02704,126338393585.49117
TUPRS,2023-09-29,121.4617,1926795598.0,306360500082.0,142335088338.0972
TUPRS,2023-10-31,108.3988,1926795598.0,273412283595.97296,127027346958.68904
TUPRS,2023-11-30,116.8018,1926795598.0,294607035173.97296,136903889245.34523
TUPRS,2023-12-29,109.2391,1926795598.0,275531770514.0,128039613757.8558
TUPRS,2024-01-31,114.5865,1926795598.0,289019339700.0,134336189092.56
TUPRS,2024-02-29,123.6006,1926795598.0,311755533636.51355,144903972034.2515
TUPRS,2024-03-29,135.2121,1926795598.0,341042820846.0,158687224539.6438
TUPRS,2024-04-30,158.9591,1926795598.0,377266583968.51355,175542141520.54935
TUPRS,2024-05-31,143.4529,1926795598.0,340464776286.48645,158418260406.10214
TUPRS,2024-06-28,134.3602,1926795598.0,318884671469.0,148377037634.5257
TUPRS,2024-07-31,132.5742,1926795598.0,314645727033.51355,146404656788.69385
TUPRS,2024-08-29,136.877,1926795598.0,324857749583.02704,151123825106.02417
TUPRS,2024-09-30,135.5136,1926795598.0,299038670929.48645,139112789716.3971
TUPRS,2024-10-31,126.2582,1926795598.0,278614655231.02704,129611537613.47379
TUPRS,2024-11-29,128.5284,1926795598.0,283624306145.48645,131942027218.8803
TUPRS,2024-12-31,123.9007,1926795598.0,273412283595.97296,127191394328.84662
TUPRS,2025-01-31,123.2895,1926795598.0,272063532557.48648,126563955345.7427
TUPRS,2025-02-28,112.637,1926795598.0,248556632142.0,115553978282.8158
TUPRS,2025-03-28,127.4741,1926795598.0,265897792524.0,123615883744.4076
TUPRS,2025-04-30,115.1886,1926795598.0,240271405190.48648,111702176273.05716
TUPRS,2025-05-30,114.542,1926795598.0,238922654152.0,111075141915.2648
TUPRS,2025-06-30,129.3216,1926795598.0,269751383720.0,125407418291.428
TUPRS,2025-07-31,156.0172,1926795598.0,325435764741.97296,151295087028.54324
TUPRS,2025-08-29,159.0655,1926795598.0,331794196095.48645,154251121764.79166
TUPRS,2025-09-30,179.1533,1926795598.0,359347379027.0,167060596509.6523
TUPRS,2025-10-31,189.816,1926795598.0,380734821925.02704,177003618712.94507
TUPRS,2025-11-28,187.1263,1926795598.0,375339788370.51355,174495467613.45175
TUPRS,2025-12-31,177.136,1926795598.0,355301096510.97296,165215009877.60242
TUPRS,2026-01-30,235.1567,1926795598.0,471679568270.51355,219330999245.7888
TUPRS,2026-02-27,209.8927,1926795598.0,421004838163.0,195893551197.2439
TUPRS,2026-03-31,258.25,1926795598.0,497594963183.5,231530936369.28256
TUPRS,2026-04-30,271.0,1926795598.0,522161607058.0,253770541030.188
TUPRS,2026-05-26,236.2,1926795598.0,455109114367.48645,221137518671.16165
TUPRS,2026-06-30,227.5,1926795598.0,438345998545.0,212992320693.0155
TUPRS,2026-07-21,309.5,1926795598.0,596343237581.0,289763179140.6079
TURSG,2016-07-29,0.0455,150000000.0,166500002.14577,
TURSG,2016-08-31,0.0463,150000000.0,169499999.28474,
TURSG,2016-09-30,0.052,150000000.0,190499997.13898,
TURSG,2016-10-31,0.0512,150000000.0,187500000.0,
TURSG,2016-11-30,0.0445,270000000.0,267300002.57492,
TURSG,2016-12-30,0.0472,270000000.0,283499987.1254,
TURSG,2017-01-31,0.0512,270000000.0,307799996.13762,
TURSG,2017-02-28,0.0548,270000000.0,329400007.72476,
TURSG,2017-03-31,0.053,270000000.0,318599985.83794,
TURSG,2017-04-28,0.0589,270000000.0,353699984.55048,
TURSG,2017-05-31,0.0652,270000000.0,391500012.8746,
TURSG,2017-06-30,0.0715,270000000.0,429300009.01222,
TURSG,2017-07-31,0.0656,270000000.0,394200010.29968,
TURSG,2017-08-31,0.0638,270000000.0,383399988.41286,
TURSG,2017-09-29,0.0692,270000000.0,415799989.70032,
TURSG,2017-10-31,0.0746,270000000.0,448199990.98778,
TURSG,2017-11-30,0.0616,270000000.0,369900001.28746,
TURSG,2017-12-29,0.0742,270000000.0,445499993.5627,
TURSG,2018-01-31,0.0962,270000000.0,577800028.32413,
TURSG,2018-02-28,0.0818,270000000.0,491400014.16206,
TURSG,2018-03-30,0.0818,270000000.0,491400014.16206,
TURSG,2018-04-30,0.0715,270000000.0,429300009.01222,
TURSG,2018-05-31,0.0679,270000000.0,407699997.42508,
TURSG,2018-06-29,0.0737,270000000.0,442799996.13762,
TURSG,2018-07-31,0.0764,270000000.0,459000012.8746,
TURSG,2018-08-31,0.0638,270000000.0,383399988.41286,
TURSG,2018-09-28,0.0683,270000000.0,410399994.85016,
TURSG,2018-10-31,0.062,270000000.0,372599998.71254,
TURSG,2018-11-30,0.071,270000000.0,426600011.58714,
TURSG,2018-12-31,0.0674,270000000.0,405000000.0,
TURSG,2019-01-31,0.0746,270000000.0,448199990.98778,
TURSG,2019-02-28,0.0728,270000000.0,437400001.28746,
TURSG,2019-03-29,0.0652,270000000.0,391500012.8746,
TURSG,2019-04-30,0.0638,270000000.0,383399988.41286,
TURSG,2019-05-31,0.0445,270000000.0,267300002.57492,
TURSG,2019-06-28,0.0463,270000000.0,278099992.27524,
TURSG,2019-07-31,0.0534,540000000.0,599400007.72476,
TURSG,2019-08-29,0.0668,540000000.0,750599992.27524,
TURSG,2019-09-30,0.0822,540000000.0,923400020.59937,
TURSG,2019-10-31,0.0832,540000000.0,934200010.29968,
TURSG,2019-11-29,0.0923,540000000.0,1036799976.82571,
TURSG,2019-12-31,0.1048,540000000.0,1177200036.04889,
TURSG,2020-01-31,0.1231,540000000.0,1382399969.10095,
TURSG,2020-02-28,0.1178,540000000.0,1323000025.74921,
TURSG,2020-03-31,0.1044,540000000.0,1171800041.19873,
TURSG,2020-04-30,0.1438,540000000.0,1614600005.14984,
TURSG,2020-05-29,0.1616,540000000.0,1814399943.35175,
TURSG,2020-06-30,0.2039,540000000.0,2289599876.40381,
TURSG,2020-07-30,0.3006,540000000.0,3375000000.0,
TURSG,2020-08-31,0.2953,540000000.0,3315599927.90222,1287779011.997222
TURSG,2020-09-30,0.2732,1161523363.0,6597452502.4513,2562450551.952085
TURSG,2020-10-30,0.2703,1161523363.0,6527761167.1342,1231788532.238224
TURSG,2020-11-30,0.2669,1161523363.0,6446454886.193,1216446037.024619
TURSG,2020-12-31,0.3174,1161523363.0,7666054085.0285,1446584405.844878
TURSG,2021-01-29,0.3592,1161523363.0,8676579277.9127,1637270509.742126
TURSG,2021-02-26,0.3386,1161523363.0,8177124431.2114,1543023380.169591
TURSG,2021-03-31,0.2948,1161523363.0,7120138348.1158,1343570106.289451
TURSG,2021-04-30,0.2898,1161523363.0,6550991612.2399,1236172117.229669
TURSG,2021-05-31,0.2713,1161523363.0,6132843600.3373,1157267587.383649
TURSG,2021-06-30,0.2425,1161523363.0,5482390029.6627,1034526998.597351
TURSG,2021-07-30,0.2399,1161523363.0,5424314193.8272,1023568088.375193
TURSG,2021-08-31,0.2512,1161523363.0,5679849089.9899,1071787523.281094
TURSG,2021-09-30,0.2517,1161523363.0,5691464589.4715,1075117660.951166
TURSG,2021-10-28,0.2512,1161523363.0,5679849089.9899,1072923493.099092
TURSG,2021-11-30,0.2702,1161523363.0,6109613155.2316,1154105925.023249
TURSG,2021-12-31,0.2589,1161523363.0,5854077705.2114,1105835278.514433
TURSG,2022-01-31,0.2666,1161523363.0,6028306320.4329,1138747063.929775
TURSG,2022-02-28,0.2235,1161523363.0,5052626518.2785,954441149.302809
TURSG,2022-03-31,0.2764,1161523363.0,6248995825.8658,1180435311.50605
TURSG,2022-04-29,0.2857,1161523363.0,5958614985.1158,1125582370.688375
TURSG,2022-05-31,0.2695,1161523363.0,5621773254.1544,1061952967.709766
TURSG,2022-06-30,0.2768,1161523363.0,5772770870.4127,1090476417.420959
TURSG,2022-07-29,0.2896,1161523363.0,6039921266.057,1140941127.158167
TURSG,2022-08-31,0.3731,1161523363.0,7782206310.557,1470058772.064217
TURSG,2022-09-30,0.3453,1161523363.0,7201444629.057,1360352890.428867
TURSG,2022-10-31,0.4427,1161523363.0,9234110514.307,1744323476.152592
TURSG,2022-11-30,0.6872,1161523363.0,14333198476.6544,2707541192.240016
TURSG,2022-12-30,0.6972,1161523363.0,14542273036.4632,2747035376.587898
TURSG,2023-01-31,0.5797,1161523363.0,12091458031.5956,2284076422.168409
TURSG,2023-02-28,0.5519,1161523363.0,11510696350.0956,2174370540.533059
TURSG,2023-03-31,0.5547,1161523363.0,11568772739.7886,2185341170.546067
TURSG,2023-04-28,0.5263,1161523363.0,10976395558.807,2073441121.058642
TURSG,2023-05-31,0.6221,1161523363.0,12974216053.3272,2450829412.473508
TURSG,2023-06-27,0.6076,1161523363.0,12672219713.0956,2393782303.803759
TURSG,2023-07-31,0.9222,1161523363.0,19234826270.9596,3633458682.584268
TURSG,2023-08-31,1.5036,1161523363.0,31361130801.0,5924117608.3089
TURSG,2023-09-29,2.1493,1161523363.0,44602498911.544,8425412044.390662
TURSG,2023-10-31,2.0955,1161523363.0,43487433115.6104,8214776115.538805
TURSG,2023-11-30,2.1336,1161523363.0,44277269356.9192,8363976181.522037
TURSG,2023-12-29,2.2702,1161523363.0,47111389198.3896,8899341419.575794
TURSG,2024-01-31,2.6843,1161523363.0,55706659426.0736,10522987965.585302
TURSG,2024-02-29,2.8097,1161523363.0,58308473708.772,11014470683.58703
TURSG,2024-03-29,2.8545,1161523363.0,59237691513.0,11189999926.8057
TURSG,2024-04-30,3.708,1161523363.0,76950922798.75,14536029316.683874
TURSG,2024-05-31,4.2481,1161523363.0,88159625024.044,16644537204.539509
TURSG,2024-06-28,4.3797,1161523363.0,90889203154.75,17159881555.6168
TURSG,2024-07-31,3.3694,1161523363.0,69923707338.772,13201595945.560154
TURSG,2024-08-29,3.0803,5000000000.0,62899999618.53027,11875519927.978516
TURSG,2024-09-30,3.0387,5000000000.0,62049999237.06055,11715039855.957031
TURSG,2024-10-31,3.1635,5000000000.0,64600000381.46973,12196480072.021484
TURSG,2024-11-29,3.2174,5000000000.0,65700001716.61377,12404160324.09668
TURSG,2024-12-31,4.4882,5000000000.0,91649999618.53027,17303519927.978516
TURSG,2025-01-31,4.3927,5000000000.0,89700002670.28809,16944330504.41742
TURSG,2025-02-28,3.9838,5000000000.0,81350002288.81836,15367015432.357788
TURSG,2025-03-28,4.427,5000000000.0,90399999618.53027,17076559927.940369
TURSG,2025-04-30,4.2923,5000000000.0,87650003433.22754,16557085648.536682
TURSG,2025-05-30,4.0401,5000000000.0,82500000000.0,15584250000.0
TURSG,2025-06-30,4.0891,10000000000.0,83500003814.69727,15773150720.596313
TURSG,2025-07-31,4.8433,10000000000.0,98900003433.22754,18662430647.850037
TURSG,2025-08-29,5.0,10000000000.0,100000000000.0,18890000000.0
TURSG,2025-09-30,4.64,10000000000.0,92799997329.71191,17529919495.58258
TURSG,2025-10-31,6.175,10000000000.0,123500003814.69727,23316800720.214844
TURSG,2025-11-28,6.06,10000000000.0,121199998855.59082,22882559783.935547
TURSG,2025-12-31,5.905,10000000000.0,118100004196.16699,22285470791.81671
TURSG,2026-01-30,6.1,10000000000.0,121999998092.65137,23021399640.083313
TURSG,2026-02-27,6.1,10000000000.0,121999998092.65137,23021399640.083313
TURSG,2026-03-31,6.35,10000000000.0,126999998092.65137,23977599639.89258
TURSG,2026-04-30,7.03,10000000000.0,140600004196.167,26531220791.81671
TURSG,2026-05-26,6.31,10000000000.0,126199998855.59082,30136559726.715088
TURSG,2026-06-30,6.17,20000000000.0,123400001525.8789,28665820354.46167
TURSG,2026-07-21,6.79,20000000000.0,135799999237.06055,31546339822.769165
ULKER,2016-07-29,16.3231,342000000.0,6761340156.55518,2636922661.05652
ULKER,2016-08-31,17.19,342000000.0,7120439895.62988,2776971559.295653
ULKER,2016-09-30,17.6524,342000000.0,7311959712.98218,2851664288.06305
ULKER,2016-10-31,15.8524,342000000.0,6566400260.92529,2560896101.760863
ULKER,2016-11-30,14.2424,342000000.0,5899500000.0,2300805000.0
ULKER,2016-12-30,13.3425,342000000.0,5526719947.81494,2155420779.647827
ULKER,2017-01-31,15.0268,342000000.0,6224400260.92529,2427516101.760863
ULKER,2017-02-28,15.2497,342000000.0,6316739765.16724,2463528508.415224
ULKER,2017-03-31,15.2415,342000000.0,6313319686.88965,2462194677.886964
ULKER,2017-04-28,16.8391,342000000.0,6901560104.37012,2691608440.704347
ULKER,2017-05-31,17.223,342000000.0,7058879791.25977,2752963118.59131
ULKER,2017-06-30,18.5247,342000000.0,7592400260.92529,2961036101.760863
ULKER,2017-07-31,17.7236,342000000.0,7264079921.72241,2832991169.47174
ULKER,2017-08-31,17.223,342000000.0,7058879791.25977,2752963118.59131
ULKER,2017-09-29,16.1465,342000000.0,6617700130.46265,2580903050.880434
ULKER,2017-10-31,16.8892,342000000.0,6922079921.72241,2699611169.47174
ULKER,2017-11-30,15.1702,342000000.0,6217560104.37012,2424848440.704347
ULKER,2017-12-29,16.4136,342000000.0,6727140026.09253,2623584610.176087
ULKER,2018-01-31,19.8264,342000000.0,8125920078.27759,3169108830.52826
ULKER,2018-02-28,18.8251,342000000.0,7715519817.35229,3009052728.767393
ULKER,2018-03-30,18.5247,342000000.0,7592400260.92529,2961036101.760863
ULKER,2018-04-30,17.7737,342000000.0,7284599739.07471,2840993898.239137
ULKER,2018-05-31,14.6028,342000000.0,5985000000.0,2334150000.0
ULKER,2018-06-29,15.0451,342000000.0,6166260234.83276,2404841491.584776
ULKER,2018-07-31,14.5861,342000000.0,5978159843.44482,2490501390.779112
ULKER,2018-08-31,12.3748,342000000.0,5071859973.90747,2112936865.129852
ULKER,2018-09-28,14.1272,342000000.0,5790060104.37012,2427193195.751954
ULKER,2018-10-31,12.3331,342000000.0,5054759908.67615,2118955353.717042
ULKER,2018-11-30,13.0174,342000000.0,5335200130.46265,2236515894.689943
ULKER,2018-12-31,12.4528,342000000.0,5017140026.09253,2103185098.937989
ULKER,2019-01-31,15.6191,342000000.0,6292799869.53735,2641717385.23178
ULKER,2019-02-28,16.451,342000000.0,6627959712.98218,2782417487.509919
ULKER,2019-03-29,14.4646,342000000.0,5827680313.11035,2446460195.443725
ULKER,2019-04-30,16.1454,342000000.0,6504840156.55518,2603237030.653383
ULKER,2019-05-31,16.1708,342000000.0,6515099739.07471,2607342915.577699
ULKER,2019-06-28,16.5019,342000000.0,6648480182.64771,2660721769.095614
ULKER,2019-07-31,15.7464,342000000.0,6344099739.07471,2538908715.577699
ULKER,2019-08-29,15.2116,342000000.0,6128640026.09253,2452681738.442231
ULKER,2019-09-30,16.6802,342000000.0,6720299869.53735,2689464007.788847
ULKER,2019-10-31,15.6106,342000000.0,6289379791.25977,2517009792.46216
ULKER,2019-11-29,18.3864,342000000.0,7407719947.81494,2964569523.115539
ULKER,2019-12-31,18.9806,342000000.0,7647120208.74023,3060377507.53784
ULKER,2020-01-31,19.8125,342000000.0,7982280052.18506,3194508476.884461
ULKER,2020-02-28,17.3847,342000000.0,7004159843.44482,2806566849.268339
ULKER,2020-03-31,16.6802,342000000.0,6720299869.53735,2692824157.723616
ULKER,2020-04-30,20.1181,342000000.0,8105400260.92529,3247833884.552764
ULKER,2020-05-29,20.0332,342000000.0,8071200130.46265,3246236692.472078
ULKER,2020-06-30,20.6274,342000000.0,8310599739.07471,3351664874.768831
ULKER,2020-07-30,22.1214,342000000.0,8912519817.35229,3651459369.169233
ULKER,2020-08-31,19.439,342000000.0,7831799869.53735,3254896025.779723
ULKER,2020-09-30,19.405,342000000.0,7818120208.74023,3246865322.689818
ULKER,2020-10-30,17.164,342000000.0,6915239765.16724,2877431266.286089
ULKER,2020-11-30,18.8448,342000000.0,7592400260.92529,3162234708.675383
ULKER,2020-12-31,19.6427,342000000.0,7913879791.25977,3296130933.059694
ULKER,2021-01-29,19.2522,342000000.0,7756560104.37012,3230607283.470155
ULKER,2021-02-26,17.5036,342000000.0,7052040287.01782,2937174779.542922
ULKER,2021-03-31,17.8771,342000000.0,7202519817.35229,2999849503.927229
ULKER,2021-04-30,18.675,342000000.0,7524000000.0,3133746000.0
ULKER,2021-05-31,19.187,342000000.0,7455599739.07471,3105257291.324617
ULKER,2021-06-30,18.2541,342000000.0,7093079921.72241,2954267787.397384
ULKER,2021-07-30,17.55,342000000.0,6819480182.64771,2840313496.072771
ULKER,2021-08-31,16.8371,342000000.0,6542459712.98218,2724280224.48578
ULKER,2021-09-30,16.8282,342000000.0,6539040287.01782,2722856375.51422
ULKER,2021-10-28,17.7612,342000000.0,6901560104.37012,2874499783.470155
ULKER,2021-11-30,17.8316,342000000.0,6928920078.27759,2885895212.602616
ULKER,2021-12-31,15.3408,342000000.0,5961060104.37012,2482781533.470155
ULKER,2022-01-31,15.1208,342000000.0,5875560104.37012,2447170783.470155
ULKER,2022-02-28,13.0701,342000000.0,5078700130.46265,2115278604.337694
ULKER,2022-03-31,13.4925,342000000.0,5242859973.90747,2181554035.142898
ULKER,2022-04-29,14.7071,342000000.0,5714819686.88965,2374507579.90265
ULKER,2022-05-31,13.9414,342000000.0,5417280052.18506,2250879861.682892
ULKER,2022-06-30,12.6652,342000000.0,4921380117.41638,2044833438.786506
ULKER,2022-07-29,12.9644,342000000.0,5037659843.44482,2093147664.951323
ULKER,2022-08-31,15.8425,342000000.0,6156000000.0,2557818000.0
ULKER,2022-09-30,18.0252,342000000.0,7004159843.44482,2910228414.951323
ULKER,2022-10-31,23.1476,342000000.0,8994599739.07471,3707574012.446595
ULKER,2022-11-30,31.8786,342000000.0,12387240417.48047,5159285633.880616
ULKER,2022-12-30,38.4797,342000000.0,14952240417.48047,6232093806.00586
ULKER,2023-01-31,33.6565,342000000.0,13078080574.03564,5406478509.306334
ULKER,2023-02-28,27.0907,342000000.0,10526760234.83276,4347551976.98593
ULKER,2023-03-31,27.4251,342000000.0,10656719947.81494,4441720874.249267
ULKER,2023-04-28,26.4042,342000000.0,10260000000.0,4276368000.0
ULKER,2023-05-31,29.7487,342000000.0,11559599739.07471,4818041171.246339
ULKER,2023-06-27,30.3824,342000000.0,11805840156.55518,4920674177.252199
ULKER,2023-07-31,34.4134,342000000.0,13372199478.14941,5573532742.492674
ULKER,2023-08-31,53.6885,369275855.0,22525827155.0,9476615484.1085
ULKER,2023-09-29,82.645,369275855.0,34675003347.97024,13533653806.712786
ULKER,2023-10-31,63.81,369275855.0,26772499487.5,10449306549.97125
ULKER,2023-11-30,75.3839,369275855.0,31628477544.22024,12344594785.50916
ULKER,2023-12-29,72.0393,369275855.0,30225228168.27976,11796906554.07959
ULKER,2024-01-31,82.2489,369275855.0,34508827522.80952,13468795382.152555
ULKER,2024-02-29,93.4707,369275855.0,39217094674.05952,15306432051.28543
ULKER,2024-03-29,91.8865,369275855.0,38552399825.47024,15047001651.881035
ULKER,2024-04-30,100.5998,369275855.0,42208231353.44048,16473872697.24782
ULKER,2024-05-31,120.1389,369275855.0,50406154207.5,19698725064.291
ULKER,2024-06-28,149.7116,369275855.0,62813825189.38095,24547642884.010075
ULKER,2024-07-31,147.5992,369275855.0,61927559756.55952,24201290352.86346
ULKER,2024-08-29,130.2605,369275855.0,54652826540.0,21352859329.178
ULKER,2024-09-30,123.2194,369275855.0,51698619700.0,20203820578.76
ULKER,2024-10-31,110.5454,369275855.0,46381046824.52976,18125713099.02623
ULKER,2024-11-29,98.6635,369275855.0,41395822782.02976,16177487543.21723
ULKER,2024-12-31,103.5923,369275855.0,43463767006.55952,17776680705.682842
ULKER,2025-01-31,106.1447,369275855.0,44534667549.52976,18214679027.75767
ULKER,2025-02-28,97.1673,369275855.0,40768054955.47024,16674134476.787329
ULKER,2025-03-28,106.1447,369275855.0,44534667549.52976,18214679027.75767
ULKER,2025-04-30,93.7348,369275855.0,39327878557.5,16085102330.0175
ULKER,2025-05-30,92.9426,369275855.0,38995529724.52976,15949171657.332672
ULKER,2025-06-30,100.4257,369275855.0,38995529724.52976,15949171657.332672
ULKER,2025-07-31,104.2297,369275855.0,40472633144.52976,16565448746.05603
ULKER,2025-08-29,107.8436,369275855.0,41875882520.47024,17135611127.376423
ULKER,2025-09-30,99.3796,369275855.0,38589326847.5,15790752545.997
ULKER,2025-10-31,102.8032,369275855.0,39918719362.02976,16358691194.559795
ULKER,2025-11-28,105.3709,369275855.0,40915765860.94048,16767280849.81341
ULKER,2025-12-31,102.7081,369275855.0,39881792340.0,16343558500.932
ULKER,2026-01-30,128.7656,369275855.0,49999948513.11905,20489978900.676186
ULKER,2026-02-27,117.4487,369275855.0,45605568092.5,18689161804.3065
ULKER,2026-03-31,112.028,369275855.0,43500696845.94048,17826585567.466408
ULKER,2026-04-30,117.8291,369275855.0,45753278997.97024,18749693733.368202
ULKER,2026-05-26,110.126,369275855.0,42762145135.94048,17523927076.70841
ULKER,2026-06-30,99.3,369275855.0,36669093528.44048,16303078982.744637
ULKER,2026-07-21,96.0,369275855.0,35450482080.0,15761284332.768
VAKBN,2016-07-29,4.326,2500000000.0,11050000190.73486,2762500047.683715
VAKBN,2016-08-31,4.2575,2500000000.0,10874999761.58142,2718749940.395355
VAKBN,2016-09-30,4.4924,2500000000.0,11475000381.46973,2868750095.367433
VAKBN,2016-10-31,4.4826,2500000000.0,11449999809.26514,2862499952.316285
VAKBN,2016-11-30,4.0813,2500000000.0,10425000190.73486,2606250047.683715
VAKBN,2016-12-30,4.2575,2500000000.0,10874999761.58142,2718749940.395355
VAKBN,2017-01-31,4.8056,2500000000.0,12274999618.53027,3068749904.632568
VAKBN,2017-02-28,5.1873,2500000000.0,13250000476.83716,3312500119.20929
VAKBN,2017-03-31,5.246,2500000000.0,13400000333.78601,3350000083.446503
VAKBN,2017-04-28,5.9409,2500000000.0,15175000429.15344,3793750107.28836
VAKBN,2017-05-31,6.2736,2500000000.0,16024999618.53027,4006249904.632568
VAKBN,2017-06-30,6.3786,2500000000.0,16174999475.47913,4043749868.869783
VAKBN,2017-07-31,6.9406,2500000000.0,17599999904.63257,4399999976.158143
VAKBN,2017-08-31,7.0983,2500000000.0,17999999523.16284,4499999880.79071
VAKBN,2017-09-29,6.1814,2500000000.0,15674999952.31628,3918749988.07907
VAKBN,2017-10-31,6.2406,2500000000.0,15824999809.26514,3956249952.316285
VAKBN,2017-11-30,5.7082,2500000000.0,14474999904.63257,3618749976.158143
VAKBN,2017-12-29,6.6744,2500000000.0,16924999952.31628,4231249988.07907
VAKBN,2018-01-31,7.4236,2500000000.0,18825000524.52087,4706250131.130218
VAKBN,2018-02-28,7.2462,2500000000.0,18374999761.58142,4593749940.395355
VAKBN,2018-03-30,6.4181,2500000000.0,16275000572.20459,4068750143.051148
VAKBN,2018-04-30,5.8857,2500000000.0,14924999475.47913,3731249868.869783
VAKBN,2018-05-31,5.3927,2500000000.0,13674999475.47913,3418749868.869783
VAKBN,2018-06-29,4.8406,2500000000.0,12274999618.53027,3068749904.632568
VAKBN,2018-07-31,4.0618,2500000000.0,10299999713.89771,2596629927.873613
VAKBN,2018-08-31,3.46,2500000000.0,8650000095.36743,2178070024.013519
VAKBN,2018-09-28,3.79,2500000000.0,9474999904.63257,2387699975.967408
VAKBN,2018-10-31,3.42,2500000000.0,8550000190.73486,2153745048.046111
VAKBN,2018-11-30,4.01,2500000000.0,10025000572.20459,2527302644.252777
VAKBN,2018-12-31,3.9,2500000000.0,9750000238.41858,2457000060.081482
VAKBN,2019-01-31,4.78,2500000000.0,11950000524.52087,3011400132.179259
VAKBN,2019-02-28,5.16,2500000000.0,12899999618.53027,3253379903.793334
VAKBN,2019-03-29,4.53,2500000000.0,11325000524.52087,2856165132.284163
VAKBN,2019-04-30,4.04,2500000000.0,10099999904.63257,2546209975.957871
VAKBN,2019-05-31,3.69,2500000000.0,9225000143.05115,2325622536.063195
VAKBN,2019-06-28,4.19,2500000000.0,10475000143.05115,2635510035.991669
VAKBN,2019-07-31,5.09,2500000000.0,12725000381.46973,3201610095.977784
VAKBN,2019-08-29,4.64,2500000000.0,11599999666.21399,2918559916.01944
VAKBN,2019-09-30,5.18,2500000000.0,12949999570.84656,3258219892.024994
VAKBN,2019-10-31,4.34,2500000000.0,10850000381.46973,2729860095.977784
VAKBN,2019-11-29,5.13,2500000000.0,12825000286.10229,3221640071.868895
VAKBN,2019-12-31,5.51,2500000000.0,13775000572.20459,3457525143.623352
VAKBN,2020-01-31,6.6,2500000000.0,16499999761.58142,4159649939.894676
VAKBN,2020-02-28,5.3,2500000000.0,13250000476.83716,3336350120.067597
VAKBN,2020-03-31,4.64,2500000000.0,11599999666.21399,2913919916.152954
VAKBN,2020-04-30,4.53,2500000000.0,11325000524.52087,2814262630.343436
VAKBN,2020-05-29,4.65,3905622490.0,18161144950.96918,2905783192.155069
VAKBN,2020-06-30,5.33,3905622490.0,20816967573.72465,3266182212.317398
VAKBN,2020-07-30,4.5,3905622490.0,17575301205.0,2708353915.6905
VAKBN,2020-08-31,4.07,3905622490.0,15895884204.74453,2446376579.110183
VAKBN,2020-09-30,4.14,3905622490.0,16169276587.14314,2504620943.348472
VAKBN,2020-10-30,3.81,3905622490.0,14880421463.41849,2309441411.12255
VAKBN,2020-11-30,4.54,3905622490.0,17731525955.61233,2757252286.097717
VAKBN,2020-12-31,4.71,3905622490.0,18395482076.88767,2847620625.502211
VAKBN,2021-01-29,4.33,3905622490.0,16911345083.72465,2611111680.927086
VAKBN,2021-02-26,4.15,3905622490.0,16208333705.96918,2487979223.866269
VAKBN,2021-03-31,3.46,3905622490.0,13513453964.38767,2078369219.722824
VAKBN,2021-04-30,3.42,3905622490.0,13357229213.77535,2085063480.270332
VAKBN,2021-05-31,3.53,3905622490.0,13786847277.95924,2154884229.545029
VAKBN,2021-06-30,3.5,3905622490.0,13669678715.0,2121534136.568
VAKBN,2021-07-30,3.46,3905622490.0,13513453964.38767,2097288055.272966
VAKBN,2021-08-31,3.59,3905622490.0,14021184403.87773,2190109003.885701
VAKBN,2021-09-30,3.26,3905622490.0,12732329280.15308,1987516600.631896
VAKBN,2021-10-28,3.44,3905622490.0,13435341589.08151,2101287424.532348
VAKBN,2021-11-30,3.7,3905622490.0,14450803399.23459,2260105651.64029
VAKBN,2021-12-31,3.68,3905622490.0,14372691023.92843,2224892570.504121
VAKBN,2022-01-31,3.81,3905622490.0,14880421463.41849,2304977284.683524
VAKBN,2022-02-28,3.34,3905622490.0,13044778781.37773,2020636233.23541
VAKBN,2022-03-31,3.58,7111364117.0,25458682996.30598,2171625659.5849
VAKBN,2022-04-29,4.45,7111364117.0,31645568964.26494,2689873361.96252
VAKBN,2022-05-31,4.27,7111364117.0,30365524643.95149,2581069594.735877
VAKBN,2022-06-30,3.58,7111364117.0,25458682996.30598,2163988054.686008
VAKBN,2022-07-29,3.9,7111364117.0,27734320734.49253,2357417262.431865
VAKBN,2022-08-31,7.31,7111364117.0,51984071288.35448,4418646059.510131
VAKBN,2022-09-30,6.93,7111364117.0,49281752110.06345,4188948929.355393
VAKBN,2022-10-31,8.57,7111364117.0,60944388312.4739,5222934078.379013
VAKBN,2022-11-30,9.91,7111364117.0,70473617314.36195,5983210109.98933
VAKBN,2022-12-30,11.89,7111364117.0,84554121792.62311,7187100352.372964
VAKBN,2023-01-31,9.45,7111364117.0,67202389549.26494,5759244784.372005
VAKBN,2023-02-28,9.65,7111364117.0,68624661016.27988,5887995915.196814
VAKBN,2023-03-31,8.95,9915921522.538,88747495735.40317,7614535134.097592
VAKBN,2023-04-28,8.6,9915921522.538,85276928876.45067,5236003433.014071
VAKBN,2023-05-31,9.38,9915921522.538,93011345016.1936,5720197718.495906
VAKBN,2023-06-27,9.91,9915921522.538,98266780775.30203,6033580339.603545
VAKBN,2023-07-31,12.07,9915921522.538,119685169750.93457,7348669422.707383
VAKBN,2023-08-31,13.58,9915921522.538,134658213519.54126,8241082667.395925
VAKBN,2023-09-29,14.38,9915921522.538,142590952628.8836,8655270824.573235
VAKBN,2023-10-31,16.3,9915921522.538,161629513252.12164,9810911454.403784
VAKBN,2023-11-30,13.9,9915921522.538,137831305380.65433,8380143367.143783
VAKBN,2023-12-29,12.84,9915921522.538,127320433862.43747,7779278508.994929
VAKBN,2024-01-31,14.16,9915921522.538,140409447246.08853,8494771558.388356
VAKBN,2024-02-29,14.23,9915921522.538,141103558726.5671,8607317082.320595
VAKBN,2024-03-29,14.56,9915921522.538,144375821529.03955,8806925113.271414
VAKBN,2024-04-30,19.68,9915921522.538,195145338589.64694,11923380187.827429
VAKBN,2024-05-31,22.14,9915921522.538,219538496456.79312,13413802133.51006
VAKBN,2024-06-28,22.04,9915921522.538,218546919435.03482,13375071469.424131
VAKBN,2024-07-31,20.36,9915921522.538,201888168251.07187,12355555896.965597
VAKBN,2024-08-29,18.92,9915921522.538,187609235962.94373,11500446164.528452
VAKBN,2024-09-30,22.88,9915921522.538,226876276113.8969,13839452842.947712
VAKBN,2024-10-31,20.56,9915921522.538,203871341207.70786,12374990411.307867
VAKBN,2024-11-29,23.18,9915921522.538,229851063918.52994,13928974473.462914
VAKBN,2024-12-31,23.32,9915921522.538,231239286879.48706,13758737569.32948
VAKBN,2025-01-31,27.46,9915921522.538,272291195930.5962,16391929995.02189
VAKBN,2025-02-28,25.9,9915921522.538,256822363651.11032,15460706291.79684
VAKBN,2025-03-28,23.96,9915921522.538,237585470601.7132,14255128236.102793
VAKBN,2025-04-30,20.72,9915921522.538,205457887138.2644,12327473228.295864
VAKBN,2025-05-30,22.54,9915921522.538,223504880196.3038,13410292811.778229
VAKBN,2025-06-30,26.46,9915921522.538,262375274408.0582,15742516464.483492
VAKBN,2025-07-31,28.82,9915921522.538,285776855253.44604,17118033629.681417
VAKBN,2025-08-29,28.8,9915921522.538,285578532283.8467,17106154083.802416
VAKBN,2025-09-30,25.6,9915921522.538,253847594759.59668,19089339125.92167
VAKBN,2025-10-31,24.46,9915921522.538,242543431362.98218,17923959577.724384
VAKBN,2025-11-28,28.78,9915921522.538,285380228227.36664,21203750957.293343
VAKBN,2025-12-31,30.68,9915921522.538,304220475337.56494,22725269507.716103
VAKBN,2026-01-30,36.5,9915921522.538,361931135572.637,27072448940.83325
VAKBN,2026-02-27,41.08,9915921522.538,407346074302.4556,30632424787.544662
VAKBN,2026-03-31,30.0,9915921522.538,297477645676.14,22221580132.00766
VAKBN,2026-04-30,31.66,9915921522.538,313938073890.50354,23419780312.231564
VAKBN,2026-05-26,30.84,9915921522.538,305807021268.12146,22813203786.60186
VAKBN,2026-06-30,32.72,9915921522.538,324448964321.8398,24041668256.24833
VAKBN,2026-07-21,30.6,9915921522.538,303427202372.2867,22544641136.2609
VESTL,2016-07-29,5.0083,335456275.0,2133501953.78824,469370429.833413
VESTL,2016-08-31,5.7249,335456275.0,2438767112.85168,536528764.82737
VESTL,2016-09-30,5.2209,335456275.0,2224075141.63992,489296531.160782
VESTL,2016-10-31,5.1736,335456275.0,2203947784.33489,484868512.553676
VESTL,2016-11-30,4.7169,335456275.0,2009383010.47015,442064262.303433
VESTL,2016-12-30,5.0004,335456275.0,2130147314.2584,468632409.136848
VESTL,2017-01-31,5.1185,335456275.0,2180465787.5,479702473.25
VESTL,2017-02-28,4.8193,335456275.0,2052992364.61008,451658320.214218
VESTL,2017-03-31,5.4729,335456275.0,2331421047.26679,512912630.398694
VESTL,2017-04-28,5.7406,335456275.0,2445476231.95336,538004771.029739
VESTL,2017-05-31,5.4178,335456275.0,2307939210.38992,507746626.285782
VESTL,2017-06-30,5.4099,335456275.0,2304584570.86008,507008605.589218
VESTL,2017-07-31,5.6697,335456275.0,2415285116.01679,531362725.523694
VESTL,2017-08-31,6.5832,335456275.0,2804414343.83023,616971155.642651
VESTL,2017-09-29,5.9139,335456275.0,2519276702.02985,554240874.446567
VESTL,2017-10-31,7.7802,335456275.0,3314308035.38992,729147767.785782
VESTL,2017-11-30,5.4099,335456275.0,2304584570.86008,507008605.589218
VESTL,2017-12-29,5.9611,335456275.0,2539404059.33489,558668893.053676
VESTL,2018-01-31,8.0715,335456275.0,3438426818.75,756453900.125
VESTL,2018-02-28,8.544,335456275.0,3639700711.71641,800734156.57761
VESTL,2018-03-30,9.1897,335456275.0,3914774754.84328,861250446.065522
VESTL,2018-04-30,7.8117,335456275.0,3327726273.59328,732099780.190522
VESTL,2018-05-31,6.9769,335456275.0,2972142481.33023,653871345.892651
VESTL,2018-06-29,7.0321,335456275.0,2995624638.12313,659037420.387089
VESTL,2018-07-31,7.2998,335456275.0,3109679822.8097,654898570.683723
VESTL,2018-08-31,6.7958,335456275.0,2894987691.63992,609684407.859367
VESTL,2018-09-28,6.4415,335456275.0,2744032431.87313,577893230.152481
VESTL,2018-10-31,5.2445,335456275.0,2234138740.31343,470509618.710008
VESTL,2018-11-30,4.9847,335456275.0,2123438195.15672,447196083.900005
VESTL,2018-12-31,4.3704,335456275.0,1861782390.23321,417970146.607356
VESTL,2019-01-31,5.3469,335456275.0,2277748094.45336,511354447.204779
VESTL,2019-02-28,7.8825,335456275.0,3357917389.52985,753852453.949451
VESTL,2019-03-29,10.1504,335456275.0,4324031499.91977,970745071.731988
VESTL,2019-04-30,9.426,335456275.0,4015411701.32649,901459926.947797
VESTL,2019-05-31,7.6778,335456275.0,3270698681.25,797723408.356875
VESTL,2019-06-28,9.7331,335456275.0,4146239443.83023,1011267800.350193
VESTL,2019-07-31,7.4258,335456275.0,3163352775.62313,832910785.82157
VESTL,2019-08-29,8.67,335456275.0,3693373664.52985,572103580.635674
VESTL,2019-09-30,7.8904,335456275.0,3361272029.0597,520661037.301348
VESTL,2019-10-31,8.0243,335456275.0,3418299301.48695,501806337.458284
VESTL,2019-11-29,8.67,335456275.0,3693373664.52985,535539181.356828
VESTL,2019-12-31,9.9378,335456275.0,4233458152.11008,1114669531.450584
VESTL,2020-01-31,10.9536,335456275.0,4666196734.06343,1228609600.078901
VESTL,2020-02-28,11.0245,335456275.0,4696387850.0,1236558920.905
VESTL,2020-03-31,8.3078,335456275.0,3539063765.23321,931835489.385904
VESTL,2020-04-30,10.4103,335456275.0,4434732045.07649,1167664947.46864
VESTL,2020-05-29,11.1584,335456275.0,4753415442.34328,1251574285.968986
VESTL,2020-06-30,12.7963,335456275.0,5451164468.75,1524690701.909375
VESTL,2020-07-30,13.7964,335456275.0,5877194091.5597,1666184524.957175
VESTL,2020-08-31,14.4579,335456275.0,6158977413.74626,1746070096.797065
VESTL,2020-09-30,13.6783,335456275.0,5826875778.27611,1651919283.141277
VESTL,2020-10-30,13.0483,335456275.0,5558510374.37687,1658659495.714058
VESTL,2020-11-30,15.7493,335456275.0,6709125500.0,2002003049.2
VESTL,2020-12-31,16.584,335456275.0,7064708972.34702,2213373321.036321
VESTL,2021-01-29,20.6316,335456275.0,8788954660.93283,2942542020.480311
VESTL,2021-02-26,20.9308,335456275.0,8916427763.90672,2985220015.35597
VESTL,2021-03-31,29.5299,335456275.0,12579610312.5,4211653532.625
VESTL,2021-04-30,22.679,335456275.0,9661140464.06717,3263533248.76189
VESTL,2021-05-31,24.4429,335456275.0,10412563083.11939,3517363809.47773
VESTL,2021-06-30,23.8602,335456275.0,10164324876.56717,3461969052.958778
VESTL,2021-07-30,25.3588,335456275.0,10016724576.24626,3411696390.669476
VESTL,2021-08-31,24.3567,335456275.0,9620886069.37313,3276873795.228488
VESTL,2021-09-30,24.3086,335456275.0,8822499776.56717,3047291422.826301
VESTL,2021-10-28,23.4213,335456275.0,8500462059.68657,3083967635.254288
VESTL,2021-11-30,28.04,335456275.0,9406194258.11939,3412567276.845715
VESTL,2021-12-31,25.04,335456275.0,8399825433.11939,3047456667.135715
VESTL,2022-01-31,24.18,335456275.0,8111332831.87313,2942791551.403572
VESTL,2022-02-28,22.52,335456275.0,7554475466.5597,2740763699.267859
VESTL,2022-03-31,25.8,335456275.0,8654771639.06717,3139951150.653569
VESTL,2022-04-29,26.14,335456275.0,8768826823.75374,3181330371.657857
VESTL,2022-05-31,26.96,335456275.0,9043900866.88061,3281127234.504285
VESTL,2022-06-30,23.76,335456275.0,7970441170.77985,2891676056.75893
VESTL,2022-07-29,24.16,335456275.0,8104623552.81343,2940357424.960712
VESTL,2022-08-31,29.68,335456275.0,9956342344.37313,3612161002.538572
VESTL,2022-09-30,40.0,335456275.0,13418251000.0,4868141462.8
VESTL,2022-10-31,46.1,335456275.0,15464533765.63435,5944566779.509844
VESTL,2022-11-30,59.65,335456275.0,20009967315.61565,7691831436.122656
VESTL,2022-12-30,71.25,335456275.0,23901259593.75,9187644187.8375
VESTL,2023-01-31,63.2,335456275.0,21200836835.93283,8276806700.748177
VESTL,2023-02-28,56.0,335456275.0,18785551400.0,7333879266.56
VESTL,2023-03-31,47.32,335456275.0,15873790830.62687,6195540561.193667
VESTL,2023-04-28,41.3,335456275.0,13854343901.56717,5527883216.725301
VESTL,2023-05-31,44.92,335456275.0,15068695258.76122,6167616969.410967
VESTL,2023-06-27,57.0,335456275.0,19121007675.0,7937130285.8925
VESTL,2023-07-31,61.65,335456275.0,20680879865.61565,8584633232.217056
VESTL,2023-08-31,68.8,335456275.0,23079392743.73131,9644878227.605314
VESTL,2023-09-29,63.4,335456275.0,21267928346.86565,8887867256.155155
VESTL,2023-10-31,60.95,335456275.0,20446060217.18283,8544408564.760705
VESTL,2023-11-30,59.75,335456275.0,20043512431.25,8759014932.45625
VESTL,2023-12-29,46.24,335456275.0,15511498719.05222,6840570935.102029
VESTL,2024-01-31,61.45,335456275.0,20613788354.68283,9127785483.453556
VESTL,2024-02-29,83.05,335456275.0,27859644662.48131,12336250656.546724
VESTL,2024-03-29,83.45,335456275.0,27993825125.01869,12398465147.870777
VESTL,2024-04-30,83.5,335456275.0,28010598962.5,12405894280.49125
VESTL,2024-05-31,83.7,335456275.0,28077689193.76869,9917039823.239101
VESTL,2024-06-28,78.75,335456275.0,26417181656.25,11998683908.26875
VESTL,2024-07-31,70.65,335456275.0,23699986340.61565,11188763551.404648
VESTL,2024-08-29,66.05,335456275.0,22156887987.48131,10460266818.889927
VESTL,2024-09-30,64.45,335456275.0,21620155900.01869,10206875600.398825
VESTL,2024-10-31,57.05,335456275.0,19137780232.81717,9034946047.912987
VESTL,2024-11-29,63.85,335456275.0,21418882646.88435,10103286944.535349
VESTL,2024-12-31,71.3,335456275.0,23918033431.23131,11284528172.854933
VESTL,2025-01-31,61.35,335456275.0,20580241959.38435,9709758156.437536
VESTL,2025-02-28,55.95,335456275.0,18768778842.18283,8855109857.74186
VESTL,2025-03-28,48.92,335456275.0,16410520358.76122,7742483505.263544
VESTL,2025-04-30,40.38,335456275.0,13545724742.80596,6390872933.655852
VESTL,2025-05-30,33.12,335456275.0,11110311469.69404,5245178044.842556
VESTL,2025-06-30,34.32,335456275.0,11512859255.62687,5435220854.581445
VESTL,2025-07-31,38.1,335456275.0,12780883565.63435,6033855131.335977
VESTL,2025-08-29,42.3,335456275.0,14189800176.56717,6699004663.357361
VESTL,2025-09-30,36.4,335456275.0,12210608921.86565,5764628472.012773
VESTL,2025-10-31,33.32,335456275.0,11177402980.62687,5276851947.153945
VESTL,2025-11-28,32.1,335456275.0,10768145915.63435,5082564872.179413
VESTL,2025-12-31,28.7,335456275.0,9627595348.43283,4543262244.925452
VESTL,2026-01-30,31.4,335456275.0,10533326907.03359,4970676967.429151
VESTL,2026-02-27,30.18,335456275.0,10124070481.87313,4777548860.39593
VESTL,2026-03-31,27.94,335456275.0,9372648502.65298,4422952828.401941
VESTL,2026-04-30,27.8,335456275.0,9325684189.06717,4400790368.820798
VESTL,2026-05-26,26.36,335456275.0,8842627613.74626,4172835970.92686
VESTL,2026-06-30,25.78,335456275.0,8648062999.83954,4081020929.624279
VESTL,2026-07-21,24.4,335456275.0,8185132982.03359,3863382767.519854
YKBNK,2016-07-29,1.8573,4347051284.0,14997327137.08356,2699518884.675041
YKBNK,2016-08-31,1.9596,4347051284.0,15823267129.78383,2848188083.361089
YKBNK,2016-09-30,1.9757,4347051284.0,15953678543.93369,2871662137.908064
YKBNK,2016-10-31,1.9919,4347051284.0,16084089958.08356,2895136192.455041
YKBNK,2016-11-30,1.6797,4347051284.0,13562799508.59946,2441303911.547903
YKBNK,2016-12-30,1.8465,4347051284.0,14910386194.31698,2683869514.977056
YKBNK,2017-01-31,2.0619,4347051284.0,16649206086.06631,2996857095.491936
YKBNK,2017-02-28,2.0726,4347051284.0,16736147028.83288,3012506465.189918
YKBNK,2017-03-31,2.0457,4347051284.0,16518794671.91644,2973383040.944959
YKBNK,2017-04-28,2.3203,4347051284.0,18735790785.29973,3372442341.353951
YKBNK,2017-05-31,2.3687,4347051284.0,19127026064.16711,3442864691.55008
YKBNK,2017-06-30,2.4172,4347051284.0,19518259270.19892,3513286668.635806
YKBNK,2017-07-31,2.4441,4347051284.0,19735612663.53315,3552410279.435967
YKBNK,2017-08-31,2.6164,4347051284.0,21126669820.63396,3802800567.714113
YKBNK,2017-09-29,2.3257,4347051284.0,18779262293.10081,3380267212.758146
YKBNK,2017-10-31,2.4764,4347051284.0,19996435491.83289,3599358388.52992
YKBNK,2017-11-30,2.2342,4347051284.0,18040263243.16711,3247247383.77008
YKBNK,2017-12-29,2.3364,4347051284.0,18866203235.86739,3395916582.45613
YKBNK,2018-01-31,2.5087,4347051284.0,20257258320.13261,3646306497.62387
YKBNK,2018-02-28,2.5625,4347051284.0,20691965106.80108,3724553719.224194
YKBNK,2018-03-30,2.3903,4347051284.0,19300907949.70027,3474163430.946049
YKBNK,2018-04-30,2.1426,4347051284.0,17301264193.23342,3114227554.782016
YKBNK,2018-05-31,2.1642,4347051284.0,17475146078.76658,3145526294.177984
YKBNK,2018-06-29,2.0719,8447051284.0,20948687345.43472,3770763722.17825
YKBNK,2018-07-31,1.7711,8447051284.0,17907747755.3917,3173252902.255409
YKBNK,2018-08-31,1.4035,8447051284.0,14191045714.05453,2514653300.530463
YKBNK,2018-09-28,1.5706,8447051284.0,15880456373.64132,2814016869.409242
YKBNK,2018-10-31,1.3534,8447051284.0,13684223120.35868,2422107492.303486
YKBNK,2018-11-30,1.4453,8447051284.0,14613398882.43472,2588032942.079189
YKBNK,2018-12-31,1.3367,8447051284.0,13515282255.7934,2432750806.042812
YKBNK,2019-01-31,1.6291,8447051284.0,16471750406.58679,2966562248.226281
YKBNK,2019-02-28,1.7962,8447051284.0,18161161066.17358,3270825108.017862
YKBNK,2019-03-29,1.7795,8447051284.0,17992220201.6083,3240398858.309655
YKBNK,2019-04-30,1.7293,8447051284.0,17485395593.97849,3147371206.916128
YKBNK,2019-05-31,1.6625,8447051284.0,16809632135.71736,3027414747.642697
YKBNK,2019-06-28,2.0134,8447051284.0,20357394319.45623,3666366716.934067
YKBNK,2019-07-31,2.2807,8447051284.0,23060450166.43472,4153187074.974893
YKBNK,2019-08-29,1.9131,8447051284.0,19343747118.13057,3483808855.975316
YKBNK,2019-09-30,2.0134,8447051284.0,20357394319.45623,3666366716.934067
YKBNK,2019-10-31,1.9048,8447051284.0,19259276685.84792,3468595731.12121
YKBNK,2019-11-29,2.005,8447051284.0,20272923887.17358,3651153592.079962
YKBNK,2019-12-31,2.0719,8447051284.0,20948687345.43472,3772858590.912793
YKBNK,2020-01-31,2.4812,8447051284.0,25087742555.15208,4530846305.460466
YKBNK,2020-02-28,1.9131,8447051284.0,19343747118.13057,5801189760.727358
YKBNK,2020-03-31,1.579,8447051284.0,15964926805.92396,4786285056.416003
YKBNK,2020-04-30,1.7544,8447051284.0,17738806890.82642,5319868186.558843
YKBNK,2020-05-29,1.9382,8447051284.0,19597158414.97849,5877187808.652049
YKBNK,2020-06-30,2.0384,8447051284.0,20610805616.30415,6179119523.767984
YKBNK,2020-07-30,1.7878,8447051284.0,18076690633.89095,5421199521.103896
YKBNK,2020-08-31,1.6959,8447051284.0,17147513864.84792,5142539408.067891
YKBNK,2020-09-30,1.7795,8447051284.0,17992220201.6083,5395866838.462329
YKBNK,2020-10-30,1.7962,8447051284.0,18161161066.17358,5444716087.638839
YKBNK,2020-11-30,2.3893,8447051284.0,24158565786.10905,7245153879.254104
YKBNK,2020-12-31,2.5731,8447051284.0,26016917310.26113,7802473501.347313
YKBNK,2021-01-29,2.381,8447051284.0,24074095353.82642,7222228606.147926
YKBNK,2021-02-26,2.2139,8447051284.0,22384686708.17358,6715406012.452074
YKBNK,2021-03-31,1.8379,8447051284.0,18583513227.58679,5571337265.63052
YKBNK,2021-04-30,1.8029,8447051284.0,17738806890.82642,5321642067.247926
YKBNK,2021-05-31,1.8458,8447051284.0,18161161066.17358,5448348319.852074
YKBNK,2021-06-30,1.8544,8447051284.0,18245631498.45623,5471864886.387023
YKBNK,2021-07-30,2.0519,8447051284.0,20188453454.89095,6054517191.121796
YKBNK,2021-08-31,2.2665,8447051284.0,22300216275.89095,6690064882.767285
YKBNK,2021-09-30,2.069,8447051284.0,20357394319.45623,6107218295.836869
YKBNK,2021-10-28,2.3438,8447051284.0,23060450166.43472,6918135049.930416
YKBNK,2021-11-30,2.7215,8447051284.0,26777153214.73887,8033145964.421661
YKBNK,2021-12-31,2.9018,8447051284.0,28551034306.6083,9136330978.114656
YKBNK,2022-01-31,3.5028,8447051284.0,34463968594.26113,11028469950.163563
YKBNK,2022-02-28,3.0735,8447051284.0,30240442952.26113,9676941744.723562
YKBNK,2022-03-31,3.5028,8447051284.0,34463968594.26113,11028469950.163563
YKBNK,2022-04-29,4.2788,8447051284.0,41137138786.39169,13163884411.645342
YKBNK,2022-05-31,4.0504,8447051284.0,38940907547.04302,12461090415.053766
YKBNK,2022-06-30,3.8043,8447051284.0,36575731415.26113,11704234052.883562
YKBNK,2022-07-29,4.1734,8447051284.0,40123493599.0,12839517951.68
YKBNK,2022-08-31,6.1854,8447051284.0,59467240717.13057,19029517029.48178
YKBNK,2022-09-30,6.2117,8447051284.0,59720654027.91245,19110609288.931984
YKBNK,2022-10-31,8.0919,8447051284.0,77797342647.86943,24887369913.053432
YKBNK,2022-11-30,10.5872,8447051284.0,101786969583.34717,32571830266.671093
YKBNK,2022-12-30,10.3763,8447051284.0,99759679208.56378,31923097346.74041
YKBNK,2023-01-31,7.9777,8447051284.0,76699225014.26114,24543752004.563564
YKBNK,2023-02-28,8.7948,8447051284.0,84554985286.21661,27057595291.589314
YKBNK,2023-03-31,9.1718,8447051284.0,80838278210.04453,25860165199.393246
YKBNK,2023-04-28,9.0759,8447051284.0,79993577915.08604,25589945575.036022
YKBNK,2023-05-31,9.7755,8447051284.0,86159921485.65283,27562558883.26034
YKBNK,2023-06-27,12.4398,8447051284.0,109642721799.56679,35063742431.50146
YKBNK,2023-07-31,13.6378,8447051284.0,120201535904.56679,38440451182.28046
YKBNK,2023-08-31,15.2383,8447051284.0,134308112193.30566,52098116719.783264
YKBNK,2023-09-29,17.6918,8447051284.0,155932558969.13358,60486239624.126915
YKBNK,2023-10-31,16.5226,8447051284.0,145627162202.7834,56488776218.45968
YKBNK,2023-11-30,18.401,8447051284.0,162183391097.38867,62910937406.67706
YKBNK,2023-12-29,18.7269,8447051284.0,165055389822.86642,64024985712.28989
YKBNK,2024-01-31,20.9311,8447051284.0,184483601331.47772,71561188956.48021
YKBNK,2024-02-29,22.1387,8447051284.0,195126887882.69434,75689719809.69713
YKBNK,2024-03-29,26.2023,8447051284.0,230942383393.47772,89582550518.33
YKBNK,2024-04-30,32.28,8447051284.0,272670805136.1781,105769005312.32349
YKBNK,2024-05-31,32.32,8447051284.0,273008694921.04453,105900072759.87317
YKBNK,2024-06-28,33.8,8447051284.0,285510326954.6113,110749455825.69374
YKBNK,2024-07-31,30.2,8447051284.0,255100955221.38867,98953660530.37666
YKBNK,2024-08-29,31.2,8447051284.0,263548006505.38867,102230271723.44026
YKBNK,2024-09-30,30.92,8447051284.0,261182826345.73886,101312818339.5121
YKBNK,2024-10-31,24.48,8447051284.0,206783811565.56677,80211440506.28336
YKBNK,2024-11-29,29.64,8447051284.0,250370594902.08905,97118753762.52034
YKBNK,2024-12-31,30.62,8447051284.0,258648717405.12756,100329837481.44897
YKBNK,2025-01-31,30.72,8447051284.0,259493409644.3502,100657493601.04344
YKBNK,2025-02-28,29.4,8447051284.0,248343304527.30566,96307533495.68913
YKBNK,2025-03-28,24.04,8447051284.0,203067120600.86642,78749429369.01599
YKBNK,2025-04-30,22.76,8447051284.0,192254889157.2166,74556446015.1686
YKBNK,2025-05-30,25.46,8447051284.0,215061917957.13358,83401011783.7764
YKBNK,2025-06-30,31.7,8447051284.0,267771532147.38867,103734691553.89838
YKBNK,2025-07-31,33.66,8447051284.0,284327744930.5223,110262299484.05653
YKBNK,2025-08-29,32.88,8447051284.0,277739055240.3442,107707205622.20547
YKBNK,2025-09-30,33.94,8447051284.0,286692908978.7004,111179510101.94
YKBNK,2025-10-31,33.6,8447051284.0,283820910253.22266,109952220632.09846
YKBNK,2025-11-28,35.3,8447051284.0,298180903880.6113,115336373621.02046
YKBNK,2025-12-31,36.22,8447051284.0,305952207817.8219,118097552217.67926
YKBNK,2026-01-30,41.08,8447051284.0,347004882213.73285,133978585022.72226
YKBNK,2026-02-27,43.3,8447051284.0,365757314152.6113,141255474725.7385
YKBNK,2026-03-31,33.02,8447051284.0,278921637264.4332,107635859820.34479
YKBNK,2026-04-30,37.04,8447051284.0,312878787292.86646,120614772501.40002
YKBNK,2026-05-26,33.16,8447051284.0,280104219288.5223,107980176535.72534
YKBNK,2026-06-30,40.14,8447051284.0,339064633384.08905,130675509706.22792
YKBNK,2026-07-21,32.86,8447051284.0,277570110347.91095,106947763517.0501
ZOREN,2016-07-29,0.721,750000000.0,1200000017.88139,180000002.682209
ZOREN,2016-08-31,0.73,750000000.0,1215000003.57628,182250000.536442
ZOREN,2016-09-30,0.7165,750000000.0,1192500025.03395,178875003.755093
ZOREN,2016-10-31,0.739,750000000.0,1229999989.27116,184499998.390674
ZOREN,2016-11-30,0.6669,750000000.0,1110000014.30511,166500002.145767
ZOREN,2016-12-30,0.6444,750000000.0,1072499960.66093,160874994.09914
ZOREN,2017-01-31,0.6413,2000000000.0,2319999933.2428,347999989.98642
ZOREN,2017-02-28,0.6634,2000000000.0,2400000095.36743,360000014.305115
ZOREN,2017-03-31,0.6413,2000000000.0,2319999933.2428,347999989.98642
ZOREN,2017-04-28,0.6413,2000000000.0,2319999933.2428,347999989.98642
ZOREN,2017-05-31,0.7186,2000000000.0,2599999904.63257,389999985.694886
ZOREN,2017-06-30,0.7518,2000000000.0,2720000028.61023,408000004.291535
ZOREN,2017-07-31,0.8126,2000000000.0,2940000057.22046,441000008.583069
ZOREN,2017-08-31,0.9619,2000000000.0,3480000019.07349,522000002.861024
ZOREN,2017-09-29,0.8513,2000000000.0,3079999923.70605,461999988.555908
ZOREN,2017-10-31,0.9011,2000000000.0,3259999990.46326,488999998.569489
ZOREN,2017-11-30,0.7463,2000000000.0,2700000047.68372,405000007.152558
ZOREN,2017-12-29,0.8734,2000000000.0,3160000085.83069,474000012.874604
ZOREN,2018-01-31,1.1111,2000000000.0,4019999980.92651,602999997.138977
ZOREN,2018-02-28,1.1996,2000000000.0,4340000152.58789,651000022.888184
ZOREN,2018-03-30,1.1332,2000000000.0,4099999904.63257,614999985.694886
ZOREN,2018-04-30,0.9398,2000000000.0,3400000095.36743,510000014.305115
ZOREN,2018-05-31,0.8182,2000000000.0,2960000038.14697,444000005.722046
ZOREN,2018-06-29,0.9066,2000000000.0,3279999971.38977,491999995.708466
ZOREN,2018-07-31,0.8458,2000000000.0,3059999942.77954,471545991.182327
ZOREN,2018-08-31,0.7518,2000000000.0,2720000028.61023,419152004.408836
ZOREN,2018-09-28,0.7408,2000000000.0,2680000066.7572,412988010.287285
ZOREN,2018-10-31,0.6136,2000000000.0,2220000028.61023,342102004.408836
ZOREN,2018-11-30,0.7463,2000000000.0,2700000047.68372,415800007.343293
ZOREN,2018-12-31,0.6799,2000000000.0,2460000038.14697,379086005.878448
ZOREN,2019-01-31,0.8071,2000000000.0,2920000076.29395,449972011.756898
ZOREN,2019-02-28,0.8513,2000000000.0,3079999923.70605,474935988.235473
ZOREN,2019-03-29,0.6855,2000000000.0,2480000019.07349,382168002.939225
ZOREN,2019-04-30,0.691,2000000000.0,2500000000.0,385250000.0
ZOREN,2019-05-31,0.6302,2000000000.0,2279999971.38977,351575995.588303
ZOREN,2019-06-28,0.6523,2000000000.0,2359999895.09583,363911983.823777
ZOREN,2019-07-31,0.6744,2000000000.0,2440000057.22046,376248008.823395
ZOREN,2019-08-29,0.6468,2000000000.0,2339999914.16931,360827986.764908
ZOREN,2019-09-30,0.6965,2000000000.0,2519999980.92651,388583997.058868
ZOREN,2019-10-31,0.6578,2000000000.0,2380000114.44092,366996017.64679
ZOREN,2019-11-29,0.7518,2000000000.0,2720000028.61023,419152004.408836
ZOREN,2019-12-31,0.9011,2000000000.0,3259999990.46326,502365998.530388
ZOREN,2020-01-31,0.9177,2000000000.0,3319999933.2428,511611989.712715
ZOREN,2020-02-28,0.7352,2000000000.0,2660000085.83069,410172013.235092
ZOREN,2020-03-31,0.586,2000000000.0,2119999885.55908,326903982.35321
ZOREN,2020-04-30,0.6965,2000000000.0,2519999980.92651,388583997.058868
ZOREN,2020-05-29,0.7905,2000000000.0,2859999895.09583,441011983.823777
ZOREN,2020-06-30,1.1332,2000000000.0,4099999904.63257,632219985.294342
ZOREN,2020-07-30,1.3378,2000000000.0,4840000152.58789,734228023.147583
ZOREN,2020-08-31,1.4926,2000000000.0,5400000095.36743,819180014.467239
ZOREN,2020-09-30,1.4262,2000000000.0,5159999847.41211,782771976.852417
ZOREN,2020-10-30,1.371,2000000000.0,4960000038.14697,900736006.92749
ZOREN,2020-11-30,1.4705,2000000000.0,5320000171.66138,965580031.15654
ZOREN,2020-12-31,1.5313,2000000000.0,5539999961.85303,1019913992.977143
ZOREN,2021-01-29,1.5479,2000000000.0,5599999904.63257,1016959982.681275
ZOREN,2021-02-26,1.4097,2000000000.0,5099999904.63257,926159982.681275
ZOREN,2021-03-31,1.277,2000000000.0,4619999885.55908,954491976.356506
ZOREN,2021-04-30,1.1001,2000000000.0,3980000019.07349,822268003.940583
ZOREN,2021-05-31,1.0835,2000000000.0,3920000076.29395,809872015.76233
ZOREN,2021-06-30,1.0116,2000000000.0,3660000085.83069,756156017.732621
ZOREN,2021-07-30,0.984,2000000000.0,3559999942.77954,735495988.178253
ZOREN,2021-08-31,0.9506,2500000000.0,3925000131.13022,810905027.091503
ZOREN,2021-09-30,0.9264,2500000000.0,3824999928.47443,751994985.938073
ZOREN,2021-10-28,0.993,2500000000.0,4099999964.23721,847059992.611408
ZOREN,2021-11-30,1.0293,2500000000.0,4250000119.20929,878050024.628639
ZOREN,2021-12-31,1.0051,2500000000.0,4149999916.5535,857389982.759953
ZOREN,2022-01-31,1.0293,2500000000.0,4250000119.20929,878050024.628639
ZOREN,2022-02-28,0.9143,2500000000.0,3774999976.15814,779914995.074272
ZOREN,2022-03-31,1.1201,2500000000.0,4625000059.60464,955525012.314319
ZOREN,2022-04-29,1.2534,2500000000.0,5174999833.10699,1069154965.519904
ZOREN,2022-05-31,1.2836,2500000000.0,5299999713.89771,1094979940.891267
ZOREN,2022-06-30,1.1625,2500000000.0,4799999892.71164,991679977.834225
ZOREN,2022-07-29,1.2594,2500000000.0,5199999809.26514,1074319960.594178
ZOREN,2022-08-31,1.7741,2500000000.0,7325000166.89301,1513345034.480096
ZOREN,2022-09-30,2.1616,2500000000.0,8924999833.10699,1843904965.519904
ZOREN,2022-10-31,2.8639,2500000000.0,11825000047.68372,2757590011.119844
ZOREN,2022-11-30,4.7773,2500000000.0,19724999666.21399,4954919916.152954
ZOREN,2022-12-30,4.305,2500000000.0,17775000333.78601,4685490087.985992
ZOREN,2023-01-31,3.0093,2500000000.0,12424999475.47913,3439239854.812623
ZOREN,2023-02-28,3.1364,2500000000.0,12949999570.84656,3584559881.210328
ZOREN,2023-03-31,2.6157,2500000000.0,10800000429.15344,2988360118.746757
ZOREN,2023-04-28,2.6823,2500000000.0,11074999570.84656,3219502375.245095
ZOREN,2023-05-31,2.985,2500000000.0,12324999570.84656,3608759874.343873
ZOREN,2023-06-27,3.46,5000000000.0,17300000190.73486,5184810057.163238
ZOREN,2023-07-31,4.3,5000000000.0,21500000953.67432,6443550285.816194
ZOREN,2023-08-31,4.85,5000000000.0,24249999523.16284,7585399850.845336
ZOREN,2023-09-29,5.7,5000000000.0,28499999046.32568,9216899691.581724
ZOREN,2023-10-31,5.3,5000000000.0,26500000953.67432,8570100308.418275
ZOREN,2023-11-30,5.09,5000000000.0,25450000762.93945,9123825273.513794
ZOREN,2023-12-29,4.23,5000000000.0,21150000095.36743,7882605035.543441
ZOREN,2024-01-31,4.66,5000000000.0,23299999237.06055,8504499721.527101
ZOREN,2024-02-29,5.64,5000000000.0,28199999332.42798,10501679751.39618
ZOREN,2024-03-29,5.95,5000000000.0,29749999046.32568,11078899644.851683
ZOREN,2024-04-30,6.61,5000000000.0,33050000667.57202,12307820248.60382
ZOREN,2024-05-31,5.62,5000000000.0,28099999427.79541,10464439786.91101
ZOREN,2024-06-28,5.53,5000000000.0,27650001049.04175,10324510391.712189
ZOREN,2024-07-31,5.47,5000000000.0,27349998950.95825,10209754608.392715
ZOREN,2024-08-29,4.55,5000000000.0,22750000953.67432,8492575356.006624
ZOREN,2024-09-30,4.23,5000000000.0,21150000095.36743,7895295035.600662
ZOREN,2024-10-31,4.16,5000000000.0,20799999237.06055,7762559715.270997
ZOREN,2024-11-29,4.24,5000000000.0,21199998855.59082,7913959572.792053
ZOREN,2024-12-31,4.36,5000000000.0,21800000667.57202,8140120249.271392
ZOREN,2025-01-31,4.08,5000000000.0,20399999618.53027,7617359857.559203
ZOREN,2025-02-28,3.77,5000000000.0,18849999904.63257,7038589964.389802
ZOREN,2025-03-28,3.51,5000000000.0,17549999952.31628,6553169982.194899
ZOREN,2025-04-30,3.2,5000000000.0,16000000238.41858,5974400089.025498
ZOREN,2025-05-30,2.99,5000000000.0,14950000047.68372,5580835017.800333
ZOREN,2025-06-30,3.04,5000000000.0,15199999809.26514,5674159928.798677
ZOREN,2025-07-31,3.36,5000000000.0,16799999475.47913,6271439804.196359
ZOREN,2025-08-29,3.8,5000000000.0,18999999761.58142,7092699910.998344
ZOREN,2025-09-30,3.56,5000000000.0,17799999713.89771,6644739893.198015
ZOREN,2025-10-31,3.35,5000000000.0,16749999523.16284,6254449821.949004
ZOREN,2025-11-28,3.24,5000000000.0,16200000047.68372,6049080017.805101
ZOREN,2025-12-31,3.07,5000000000.0,15349999666.21399,5730154875.397682
ZOREN,2026-01-30,3.3,5000000000.0,16499999761.58142,6161099910.974502
ZOREN,2026-02-27,3.37,5000000000.0,16849999427.79541,6291789786.338806
ZOREN,2026-03-31,2.78,5000000000.0,13899999856.94885,5190259946.584701
ZOREN,2026-04-30,3.06,5000000000.0,15299999713.89771,5713019893.169405
ZOREN,2026-05-26,3.09,5000000000.0,15449999570.84656,5769029839.754106
ZOREN,2026-06-30,2.76,5000000000.0,13799999952.31628,5152919982.194899
ZOREN,2026-07-21,2.6,5000000000.0,12999999523.16284,4854199821.949004
