date,symbol,close
2021-10-01,IWD,144.2311
2021-10-08,IWD,146.0595
2021-10-15,IWD,148.0154
2021-10-22,IWD,150.2896
2021-10-29,IWD,149.6801
2021-11-05,IWD,151.7178
2021-11-12,IWD,151.8907
2021-11-19,IWD,149.0798
2021-11-26,IWD,147.2877
2021-12-03,IWD,145.6684
2021-12-10,IWD,149.7984
2021-12-17,IWD,148.9725
2021-12-24,IWD,151.3297
2021-12-31,IWD,153.4311
2022-01-07,IWD,154.6463
2022-01-14,IWD,154.893
2022-01-21,IWD,147.7664
2022-01-28,IWD,148.1319
2022-02-04,IWD,150.5166
2022-02-11,IWD,149.6943
2022-02-18,IWD,147.5563
2022-02-25,IWD,148.7897
2022-03-04,IWD,148.141
2022-03-11,IWD,144.8336
2022-03-18,IWD,151.1195
2022-03-25,IWD,153.5918
2022-04-01,IWD,152.9036
2022-04-08,IWD,153.2064
2022-04-15,IWD,151.6098
2022-04-22,IWD,148.5635
2022-04-29,IWD,143.5352
2022-05-06,IWD,144.5721
2022-05-13,IWD,141.8652
2022-05-20,IWD,139.2869
2022-05-27,IWD,147.6276
2022-06-03,IWD,145.5906
2022-06-10,IWD,139.1359
2022-06-17,IWD,129.8952
2022-06-24,IWD,136.8326
2022-07-01,IWD,135.2296
2022-07-08,IWD,135.7362
2022-07-15,IWD,134.5478
2022-07-22,IWD,137.7724
2022-07-29,IWD,142.3696
2022-08-05,IWD,142.0564
2022-08-12,IWD,147.6395
2022-08-19,IWD,145.8706
2022-08-26,IWD,141.2917
2022-09-02,IWD,137.3485
2022-09-09,IWD,142.4249
2022-09-16,IWD,136.3812
2022-09-23,IWD,129.2871
2022-09-30,IWD,126.1272
2022-10-07,IWD,128.7798
2022-10-14,IWD,127.9822
2022-10-21,IWD,132.8978
2022-10-28,IWD,139.557
2022-11-04,IWD,137.971
2022-11-11,IWD,144.3057
2022-11-18,IWD,143.5266
2022-11-25,IWD,146.2719
2022-12-02,IWD,147.3293
2022-12-09,IWD,142.4044
2022-12-16,IWD,140.1287
2022-12-23,IWD,141.2953
2022-12-30,IWD,141.538
2023-01-06,IWD,145.0659
2023-01-13,IWD,147.9126
2023-01-20,IWD,145.6352
2023-01-27,IWD,148.2206
2023-02-03,IWD,149.5179
2023-02-10,IWD,148.0432
2023-02-17,IWD,147.6606
2023-02-24,IWD,144.058
2023-03-03,IWD,146.2886
2023-03-10,IWD,138.1967
2023-03-17,IWD,135.9381
2023-03-24,IWD,137.3344
2023-03-31,IWD,142.8511
2023-04-07,IWD,143.02
2023-04-14,IWD,144.7744
2023-04-21,IWD,144.6055
2023-04-28,IWD,145.0746
2023-05-05,IWD,142.5415
2023-05-12,IWD,141.0685
2023-05-19,IWD,142.2694
2023-05-26,IWD,140.4586
2023-06-02,IWD,143.1794
2023-06-09,IWD,144.7295
2023-06-16,IWD,147.5557
2023-06-23,IWD,144.5881
2023-06-30,IWD,148.6861
2023-07-07,IWD,147.0941
2023-07-14,IWD,149.8637
2023-07-21,IWD,153.0573
2023-07-28,IWD,153.4436
2023-08-04,IWD,151.0695
2023-08-11,IWD,151.5312
2023-08-18,IWD,147.9607
2023-08-25,IWD,147.6404
2023-09-01,IWD,150.5891
2023-09-08,IWD,148.4223
2023-09-15,IWD,149.1666
2023-09-22,IWD,145.2759
2023-09-29,IWD,143.942
2023-10-06,IWD,141.8088
2023-10-13,IWD,142.3776
2023-10-20,IWD,139.7419
2023-10-27,IWD,136.2339
2023-11-03,IWD,143.9515
2023-11-10,IWD,142.4914
2023-11-17,IWD,146.6156
2023-11-24,IWD,148.0663
2023-12-01,IWD,150.958
2023-12-08,IWD,150.5503
2023-12-15,IWD,155.5374
2023-12-22,IWD,156.6659
2023-12-29,IWD,157.591
2024-01-05,IWD,156.9425
2024-01-12,IWD,156.4943
2024-01-19,IWD,156.1891
2024-01-26,IWD,158.1059
2024-02-02,IWD,159.0406
2024-02-09,IWD,159.2503
2024-02-16,IWD,160.7762
2024-02-23,IWD,163.0459
2024-03-01,IWD,164.1712
2024-03-08,IWD,165.9926
2024-03-15,IWD,165.7924
2024-03-22,IWD,168.5682
2024-03-29,IWD,171.5566
2024-04-05,IWD,169.2962
2024-04-12,IWD,164.5836
2024-04-19,IWD,163.3576
2024-04-26,IWD,165.7522
2024-05-03,IWD,165.8192
2024-05-10,IWD,169.4302
2024-05-17,IWD,171.4991
2024-05-24,IWD,169.095
2024-05-31,IWD,169.6888
2024-06-07,IWD,168.0701
2024-06-14,IWD,166.1634
2024-06-21,IWD,168.154
2024-06-28,IWD,167.7789
2024-07-05,IWD,167.125
2024-07-12,IWD,171.8178
2024-07-19,IWD,172.943
2024-07-26,IWD,175.0394
2024-08-02,IWD,171.5198
2024-08-09,IWD,171.1254
2024-08-16,IWD,175.3471
2024-08-23,IWD,178.7321
2024-08-30,IWD,181.0978
2024-09-06,IWD,175.5972
2024-09-13,IWD,179.0398
2024-09-20,IWD,181.4055
2024-09-27,IWD,183.0181
2024-10-04,IWD,183.3372
2024-10-11,IWD,185.0582
2024-10-18,IWD,187.2336
2024-10-25,IWD,182.9988
2024-11-01,IWD,181.5291
2024-11-08,IWD,188.8773
2024-11-15,IWD,186.6535
2024-11-22,IWD,191.1591
2024-11-29,IWD,193.1702
2024-12-06,IWD,189.4284
2024-12-13,IWD,185.6673
2024-12-20,IWD,180.3172
2024-12-27,IWD,181.2598
2025-01-03,IWD,181.2598
2025-01-10,IWD,178.4026
2025-01-17,IWD,186.09
2025-01-24,IWD,188.3349
2025-01-31,IWD,188.0919
2025-02-07,IWD,187.8101
2025-02-14,IWD,189.0055
2025-02-21,IWD,187.2173
2025-02-28,IWD,188.8986
2025-03-07,IWD,184.3309
2025-03-14,IWD,180.8906
2025-03-21,IWD,182.6585
2025-03-28,IWD,181.7997
2025-04-04,IWD,166.3008
2025-04-11,IWD,171.8933
2025-04-18,IWD,172.0885
2025-04-25,IWD,176.0998
2025-05-02,IWD,180.4626
2025-05-09,IWD,180.609
2025-05-16,IWD,186.504
2025-05-23,IWD,181.7997
2025-05-30,IWD,184.0933
2025-06-06,IWD,186.1819
2025-06-13,IWD,185.2743
2025-06-20,IWD,185.6929
2025-06-27,IWD,189.5651
2025-07-04,IWD,193.5256
2025-07-11,IWD,192.4375
2025-07-18,IWD,192.0257
2025-07-25,IWD,195.1628
2025-08-01,IWD,188.9671
2025-08-08,IWD,191.8101
2025-08-15,IWD,194.3883
2025-08-22,IWD,197.7998
2025-08-29,IWD,197.6626
2025-09-05,IWD,197.6234
2025-09-12,IWD,198.6429
2025-09-19,IWD,199.6693
2025-09-26,IWD,199.8761
2025-10-03,IWD,201.8259
2025-10-10,IWD,196.3903
2025-10-17,IWD,199.7383
2025-10-24,IWD,203.1454
2025-10-31,IWD,201.4418
2025-11-07,IWD,201.2941
2025-11-14,IWD,201.6584
2025-11-21,IWD,199.9352
2025-11-28,IWD,206.7691
2025-12-05,IWD,207.2516
2025-12-12,IWD,208.5514
2025-12-19,IWD,207.6683
2025-12-26,IWD,210.2112
2026-01-02,IWD,209.9639
2026-01-09,IWD,215.2971
2026-01-16,IWD,216.6823
2026-01-23,IWD,216.1777
2026-01-30,IWD,217.5432
2026-02-06,IWD,222.2035
2026-02-13,IWD,221.3526
2026-02-20,IWD,222.8961
2026-02-27,IWD,223.1435
2026-03-06,IWD,215.4257
2026-03-13,IWD,212.4771
2026-03-20,IWD,209.8787
2026-03-27,IWD,208.6273
2026-04-03,IWD,214.0602
2026-04-10,IWD,220.3474
2026-04-17,IWD,225.6114
2026-04-24,IWD,226.108
2026-05-01,IWD,229.2963
2026-05-08,IWD,232.3157
2026-05-15,IWD,230.6074
2026-05-22,IWD,234.7193
2026-05-29,IWD,236.3482
2026-06-05,IWD,234.8186
2026-06-12,IWD,240.49
2026-06-19,IWD,241.298
2026-06-26,IWD,241.8759
2026-07-03,IWD,245.9112
2026-07-10,IWD,245.9411
2026-07-17,IWD,247.1267
2026-07-24,IWD,247.336
2026-07-31,IWD,250.9029
2026-08-07,IWD,256.622
2026-08-14,IWD,257.6284
2026-08-21,IWD,256.353
2026-08-28,IWD,257.3892
2026-09-04,IWD,256.6918
2026-09-11,IWD,254.6492
2026-09-18,IWD,251.7
2026-09-25,IWD,251.93
2021-10-01,IWF,67.2723
2021-10-08,IWF,67.5128
2021-10-15,IWF,69.2737
2021-10-22,IWF,70.5003
2021-10-29,IWF,72.3802
2021-11-05,IWF,74.112
2021-11-12,IWF,73.721
2021-11-19,IWF,75.0666
2021-11-26,IWF,72.6013
2021-12-03,IWF,71.0711
2021-12-10,IWF,74.1436
2021-12-17,IWF,71.9039
2021-12-24,IWF,74.1657
2021-12-31,IWF,74.3214
2022-01-07,IWF,70.7268
2022-01-14,IWF,70.1164
2022-01-21,IWF,65.1671
2022-01-28,IWF,65.9356
2022-02-04,IWF,67.1492
2022-02-11,IWF,65.3544
2022-02-18,IWF,64.2186
2022-02-25,IWF,64.8947
2022-03-04,IWF,63.2531
2022-03-11,IWF,60.9986
2022-03-18,IWF,66.0937
2022-03-25,IWF,67.2003
2022-04-01,IWF,67.7727
2022-04-08,IWF,65.6707
2022-04-15,IWF,63.7855
2022-04-22,IWF,61.3888
2022-04-29,IWF,59.3696
2022-05-06,IWF,58.4416
2022-05-13,IWF,56.7293
2022-05-20,IWF,54.3862
2022-05-27,IWF,58.3272
2022-06-03,IWF,57.7986
2022-06-10,IWF,54.4706
2022-06-17,IWF,51.6918
2022-06-24,IWF,55.9051
2022-07-01,IWF,53.9217
2022-07-08,IWF,55.9539
2022-07-15,IWF,55.2172
2022-07-22,IWF,56.964
2022-07-29,IWF,59.8135
2022-08-05,IWF,60.6918
2022-08-12,IWF,62.4435
2022-08-19,IWF,61.4383
2022-08-26,IWF,58.6547
2022-09-02,IWF,56.3467
2022-09-09,IWF,58.6522
2022-09-16,IWF,55.4684
2022-09-23,IWF,52.9946
2022-09-30,IWF,51.4689
2022-10-07,IWF,52.0535
2022-10-14,IWF,50.6445
2022-10-21,IWF,53.3672
2022-10-28,IWF,54.9279
2022-11-04,IWF,51.8701
2022-11-11,IWF,55.8697
2022-11-18,IWF,55.2019
2022-11-25,IWF,55.9088
2022-12-02,IWF,56.8359
2022-12-09,IWF,54.7982
2022-12-16,IWF,53.4356
2022-12-23,IWF,52.7587
2022-12-30,IWF,52.5404
2023-01-06,IWF,52.7023
2023-01-13,IWF,54.8457
2023-01-20,IWF,55.0345
2023-01-27,IWF,56.945
2023-02-03,IWF,58.5023
2023-02-10,IWF,57.5998
2023-02-17,IWF,57.7077
2023-02-24,IWF,56.0204
2023-03-03,IWF,57.3938
2023-03-10,IWF,54.9683
2023-03-17,IWF,57.2172
2023-03-24,IWF,58.182
2023-03-31,IWF,60.0524
2023-04-07,IWF,59.7108
2023-04-14,IWF,60.0327
2023-04-21,IWF,59.986
2023-04-28,IWF,60.6669
2023-05-05,IWF,60.7406
2023-05-12,IWF,61.0576
2023-05-19,IWF,62.6012
2023-05-26,IWF,63.6753
2023-06-02,IWF,65.0246
2023-06-09,IWF,64.9781
2023-06-16,IWF,67.0211
2023-06-23,IWF,66.2753
2023-06-30,IWF,67.735
2023-07-07,IWF,67.0113
2023-07-14,IWF,69.1479
2023-07-21,IWF,68.7565
2023-07-28,IWF,69.9232
2023-08-04,IWF,67.991
2023-08-11,IWF,67.2624
2023-08-18,IWF,65.9725
2023-08-25,IWF,67.0852
2023-09-01,IWF,69.4112
2023-09-08,IWF,68.5325
2023-09-15,IWF,68.0796
2023-09-22,IWF,65.7658
2023-09-29,IWF,65.5984
2023-10-06,IWF,66.9524
2023-10-13,IWF,67.1472
2023-10-20,IWF,65.2309
2023-10-27,IWF,63.4972
2023-11-03,IWF,67.4851
2023-11-10,IWF,69.5147
2023-11-17,IWF,70.9871
2023-11-24,IWF,71.7615
2023-12-01,IWF,72.0056
2023-12-08,IWF,72.5309
2023-12-15,IWF,74.1438
2023-12-22,IWF,74.8227
2023-12-29,IWF,74.9166
2024-01-05,IWF,72.8409
2024-01-12,IWF,75.5072
2024-01-19,IWF,77.1554
2024-01-26,IWF,77.8968
2024-02-02,IWF,79.4165
2024-02-09,IWF,81.4181
2024-02-16,IWF,80.4642
2024-02-23,IWF,81.7764
2024-03-01,IWF,82.8192
2024-03-08,IWF,81.769
2024-03-15,IWF,81.5688
2024-03-22,IWF,83.883
2024-03-29,IWF,83.398
2024-04-05,IWF,82.814
2024-04-12,IWF,82.3019
2024-04-19,IWF,78.2266
2024-04-26,IWF,81.1562
2024-05-03,IWF,82.0247
2024-05-10,IWF,83.304
2024-05-17,IWF,84.838
2024-05-24,IWF,85.6199
2024-05-31,IWF,84.6945
2024-06-07,IWF,86.9165
2024-06-14,IWF,89.9485
2024-06-21,IWF,90.1764
2024-06-28,IWF,90.2978
2024-07-05,IWF,93.6396
2024-07-12,IWF,93.3497
2024-07-19,IWF,89.5992
2024-07-26,IWF,87.4985
2024-08-02,IWF,85.2467
2024-08-09,IWF,85.6232
2024-08-16,IWF,90.0947
2024-08-23,IWF,91.1896
2024-08-30,IWF,90.5331
2024-09-06,IWF,85.7422
2024-09-13,IWF,90.8849
2024-09-20,IWF,92.4084
2024-09-27,IWF,92.695
2024-10-04,IWF,92.9729
2024-10-11,IWF,94.2778
2024-10-18,IWF,94.975
2024-10-25,IWF,94.9626
2024-11-01,IWF,93.4839
2024-11-08,IWF,98.8973
2024-11-15,IWF,96.1484
2024-11-22,IWF,97.7784
2024-11-29,IWF,98.8353
2024-12-06,IWF,102.4078
2024-12-13,IWF,102.7204
2024-12-20,IWF,101.1586
2024-12-27,IWF,101.844
2025-01-03,IWF,101.1288
2025-01-10,IWF,98.8788
2025-01-17,IWF,101.0717
2025-01-24,IWF,103.1851
2025-01-31,IWF,101.6503
2025-02-07,IWF,101.3523
2025-02-14,IWF,103.4036
2025-02-21,IWF,100.5502
2025-02-28,IWF,97.9971
2025-03-07,IWF,94.0857
2025-03-14,IWF,91.6892
2025-03-21,IWF,91.9613
2025-03-28,IWF,89.6343
2025-04-04,IWF,80.9653
2025-04-11,IWF,87.019
2025-04-18,IWF,84.9306
2025-04-25,IWF,90.6885
2025-05-02,IWF,93.7091
2025-05-09,IWF,93.1671
2025-05-16,IWF,99.7802
2025-05-23,IWF,97.1076
2025-05-30,IWF,99.3028
2025-06-06,IWF,101.3265
2025-06-13,IWF,100.8293
2025-06-20,IWF,100.3301
2025-06-27,IWF,104.9414
2025-07-04,IWF,106.5763
2025-07-11,IWF,106.4021
2025-07-18,IWF,108.067
2025-07-25,IWF,109.4655
2025-08-01,IWF,107.4821
2025-08-08,IWF,110.9711
2025-08-15,IWF,111.7376
2025-08-22,IWF,110.8044
2025-08-29,IWF,110.8865
2025-09-05,IWF,111.8072
2025-09-12,IWF,114.5073
2025-09-19,IWF,116.7333
2025-09-26,IWF,115.7843
2025-10-03,IWF,117.0546
2025-10-10,IWF,114.4467
2025-10-17,IWF,116.3522
2025-10-24,IWF,118.8605
2025-10-31,IWF,120.9503
2025-11-07,IWF,117.4258
2025-11-14,IWF,117.3012
2025-11-21,IWF,113.9809
2025-11-28,IWF,118.6762
2025-12-05,IWF,119.2615
2025-12-12,IWF,117.4083
2025-12-19,IWF,118.0606
2025-12-26,IWF,119.7636
2026-01-02,IWF,117.6268
2026-01-09,IWF,118.7289
2026-01-16,IWF,117.3326
2026-01-23,IWF,116.7541
2026-01-30,IWF,116.1782
2026-02-06,IWF,113.9067
2026-02-13,IWF,111.4956
2026-02-20,IWF,113.1637
2026-02-27,IWF,112.2486
2026-03-06,IWF,111.4682
2026-03-13,IWF,109.2815
2026-03-20,IWF,106.67
2026-03-27,IWF,103.019
2026-04-03,IWF,107.3188
2026-04-10,IWF,111.3666
2026-04-17,IWF,118.8907
2026-04-24,IWF,119.572
2026-05-01,IWF,119.8366
2026-05-08,IWF,123.3203
2026-05-15,IWF,124.1489
2026-05-22,IWF,124.7777
2026-05-29,IWF,127.6227
2026-06-05,IWF,122.4719
2026-06-12,IWF,121.3938
2026-06-19,IWF,123.0793
2026-06-26,IWF,118.933
2026-07-03,IWF,121.0511
2026-07-10,IWF,123.8386
2026-07-17,IWF,119.2727
2026-07-24,IWF,117.5442
2026-07-31,IWF,118.2136
2026-08-07,IWF,124.488
2026-08-14,IWF,125.1774
2026-08-21,IWF,122.28
2026-08-28,IWF,122.6397
2026-09-04,IWF,123.2991
2026-09-11,IWF,122.1601
2026-09-18,IWF,123.25
2026-09-25,IWF,126.25
2021-10-01,MTUM,167.5585
2021-10-08,MTUM,169.0981
2021-10-15,MTUM,173.7552
2021-10-22,MTUM,176.4569
2021-10-29,MTUM,180.122
2021-11-05,MTUM,182.0963
2021-11-12,MTUM,179.2435
2021-11-19,MTUM,177.0331
2021-11-26,MTUM,174.8037
2021-12-03,MTUM,168.4086
2021-12-10,MTUM,172.7256
2021-12-17,MTUM,167.096
2021-12-24,MTUM,171.5845
2021-12-31,MTUM,172.1716
2022-01-07,MTUM,165.2306
2022-01-14,MTUM,163.0147
2022-01-21,MTUM,151.5
2022-01-28,MTUM,152.0777
2022-02-04,MTUM,157.9582
2022-02-11,MTUM,154.8522
2022-02-18,MTUM,150.288
2022-02-25,MTUM,152.267
2022-03-04,MTUM,148.735
2022-03-11,MTUM,144.2465
2022-03-18,MTUM,157.0207
2022-03-25,MTUM,159.6279
2022-04-01,MTUM,159.96
2022-04-08,MTUM,155.9169
2022-04-15,MTUM,151.0386
2022-04-22,MTUM,145.4389
2022-04-29,MTUM,139.4501
2022-05-06,MTUM,139.1844
2022-05-13,MTUM,135.1128
2022-05-20,MTUM,130.0636
2022-05-27,MTUM,140.4087
2022-06-03,MTUM,138.2638
2022-06-10,MTUM,134.1249
2022-06-17,MTUM,123.9342
2022-06-24,MTUM,130.4521
2022-07-01,MTUM,131.1467
2022-07-08,MTUM,131.0325
2022-07-15,MTUM,130.2713
2022-07-22,MTUM,130.8612
2022-07-29,MTUM,136.4656
2022-08-05,MTUM,133.9346
2022-08-12,MTUM,138.5685
2022-08-19,MTUM,139.8054
2022-08-26,MTUM,137.4837
2022-09-02,MTUM,133.5445
2022-09-09,MTUM,137.046
2022-09-16,MTUM,133.0306
2022-09-23,MTUM,128.0542
2022-09-30,MTUM,125.7799
2022-10-07,MTUM,129.5769
2022-10-14,MTUM,129.596
2022-10-21,MTUM,135.6943
2022-10-28,MTUM,142.0129
2022-11-04,MTUM,139.7885
2022-11-11,MTUM,141.9938
2022-11-18,MTUM,143.2978
2022-11-25,MTUM,145.4935
2022-12-02,MTUM,146.3757
2022-12-09,MTUM,140.6226
2022-12-16,MTUM,139.1285
2022-12-23,MTUM,141.3945
2022-12-30,MTUM,140.7195
2023-01-06,MTUM,140.5653
2023-01-13,MTUM,140.7581
2023-01-20,MTUM,138.5788
2023-01-27,MTUM,139.3889
2023-02-03,MTUM,136.0909
2023-02-10,MTUM,139.5528
2023-02-17,MTUM,137.306
2023-02-24,MTUM,135.5991
2023-03-03,MTUM,136.9395
2023-03-10,MTUM,131.2309
2023-03-17,MTUM,128.4151
2023-03-24,MTUM,130.7171
2023-03-31,MTUM,134.8787
2023-04-07,MTUM,137.8181
2023-04-14,MTUM,139.3701
2023-04-21,MTUM,138.1479
2023-04-28,MTUM,138.109
2023-05-05,MTUM,136.3241
2023-05-12,MTUM,135.81
2023-05-19,MTUM,135.7421
2023-05-26,MTUM,132.6088
2023-06-02,MTUM,134.2482
2023-06-09,MTUM,134.377
2023-06-16,MTUM,138.8179
2023-06-23,MTUM,137.1818
2023-06-30,MTUM,140.4832
2023-07-07,MTUM,137.6687
2023-07-14,MTUM,141.6909
2023-07-21,MTUM,141.5642
2023-07-28,MTUM,142.655
2023-08-04,MTUM,140.4248
2023-08-11,MTUM,140.2398
2023-08-18,MTUM,138.2628
2023-08-25,MTUM,139.4217
2023-09-01,MTUM,143.4146
2023-09-08,MTUM,142.0707
2023-09-15,MTUM,140.23
2023-09-22,MTUM,136.7435
2023-09-29,MTUM,136.4482
2023-10-06,MTUM,137.2393
2023-10-13,MTUM,137.5323
2023-10-20,MTUM,134.8659
2023-10-27,MTUM,132.2287
2023-11-03,MTUM,140.4039
2023-11-10,MTUM,143.588
2023-11-17,MTUM,146.4889
2023-11-24,MTUM,147.7879
2023-12-01,MTUM,147.0065
2023-12-08,MTUM,147.2898
2023-12-15,MTUM,150.9134
2023-12-22,MTUM,153.0799
2023-12-29,MTUM,153.5889
2024-01-05,MTUM,149.4284
2024-01-12,MTUM,156.1832
2024-01-19,MTUM,161.1172
2024-01-26,MTUM,163.6331
2024-02-02,MTUM,169.2523
2024-02-09,MTUM,174.7051
2024-02-16,MTUM,173.6478
2024-02-23,MTUM,176.2714
2024-03-01,MTUM,182.5564
2024-03-08,MTUM,181.7536
2024-03-15,MTUM,178.6992
2024-03-22,MTUM,184.7822
2024-03-29,MTUM,183.5672
2024-04-05,MTUM,183.7926
2024-04-12,MTUM,180.1869
2024-04-19,MTUM,170.0753
2024-04-26,MTUM,176.0521
2024-05-03,MTUM,176.4637
2024-05-10,MTUM,180.8924
2024-05-17,MTUM,183.6162
2024-05-24,MTUM,186.7418
2024-05-31,MTUM,182.8324
2024-06-07,MTUM,185.4681
2024-06-14,MTUM,190.9468
2024-06-21,MTUM,191.6726
2024-06-28,MTUM,191.1331
2024-07-05,MTUM,194.7818
2024-07-12,MTUM,195.5076
2024-07-19,MTUM,187.5336
2024-07-26,MTUM,184.4832
2024-08-02,MTUM,175.9598
2024-08-09,MTUM,181.1091
2024-08-16,MTUM,191.1331
2024-08-23,MTUM,194.0756
2024-08-30,MTUM,193.5852
2024-09-06,MTUM,182.4627
2024-09-13,MTUM,192.9869
2024-09-20,MTUM,197.7047
2024-09-27,MTUM,198.4978
2024-10-04,MTUM,200.2868
2024-10-11,MTUM,203.8254
2024-10-18,MTUM,205.7618
2024-10-25,MTUM,202.233
2024-11-01,MTUM,198.2619
2024-11-08,MTUM,210.1949
2024-11-15,MTUM,204.8575
2024-11-22,MTUM,211.2467
2024-11-29,MTUM,212.8293
2024-12-06,MTUM,213.8417
2024-12-13,MTUM,210.6373
2024-12-20,MTUM,206.2597
2024-12-27,MTUM,207.4828
2025-01-03,MTUM,208.3804
2025-01-10,MTUM,204.0798
2025-01-17,MTUM,214.3874
2025-01-24,MTUM,219.9702
2025-01-31,MTUM,216.1431
2025-02-07,MTUM,221.8049
2025-02-14,MTUM,225.1881
2025-02-21,MTUM,216.9223
2025-02-28,MTUM,215.4526
2025-03-07,MTUM,201.5646
2025-03-14,MTUM,199.2367
2025-03-21,MTUM,202.4615
2025-03-28,MTUM,198.6344
2025-04-04,MTUM,179.1527
2025-04-11,MTUM,193.8875
2025-04-18,MTUM,193.1854
2025-04-25,MTUM,204.4986
2025-05-02,MTUM,213.9824
2025-05-09,MTUM,214.8032
2025-05-16,MTUM,228.1141
2025-05-23,MTUM,223.2288
2025-05-30,MTUM,228.9744
2025-06-06,MTUM,230.1611
2025-06-13,MTUM,227.7086
2025-06-20,MTUM,228.215
2025-06-27,MTUM,235.5579
2025-07-04,MTUM,237.2029
2025-07-11,MTUM,234.1111
2025-07-18,MTUM,236.9056
2025-07-25,MTUM,239.1055
2025-08-01,MTUM,236.6182
2025-08-08,MTUM,243.4359
2025-08-15,MTUM,242.6432
2025-08-22,MTUM,241.454
2025-08-29,MTUM,241.5234
2025-09-05,MTUM,242.0882
2025-09-12,MTUM,251.2247
2025-09-19,MTUM,255.0901
2025-09-26,MTUM,252.9545
2025-10-03,MTUM,252.5671
2025-10-10,MTUM,248.2959
2025-10-17,MTUM,251.1069
2025-10-24,MTUM,253.7888
2025-10-31,MTUM,252.5174
2025-11-07,MTUM,246.5179
2025-11-14,MTUM,244.422
2025-11-21,MTUM,236.2372
2025-11-28,MTUM,248.574
2025-12-05,MTUM,251.097
2025-12-12,MTUM,247.7893
2025-12-19,MTUM,250.2435
2025-12-26,MTUM,254.0083
2026-01-02,MTUM,251.7175
2026-01-09,MTUM,255.9604
2026-01-16,MTUM,257.3449
2026-01-23,MTUM,254.4665
2026-01-30,MTUM,254.8649
2026-02-06,MTUM,252.4745
2026-02-13,MTUM,250.4725
2026-02-20,MTUM,253.7593
2026-02-27,MTUM,251.9466
2026-03-06,MTUM,240.5126
2026-03-13,MTUM,242.4648
2026-03-20,MTUM,240.7681
2026-03-27,MTUM,235.026
2026-04-03,MTUM,245.0846
2026-04-10,MTUM,262.6198
2026-04-17,MTUM,273.6055
2026-04-24,MTUM,280.0255
2026-05-01,MTUM,284.2024
2026-05-08,MTUM,300.8604
2026-05-15,MTUM,297.3414
2026-05-22,MTUM,302.6548
2026-05-29,MTUM,314.8268
2026-06-05,MTUM,305.5158
2026-06-12,MTUM,323.39
2026-06-19,MTUM,337.8389
2026-06-26,MTUM,325.0846
2026-07-03,MTUM,315.8931
2026-07-10,MTUM,321.1226
2026-07-17,MTUM,301.4822
2026-07-24,MTUM,305.7736
2026-07-31,MTUM,298.9872
2026-08-07,MTUM,308.6977
2026-08-14,MTUM,316.5717
2026-08-21,MTUM,304.556
2026-08-28,MTUM,299.107
2026-09-04,MTUM,304.2466
2026-09-11,MTUM,306.4222
2026-09-18,MTUM,309.62
2026-09-25,MTUM,318.5
2021-10-01,QQQ,349.5741
2021-10-08,QQQ,350.5253
2021-10-15,QQQ,358.0761
2021-10-22,QQQ,363.0843
2021-10-29,QQQ,374.7406
2021-11-05,QQQ,386.8628
2021-11-12,QQQ,383.0777
2021-11-19,QQQ,392.0941
2021-11-26,QQQ,379.6807
2021-12-03,QQQ,371.8483
2021-12-10,QQQ,386.2902
2021-12-17,QQQ,373.5759
2021-12-24,QQQ,385.7243
2021-12-31,QQQ,386.6281
2022-01-07,QQQ,369.1455
2022-01-14,QQQ,369.2913
2022-01-21,QQQ,341.77
2022-01-28,QQQ,341.877
2022-02-04,QQQ,347.9118
2022-02-11,QQQ,337.2707
2022-02-18,QQQ,331.8772
2022-02-25,QQQ,336.0171
2022-03-04,QQQ,327.786
2022-03-11,QQQ,315.2498
2022-03-18,QQQ,341.5757
2022-03-25,QQQ,349.6458
2022-04-01,QQQ,352.0782
2022-04-08,QQQ,339.7212
2022-04-15,QQQ,329.2908
2022-04-22,QQQ,316.6125
2022-04-29,QQQ,304.7906
2022-05-06,QQQ,300.8987
2022-05-13,QQQ,293.7862
2022-05-20,QQQ,280.8843
2022-05-27,QQQ,300.7528
2022-06-03,QQQ,297.931
2022-06-10,QQQ,281.0399
2022-06-17,QQQ,267.272
2022-06-24,QQQ,287.205
2022-07-01,QQQ,275.0387
2022-07-08,QQQ,287.9265
2022-07-15,QQQ,284.5339
2022-07-22,QQQ,294.3996
2022-07-29,QQQ,307.531
2022-08-05,QQQ,313.6629
2022-08-12,QQQ,322.0858
2022-08-19,QQQ,314.745
2022-08-26,QQQ,299.7126
2022-09-02,QQQ,287.751
2022-09-09,QQQ,299.3714
2022-09-16,QQQ,282.048
2022-09-23,QQQ,269.0678
2022-09-30,QQQ,261.0108
2022-10-07,QQQ,262.8076
2022-10-14,QQQ,254.6431
2022-10-21,QQQ,268.9799
2022-10-28,QQQ,274.6443
2022-11-04,QQQ,258.4911
2022-11-11,QQQ,281.2267
2022-11-18,QQQ,278.1601
2022-11-25,QQQ,280.211
2022-12-02,QQQ,285.7093
2022-12-09,QQQ,275.4451
2022-12-16,QQQ,267.8372
2022-12-23,QQQ,261.7335
2022-12-30,QQQ,260.6762
2023-01-06,QQQ,263.1432
2023-01-13,QQQ,275.0571
2023-01-20,QQQ,276.7311
2023-01-27,QQQ,290.0254
2023-02-03,QQQ,299.7365
2023-02-10,QQQ,293.3929
2023-02-17,QQQ,294.8222
2023-02-24,QQQ,285.7081
2023-03-03,QQQ,293.3733
2023-03-10,QQQ,282.4775
2023-03-17,QQQ,298.9337
2023-03-24,QQQ,304.8186
2023-03-31,QQQ,314.6625
2023-04-07,QQQ,311.8388
2023-04-14,QQQ,312.3486
2023-04-21,QQQ,310.4268
2023-04-28,QQQ,316.2607
2023-05-05,QQQ,316.5843
2023-05-12,QQQ,318.6825
2023-05-19,QQQ,329.9383
2023-05-26,QQQ,341.596
2023-06-02,QQQ,347.724
2023-06-09,QQQ,347.5769
2023-06-16,QQQ,360.7445
2023-06-23,QQQ,355.9475
2023-06-30,QQQ,362.7024
2023-07-07,QQQ,359.5803
2023-07-14,QQQ,372.177
2023-07-21,QQQ,368.7994
2023-07-28,QQQ,376.5068
2023-08-04,QQQ,365.2748
2023-08-11,QQQ,359.5803
2023-08-18,QQQ,351.6177
2023-08-25,QQQ,357.4006
2023-09-01,QQQ,370.7239
2023-09-08,QQQ,365.8049
2023-09-15,QQQ,364.0671
2023-09-22,QQQ,351.9104
2023-09-29,QQQ,352.2643
2023-10-06,QQQ,358.5865
2023-10-13,QQQ,359.1569
2023-10-20,QQQ,348.6559
2023-10-27,QQQ,339.5215
2023-11-03,QQQ,361.5461
2023-11-10,QQQ,372.0471
2023-11-17,QQQ,379.5688
2023-11-24,QQQ,382.9807
2023-12-01,QQQ,383.4034
2023-12-08,QQQ,385.596
2023-12-15,QQQ,398.5453
2023-12-22,QQQ,402.3364
2023-12-29,QQQ,403.6717
2024-01-05,QQQ,391.084
2024-01-12,QQQ,403.7112
2024-01-19,QQQ,415.1652
2024-01-26,QQQ,417.7576
2024-02-02,QQQ,422.8835
2024-02-09,QQQ,430.8085
2024-02-16,QQQ,424.4211
2024-02-23,QQQ,430.5424
2024-03-01,QQQ,439.2463
2024-03-08,QQQ,432.7504
2024-03-15,QQQ,427.7232
2024-03-22,QQQ,440.5871
2024-03-29,QQQ,438.2479
2024-04-05,QQQ,434.7538
2024-04-12,QQQ,432.5824
2024-04-19,QQQ,409.2689
2024-04-26,QQQ,425.4067
2024-05-03,QQQ,429.8286
2024-05-10,QQQ,436.3232
2024-05-17,QQQ,445.8973
2024-05-24,QQQ,452.007
2024-05-31,QQQ,444.8609
2024-06-07,QQQ,456.952
2024-06-14,QQQ,472.9713
2024-06-21,QQQ,473.9485
2024-06-28,QQQ,473.644
2024-07-05,QQQ,490.4995
2024-07-12,QQQ,489.1748
2024-07-19,QQQ,469.8181
2024-07-26,QQQ,457.6881
2024-08-02,QQQ,443.6304
2024-08-09,QQQ,445.2715
2024-08-16,QQQ,469.6106
2024-08-23,QQQ,474.5239
2024-08-30,QQQ,470.8364
2024-09-06,QQQ,443.5711
2024-09-13,QQQ,469.917
2024-09-20,QQQ,476.936
2024-09-27,QQQ,481.873
2024-10-04,QQQ,482.4373
2024-10-11,QQQ,488.4168
2024-10-18,QQQ,489.5157
2024-10-25,QQQ,490.3572
2024-11-01,QQQ,482.5462
2024-11-08,QQQ,508.9887
2024-11-15,QQQ,491.5947
2024-11-22,QQQ,500.7223
2024-11-29,QQQ,504.6327
2024-12-06,QQQ,521.205
2024-12-13,QQQ,525.2144
2024-12-20,QQQ,513.4633
2024-12-27,QQQ,518.1584
2025-01-03,QQQ,514.212
2025-01-10,QQQ,502.9179
2025-01-17,QQQ,517.3453
2025-01-24,QQQ,525.1689
2025-01-31,QQQ,517.8907
2025-02-07,QQQ,518.5153
2025-02-14,QQQ,533.6172
2025-02-21,QQQ,521.6489
2025-02-28,QQQ,503.8897
2025-03-07,QQQ,487.6476
2025-03-14,QQQ,475.6198
2025-03-21,QQQ,476.7898
2025-03-28,QQQ,465.6835
2025-04-04,QQQ,419.7348
2025-04-11,QQQ,451.2445
2025-04-18,QQQ,441.016
2025-04-25,QQQ,469.2784
2025-05-02,QQQ,485.4354
2025-05-09,QQQ,484.5814
2025-05-16,QQQ,517.8885
2025-05-23,QQQ,505.7037
2025-05-30,QQQ,515.5051
2025-06-06,QQQ,526.2401
2025-06-13,QQQ,523.3007
2025-06-20,QQQ,523.1715
2025-06-27,QQQ,544.8951
2025-07-04,QQQ,552.9778
2025-07-11,QQQ,550.9695
2025-07-18,QQQ,557.9885
2025-07-25,QQQ,563.0685
2025-08-01,QQQ,550.6514
2025-08-08,QQQ,571.2009
2025-08-15,QQQ,573.9747
2025-08-22,QQQ,568.6359
2025-08-29,QQQ,567.0751
2025-09-05,QQQ,572.702
2025-09-12,QQQ,583.2403
2025-09-19,QQQ,595.8563
2025-09-26,QQQ,593.1829
2025-10-03,QQQ,600.3592
2025-10-10,QQQ,586.7432
2025-10-17,QQQ,601.1057
2025-10-24,QQQ,614.2141
2025-10-31,QQQ,626.1281
2025-11-07,QQQ,606.8885
2025-11-14,QQQ,606.0127
2025-11-21,QQQ,587.3105
2025-11-28,QQQ,616.354
2025-12-05,QQQ,622.5549
2025-12-12,QQQ,610.7503
2025-12-19,QQQ,614.1643
2025-12-26,QQQ,621.7725
2026-01-02,QQQ,611.0389
2026-01-09,QQQ,624.5231
2026-01-16,QQQ,619.1514
2026-01-23,QQQ,620.6064
2026-01-30,QQQ,619.7592
2026-02-06,QQQ,607.5807
2026-02-13,QQQ,599.877
2026-02-20,QQQ,606.7437
2026-02-27,QQQ,605.2288
2026-03-06,QQQ,597.7143
2026-03-13,QQQ,591.7048
2026-03-20,QQQ,580.0844
2026-03-27,QQQ,561.3774
2026-04-03,QQQ,583.7296
2026-04-10,QQQ,609.7638
2026-04-17,QQQ,647.463
2026-04-24,QQQ,662.4609
2026-05-01,QQQ,672.709
2026-05-08,QQQ,709.7097
2026-05-15,QQQ,707.4146
2026-05-22,QQQ,716.0062
2026-05-29,QQQ,736.7318
2026-06-05,QQQ,703.5529
2026-06-12,QQQ,719.7982
2026-06-19,QQQ,739.0369
2026-06-26,QQQ,705.7846
2026-07-03,QQQ,711.8582
2026-07-10,QQQ,724.7548
2026-07-17,QQQ,694.6062
2026-07-24,QQQ,683.5178
2026-07-31,QQQ,687.2739
2026-08-07,QQQ,722.2774
2026-08-14,QQQ,730.309
2026-08-21,QQQ,712.6974
2026-08-28,QQQ,715.6843
2026-09-04,QQQ,718.2116
2026-09-11,QQQ,714.1359
2026-09-18,QQQ,720.699
2026-09-25,QQQ,744.5
2021-10-01,RSPF,56.7816
2021-10-08,RSPF,58.0638
2021-10-15,RSPF,58.8004
2021-10-22,RSPF,60.5555
2021-10-29,RSPF,59.437
2021-11-05,RSPF,59.7098
2021-11-12,RSPF,60.0917
2021-11-19,RSPF,58.564
2021-11-26,RSPF,57.9274
2021-12-03,RSPF,56.6179
2021-12-10,RSPF,58.3639
2021-12-17,RSPF,57.4182
2021-12-24,RSPF,58.2338
2021-12-31,RSPF,58.7909
2022-01-07,RSPF,61.6405
2022-01-14,RSPF,61.6953
2022-01-21,RSPF,57.3113
2022-01-28,RSPF,57.8502
2022-02-04,RSPF,60.1883
2022-02-11,RSPF,60.3344
2022-02-18,RSPF,59.3206
2022-02-25,RSPF,59.4028
2022-03-04,RSPF,56.4163
2022-03-11,RSPF,55.1833
2022-03-18,RSPF,58.9462
2022-03-25,RSPF,59.7679
2022-04-01,RSPF,58.2822
2022-04-08,RSPF,57.5027
2022-04-15,RSPF,56.5764
2022-04-22,RSPF,55.485
2022-04-29,RSPF,52.7612
2022-05-06,RSPF,52.9997
2022-05-13,RSPF,51.1838
2022-05-20,RSPF,50.3675
2022-05-27,RSPF,54.3203
2022-06-03,RSPF,53.3023
2022-06-10,RSPF,49.964
2022-06-17,RSPF,47.8455
2022-06-24,RSPF,50.5079
2022-07-01,RSPF,49.7332
2022-07-08,RSPF,49.9822
2022-07-15,RSPF,49.3828
2022-07-22,RSPF,50.6554
2022-07-29,RSPF,52.1493
2022-08-05,RSPF,52.0663
2022-08-12,RSPF,55.2755
2022-08-19,RSPF,54.4363
2022-08-26,RSPF,52.426
2022-09-02,RSPF,51.1349
2022-09-09,RSPF,53.6617
2022-09-16,RSPF,51.4761
2022-09-23,RSPF,48.5028
2022-09-30,RSPF,47.4739
2022-10-07,RSPF,48.6881
2022-10-14,RSPF,48.4379
2022-10-21,RSPF,49.3833
2022-10-28,RSPF,52.6551
2022-11-04,RSPF,51.8302
2022-11-11,RSPF,54.7035
2022-11-18,RSPF,53.7488
2022-11-25,RSPF,54.963
2022-12-02,RSPF,54.9723
2022-12-09,RSPF,52.961
2022-12-16,RSPF,51.5058
2022-12-23,RSPF,52.2825
2022-12-30,RSPF,52.5339
2023-01-06,RSPF,54.4431
2023-01-13,RSPF,55.4768
2023-01-20,RSPF,54.9553
2023-01-27,RSPF,56.4733
2023-02-03,RSPF,57.3487
2023-02-10,RSPF,56.8831
2023-02-17,RSPF,56.7433
2023-02-24,RSPF,55.3557
2023-03-03,RSPF,55.5793
2023-03-10,RSPF,48.995
2023-03-17,RSPF,45.1023
2023-03-24,RSPF,45.4482
2023-03-31,RSPF,47.3137
2023-04-07,RSPF,46.8825
2023-04-14,RSPF,47.6606
2023-04-21,RSPF,47.9512
2023-04-28,RSPF,47.8762
2023-05-05,RSPF,46.1419
2023-05-12,RSPF,45.3638
2023-05-19,RSPF,46.4888
2023-05-26,RSPF,45.9075
2023-06-02,RSPF,47.0512
2023-06-09,RSPF,47.8387
2023-06-16,RSPF,48.2512
2023-06-23,RSPF,46.9381
2023-06-30,RSPF,48.3059
2023-07-07,RSPF,48.3531
2023-07-14,RSPF,49.2775
2023-07-21,RSPF,51.2018
2023-07-28,RSPF,51.2584
2023-08-04,RSPF,50.8339
2023-08-11,RSPF,50.6736
2023-08-18,RSPF,48.9191
2023-08-25,RSPF,48.7681
2023-09-01,RSPF,50.0604
2023-09-08,RSPF,49.2209
2023-09-15,RSPF,49.9755
2023-09-22,RSPF,48.6881
2023-09-29,RSPF,48.0904
2023-10-06,RSPF,47.8817
2023-10-13,RSPF,47.8058
2023-10-20,RSPF,46.4492
2023-10-27,RSPF,45.6333
2023-11-03,RSPF,49.2479
2023-11-10,RSPF,49.0107
2023-11-17,RSPF,50.7563
2023-11-24,RSPF,51.1643
2023-12-01,RSPF,52.9763
2023-12-08,RSPF,53.1566
2023-12-15,RSPF,55.3671
2023-12-22,RSPF,55.4892
2023-12-29,RSPF,55.909
2024-01-05,RSPF,56.0521
2024-01-12,RSPF,55.6514
2024-01-19,RSPF,56.0521
2024-01-26,RSPF,57.0825
2024-02-02,RSPF,56.7009
2024-02-09,RSPF,56.7009
2024-02-16,RSPF,57.2829
2024-02-23,RSPF,57.884
2024-03-01,RSPF,57.9507
2024-03-08,RSPF,58.9334
2024-03-15,RSPF,58.8571
2024-03-22,RSPF,60.0174
2024-03-29,RSPF,61.5996
2024-04-05,RSPF,60.3146
2024-04-12,RSPF,57.7544
2024-04-19,RSPF,58.1763
2024-04-26,RSPF,58.4544
2024-05-03,RSPF,58.627
2024-05-10,RSPF,60.1804
2024-05-17,RSPF,60.9475
2024-05-24,RSPF,59.605
2024-05-31,RSPF,59.49
2024-06-07,RSPF,59.0009
2024-06-14,RSPF,57.601
2024-06-21,RSPF,59.0777
2024-06-28,RSPF,59.0497
2024-07-05,RSPF,59.0979
2024-07-12,RSPF,61.1401
2024-07-19,RSPF,61.9203
2024-07-26,RSPF,63.3364
2024-08-02,RSPF,61.1882
2024-08-09,RSPF,61.5061
2024-08-16,RSPF,63.452
2024-08-23,RSPF,64.7428
2024-08-30,RSPF,66.2455
2024-09-06,RSPF,64.2708
2024-09-13,RSPF,65.1185
2024-09-20,RSPF,66.8235
2024-09-27,RSPF,66.6087
2024-10-04,RSPF,67.4116
2024-10-11,RSPF,68.3209
2024-10-18,RSPF,70.1297
2024-10-25,RSPF,68.6207
2024-11-01,RSPF,68.2241
2024-11-08,RSPF,72.1804
2024-11-15,RSPF,72.9639
2024-11-22,RSPF,74.4342
2024-11-29,RSPF,75.4983
2024-12-06,RSPF,73.7668
2024-12-13,RSPF,72.2288
2024-12-20,RSPF,70.2458
2024-12-27,RSPF,70.8161
2025-01-03,RSPF,70.6218
2025-01-10,RSPF,68.5427
2025-01-17,RSPF,72.4774
2025-01-24,RSPF,72.9632
2025-01-31,RSPF,74.6731
2025-02-07,RSPF,73.5656
2025-02-14,RSPF,72.7301
2025-02-21,RSPF,71.7002
2025-02-28,RSPF,73.4976
2025-03-07,RSPF,70.204
2025-03-14,RSPF,69.2422
2025-03-21,RSPF,70.068
2025-03-28,RSPF,69.8484
2025-04-04,RSPF,62.8206
2025-04-11,RSPF,65.3682
2025-04-18,RSPF,65.5048
2025-04-25,RSPF,67.0861
2025-05-02,RSPF,69.4775
2025-05-09,RSPF,70.19
2025-05-16,RSPF,72.7181
2025-05-23,RSPF,70.3072
2025-05-30,RSPF,71.4687
2025-06-06,RSPF,72.1812
2025-06-13,RSPF,70.3072
2025-06-20,RSPF,71.5273
2025-06-27,RSPF,73.943
2025-07-04,RSPF,76.0697
2025-07-11,RSPF,74.8544
2025-07-18,RSPF,75.5797
2025-07-25,RSPF,76.5695
2025-08-01,RSPF,73.4334
2025-08-08,RSPF,74.3154
2025-08-15,RSPF,75.1877
2025-08-22,RSPF,76.8243
2025-08-29,RSPF,76.8929
2025-09-05,RSPF,75.8345
2025-09-12,RSPF,76.7753
2025-09-19,RSPF,76.6871
2025-09-26,RSPF,76.4579
2025-10-03,RSPF,76.694
2025-10-10,RSPF,74.392
2025-10-17,RSPF,73.5853
2025-10-24,RSPF,75.0806
2025-10-31,RSPF,73.359
2025-11-07,RSPF,73.9296
2025-11-14,RSPF,73.8312
2025-11-21,RSPF,73.0049
2025-11-28,RSPF,75.0905
2025-12-05,RSPF,75.661
2025-12-12,RSPF,77.7171
2025-12-19,RSPF,77.7466
2025-12-26,RSPF,78.7231
2026-01-02,RSPF,77.4395
2026-01-09,RSPF,79.0687
2026-01-16,RSPF,78.111
2026-01-23,RSPF,76.8471
2026-01-30,RSPF,76.8669
2026-02-06,RSPF,77.1828
2026-02-13,RSPF,73.6875
2026-02-20,RSPF,74.9415
2026-02-27,RSPF,73.9739
2026-03-06,RSPF,72.8779
2026-03-13,RSPF,69.975
2026-03-20,RSPF,69.975
2026-03-27,RSPF,68.5356
2026-04-03,RSPF,71.1662
2026-04-10,RSPF,72.2681
2026-04-17,RSPF,76.1396
2026-04-24,RSPF,74.8591
2026-05-01,RSPF,75.3951
2026-05-08,RSPF,74.601
2026-05-15,RSPF,74.2237
2026-05-22,RSPF,75.2264
2026-05-29,RSPF,74.9484
2026-06-05,RSPF,75.3653
2026-06-12,RSPF,77.1026
2026-06-19,RSPF,76.6955
2026-06-26,RSPF,77.3731
2026-07-03,RSPF,80.7809
2026-07-10,RSPF,81.2791
2026-07-17,RSPF,82.3852
2026-07-24,RSPF,81.9866
2026-07-31,RSPF,83.0528
2026-08-07,RSPF,84.0094
2026-08-14,RSPF,85.0756
2026-08-21,RSPF,84.4677
2026-08-28,RSPF,84.8464
2026-09-04,RSPF,84.9062
2026-09-11,RSPF,82.6841
2026-09-18,RSPF,81.04
2026-09-25,RSPF,79.33
2021-10-01,RSPG,40.4551
2021-10-08,RSPG,43.2002
2021-10-15,RSPG,43.8604
2021-10-22,RSPG,44.26
2021-10-29,RSPG,43.2697
2021-11-05,RSPG,44.3555
2021-11-12,RSPG,43.5216
2021-11-19,RSPG,40.7591
2021-11-26,RSPG,41.5149
2021-12-03,RSPG,40.985
2021-12-10,RSPG,42.7485
2021-12-17,RSPG,40.2292
2021-12-24,RSPG,41.2778
2021-12-31,RSPG,41.8472
2022-01-07,RSPG,46.5339
2022-01-14,RSPG,49.3547
2022-01-21,RSPG,46.7704
2022-01-28,RSPG,49.6613
2022-02-04,RSPG,51.9039
2022-02-11,RSPG,53.4369
2022-02-18,RSPG,51.5009
2022-02-25,RSPG,51.9126
2022-03-04,RSPG,56.757
2022-03-11,RSPG,57.2038
2022-03-18,RSPG,56.0737
2022-03-25,RSPG,60.8834
2022-04-01,RSPG,60.0103
2022-04-08,RSPG,61.4566
2022-04-15,RSPG,61.6682
2022-04-22,RSPG,58.8727
2022-04-29,RSPG,58.0173
2022-05-06,RSPG,64.208
2022-05-13,RSPG,62.2061
2022-05-20,RSPG,62.5148
2022-05-27,RSPG,68.5467
2022-06-03,RSPG,69.6049
2022-06-10,RSPG,68.3439
2022-06-17,RSPG,55.7069
2022-06-24,RSPG,54.3202
2022-07-01,RSPG,55.3342
2022-07-08,RSPG,54.1423
2022-07-15,RSPG,52.3455
2022-07-22,RSPG,53.9377
2022-07-29,RSPG,58.9188
2022-08-05,RSPG,54.8894
2022-08-12,RSPG,59.5948
2022-08-19,RSPG,60.7511
2022-08-26,RSPG,63.3217
2022-09-02,RSPG,61.1158
2022-09-09,RSPG,61.3915
2022-09-16,RSPG,59.8527
2022-09-23,RSPG,53.6067
2022-09-30,RSPG,54.8381
2022-10-07,RSPG,62.2805
2022-10-14,RSPG,60.8154
2022-10-21,RSPG,65.7769
2022-10-28,RSPG,67.2331
2022-11-04,RSPG,69.3993
2022-11-11,RSPG,71.0082
2022-11-18,RSPG,69.2105
2022-11-25,RSPG,69.3274
2022-12-02,RSPG,68.6712
2022-12-09,RSPG,62.0737
2022-12-16,RSPG,63.7905
2022-12-23,RSPG,66.2633
2022-12-30,RSPG,66.1087
2023-01-06,RSPG,66.0905
2023-01-13,RSPG,68.4733
2023-01-20,RSPG,68.8007
2023-01-27,RSPG,69.1736
2023-02-03,RSPG,64.9537
2023-02-10,RSPG,68.1368
2023-02-17,RSPG,63.4622
2023-02-24,RSPG,64.2898
2023-03-03,RSPG,66.709
2023-03-10,RSPG,62.1344
2023-03-17,RSPG,57.6235
2023-03-24,RSPG,58.8167
2023-03-31,RSPG,62.7176
2023-04-07,RSPG,64.0944
2023-04-14,RSPG,66.2239
2023-04-21,RSPG,63.9659
2023-04-28,RSPG,63.9567
2023-05-05,RSPG,60.7167
2023-05-12,RSPG,59.5877
2023-05-19,RSPG,60.6065
2023-05-26,RSPG,59.9824
2023-06-02,RSPG,61.0379
2023-06-09,RSPG,62.1393
2023-06-16,RSPG,62.3229
2023-06-23,RSPG,59.9451
2023-06-30,RSPG,63.1758
2023-07-07,RSPG,63.7297
2023-07-14,RSPG,64.7636
2023-07-21,RSPG,67.3667
2023-07-28,RSPG,69.0928
2023-08-04,RSPG,69.7482
2023-08-11,RSPG,72.0928
2023-08-18,RSPG,71.0682
2023-08-25,RSPG,70.1359
2023-09-01,RSPG,72.5359
2023-09-08,RSPG,73.099
2023-09-15,RSPG,72.8959
2023-09-22,RSPG,70.4459
2023-09-29,RSPG,71.2539
2023-10-06,RSPG,68.2819
2023-10-13,RSPG,72.6284
2023-10-20,RSPG,72.9257
2023-10-27,RSPG,69.4985
2023-11-03,RSPG,71.3096
2023-11-10,RSPG,68.1518
2023-11-17,RSPG,68.997
2023-11-24,RSPG,69.3407
2023-12-01,RSPG,69.6379
2023-12-08,RSPG,66.8887
2023-12-15,RSPG,68.4491
2023-12-22,RSPG,69.8246
2023-12-29,RSPG,69.075
2024-01-05,RSPG,69.2998
2024-01-12,RSPG,67.6414
2024-01-19,RSPG,65.4957
2024-01-26,RSPG,68.4846
2024-02-02,RSPG,67.2572
2024-02-09,RSPG,67.1448
2024-02-16,RSPG,69.4404
2024-02-23,RSPG,69.9651
2024-03-01,RSPG,71.0614
2024-03-08,RSPG,72.3076
2024-03-15,RSPG,74.8375
2024-03-22,RSPG,76.5076
2024-03-29,RSPG,78.2597
2024-04-05,RSPG,81.0856
2024-04-12,RSPG,79.2393
2024-04-19,RSPG,77.8075
2024-04-26,RSPG,79.0227
2024-05-03,RSPG,76.1779
2024-05-10,RSPG,76.7525
2024-05-17,RSPG,77.9206
2024-05-24,RSPG,75.3772
2024-05-31,RSPG,77.0634
2024-06-07,RSPG,74.6048
2024-06-14,RSPG,73.2389
2024-06-21,RSPG,74.52
2024-06-28,RSPG,76.3922
2024-07-05,RSPG,75.5868
2024-07-12,RSPG,76.2406
2024-07-19,RSPG,77.7375
2024-07-26,RSPG,77.0364
2024-08-02,RSPG,73.1614
2024-08-09,RSPG,74.2604
2024-08-16,RSPG,75.4258
2024-08-23,RSPG,75.4542
2024-08-30,RSPG,76.089
2024-09-06,RSPG,71.5602
2024-09-13,RSPG,70.9633
2024-09-20,RSPG,73.7393
2024-09-27,RSPG,72.708
2024-10-04,RSPG,77.9076
2024-10-11,RSPG,77.774
2024-10-18,RSPG,75.2267
2024-10-25,RSPG,74.8546
2024-11-01,RSPG,73.0228
2024-11-08,RSPG,78.2987
2024-11-15,RSPG,79.3386
2024-11-22,RSPG,82.134
2024-11-29,RSPG,80.5694
2024-12-06,RSPG,76.238
2024-12-13,RSPG,75.074
2024-12-20,RSPG,70.7522
2024-12-27,RSPG,72.0075
2025-01-03,RSPG,75.3857
2025-01-10,RSPG,76.6237
2025-01-17,RSPG,81.883
2025-01-24,RSPG,79.6469
2025-01-31,RSPG,75.8752
2025-02-07,RSPG,76.1247
2025-02-14,RSPG,77.881
2025-02-21,RSPG,78.2265
2025-02-28,RSPG,77.6123
2025-03-07,RSPG,73.9845
2025-03-14,RSPG,75.8176
2025-03-21,RSPG,78.0441
2025-03-28,RSPG,78.2015
2025-04-04,RSPG,65.3563
2025-04-11,RSPG,66.1579
2025-04-18,RSPG,68.6883
2025-04-25,RSPG,69.2485
2025-05-02,RSPG,69.4127
2025-05-09,RSPG,69.77
2025-05-16,RSPG,72.9282
2025-05-23,RSPG,69.8859
2025-05-30,RSPG,69.2195
2025-06-06,RSPG,71.2381
2025-06-13,RSPG,75.2365
2025-06-20,RSPG,75.2848
2025-06-27,RSPG,72.722
2025-07-04,RSPG,74.229
2025-07-11,RSPG,75.7942
2025-07-18,RSPG,73.5095
2025-07-25,RSPG,74.0637
2025-08-01,RSPG,72.4206
2025-08-08,RSPG,71.9345
2025-08-15,RSPG,72.5665
2025-08-22,RSPG,74.7442
2025-08-29,RSPG,76.9123
2025-09-05,RSPG,74.9095
2025-09-12,RSPG,75.5804
2025-09-19,RSPG,75.3373
2025-09-26,RSPG,79.8372
2025-10-03,RSPG,77.5662
2025-10-10,RSPG,73.5039
2025-10-17,RSPG,73.7584
2025-10-24,RSPG,76.2154
2025-10-31,RSPG,76.0685
2025-11-07,RSPG,78.5157
2025-11-14,RSPG,80.7867
2025-11-21,RSPG,78.2416
2025-11-28,RSPG,80.033
2025-12-05,RSPG,82.1474
2025-12-12,RSPG,80.0721
2025-12-19,RSPG,77.2334
2025-12-26,RSPG,77.5566
2026-01-02,RSPG,80.0692
2026-01-09,RSPG,81.1038
2026-01-16,RSPG,82.5523
2026-01-23,RSPG,85.7251
2026-01-30,RSPG,88.0899
2026-02-06,RSPG,91.982
2026-02-13,RSPG,94.5735
2026-02-20,RSPG,96.9975
2026-02-27,RSPG,98.3178
2026-03-06,RSPG,99.8353
2026-03-13,RSPG,101.3133
2026-03-20,RSPG,104.9196
2026-03-27,RSPG,111.6215
2026-04-03,RSPG,105.5622
2026-04-10,RSPG,101.8296
2026-04-17,RSPG,98.0277
2026-04-24,RSPG,102.8989
2026-05-01,RSPG,106.8196
2026-05-08,RSPG,100.4237
2026-05-15,RSPG,106.4038
2026-05-22,RSPG,106.9285
2026-05-29,RSPG,101.2455
2026-06-05,RSPG,102.9979
2026-06-12,RSPG,103.1167
2026-06-19,RSPG,96.305
2026-06-26,RSPG,98.1239
2026-07-03,RSPG,97.0088
2026-07-10,RSPG,100.1947
2026-07-17,RSPG,104.1073
2026-07-24,RSPG,106.8352
2026-07-31,RSPG,106.3672
2026-08-07,RSPG,102.3949
2026-08-14,RSPG,110.7478
2026-08-21,RSPG,113.3661
2026-08-28,RSPG,112.3706
2026-09-04,RSPG,114.6504
2026-09-11,RSPG,115.5265
2026-09-18,RSPG,113.396
2026-09-25,RSPG,109.97
2021-10-01,RSPH,28.856
2021-10-08,RSPH,28.5866
2021-10-15,RSPH,28.7652
2021-10-22,RSPH,29.5745
2021-10-29,RSPH,29.7773
2021-11-05,RSPH,29.5542
2021-11-12,RSPH,29.6981
2021-11-19,RSPH,29.361
2021-11-26,RSPH,28.9052
2021-12-03,RSPH,28.3867
2021-12-10,RSPH,29.4228
2021-12-17,RSPH,30.0129
2021-12-24,RSPH,30.6227
2021-12-31,RSPH,31.0058
2022-01-07,RSPH,29.4511
2022-01-14,RSPH,29.483
2022-01-21,RSPH,28.3317
2022-01-28,RSPH,28.2253
2022-02-04,RSPH,28.8387
2022-02-11,RSPH,28.6558
2022-02-18,RSPH,28.1856
2022-02-25,RSPH,29.067
2022-03-04,RSPH,29.0699
2022-03-11,RSPH,27.9911
2022-03-18,RSPH,29.661
2022-03-25,RSPH,29.5199
2022-04-01,RSPH,29.9967
2022-04-08,RSPH,30.5685
2022-04-15,RSPH,29.7302
2022-04-22,RSPH,28.3947
2022-04-29,RSPH,27.2957
2022-05-06,RSPH,27.1658
2022-05-13,RSPH,26.8276
2022-05-20,RSPH,27.0127
2022-05-27,RSPH,28.0371
2022-06-03,RSPH,27.1406
2022-06-10,RSPH,26.0677
2022-06-17,RSPH,24.7584
2022-06-24,RSPH,26.5148
2022-07-01,RSPH,26.4808
2022-07-08,RSPH,26.9022
2022-07-15,RSPH,26.5196
2022-07-22,RSPH,26.9439
2022-07-29,RSPH,27.6643
2022-08-05,RSPH,27.7041
2022-08-12,RSPH,28.2022
2022-08-19,RSPH,27.5711
2022-08-26,RSPH,26.273
2022-09-02,RSPH,25.7982
2022-09-09,RSPH,27.243
2022-09-16,RSPH,26.073
2022-09-23,RSPH,24.705
2022-09-30,RSPH,24.4347
2022-10-07,RSPH,25.0269
2022-10-14,RSPH,24.9462
2022-10-21,RSPH,25.4839
2022-10-28,RSPH,26.8724
2022-11-04,RSPH,26.5048
2022-11-11,RSPH,27.765
2022-11-18,RSPH,27.5598
2022-11-25,RSPH,28.1237
2022-12-02,RSPH,28.7208
2022-12-09,RSPH,28.1724
2022-12-16,RSPH,27.8807
2022-12-23,RSPH,28.0994
2022-12-30,RSPH,28.0936
2023-01-06,RSPH,28.3692
2023-01-13,RSPH,28.7743
2023-01-20,RSPH,28.7772
2023-01-27,RSPH,28.9204
2023-02-03,RSPH,29.2817
2023-02-10,RSPH,28.8571
2023-02-17,RSPH,28.9389
2023-02-24,RSPH,27.9952
2023-03-03,RSPH,28.5347
2023-03-10,RSPH,26.9677
2023-03-17,RSPH,27.3047
2023-03-24,RSPH,27.6486
2023-03-31,RSPH,28.4554
2023-04-07,RSPH,28.9139
2023-04-14,RSPH,29.1958
2023-04-21,RSPH,29.3061
2023-04-28,RSPH,29.2095
2023-05-05,RSPH,28.9129
2023-05-12,RSPH,28.4993
2023-05-19,RSPH,28.4154
2023-05-26,RSPH,27.4652
2023-06-02,RSPH,28.0398
2023-06-09,RSPH,28.0954
2023-06-16,RSPH,28.8417
2023-06-23,RSPH,28.6884
2023-06-30,RSPH,29.1242
2023-07-07,RSPH,28.449
2023-07-14,RSPH,29.2083
2023-07-21,RSPH,29.8846
2023-07-28,RSPH,29.4839
2023-08-04,RSPH,28.7802
2023-08-11,RSPH,29.0148
2023-08-18,RSPH,28.0962
2023-08-25,RSPH,28.1743
2023-09-01,RSPH,28.4382
2023-09-08,RSPH,27.5978
2023-09-15,RSPH,27.6369
2023-09-22,RSPH,26.9497
2023-09-29,RSPH,26.8224
2023-10-06,RSPH,26.7734
2023-10-13,RSPH,26.421
2023-10-20,RSPH,26.0001
2023-10-27,RSPH,24.8058
2023-11-03,RSPH,25.9609
2023-11-10,RSPH,25.5596
2023-11-17,RSPH,26.3134
2023-11-24,RSPH,27.0182
2023-12-01,RSPH,27.2727
2023-12-08,RSPH,27.3119
2023-12-15,RSPH,28.4572
2023-12-22,RSPH,29.0161
2023-12-29,RSPH,29.2025
2024-01-05,RSPH,29.2907
2024-01-12,RSPH,29.5359
2024-01-19,RSPH,29.2907
2024-01-26,RSPH,29.3593
2024-02-02,RSPH,29.7124
2024-02-09,RSPH,29.9477
2024-02-16,RSPH,30.2419
2024-02-23,RSPH,30.7616
2024-03-01,RSPH,30.5851
2024-03-08,RSPH,31.0068
2024-03-15,RSPH,30.6145
2024-03-22,RSPH,30.8266
2024-03-29,RSPH,31.2195
2024-04-05,RSPH,30.2276
2024-04-12,RSPH,29.4027
2024-04-19,RSPH,28.9018
2024-04-26,RSPH,29.2946
2024-05-03,RSPH,29.4616
2024-05-10,RSPH,30.0214
2024-05-17,RSPH,30.5517
2024-05-24,RSPH,30.0214
2024-05-31,RSPH,29.6875
2024-06-07,RSPH,30.0508
2024-06-14,RSPH,29.7759
2024-06-21,RSPH,29.9232
2024-06-28,RSPH,29.5405
2024-07-05,RSPH,29.1962
2024-07-12,RSPH,30.0619
2024-07-19,RSPH,30.1012
2024-07-26,RSPH,30.6127
2024-08-02,RSPH,30.9669
2024-08-09,RSPH,30.3373
2024-08-16,RSPH,30.9865
2024-08-23,RSPH,31.3505
2024-08-30,RSPH,31.862
2024-09-06,RSPH,31.0456
2024-09-13,RSPH,31.7243
2024-09-20,RSPH,31.685
2024-09-27,RSPH,31.6603
2024-10-04,RSPH,30.941
2024-10-11,RSPH,31.0888
2024-10-18,RSPH,31.0987
2024-10-25,RSPH,30.3104
2024-11-01,RSPH,30.4089
2024-11-08,RSPH,30.9706
2024-11-15,RSPH,29.6797
2024-11-22,RSPH,30.2315
2024-11-29,RSPH,30.7636
2024-12-06,RSPH,30.1428
2024-12-13,RSPH,29.6699
2024-12-20,RSPH,29.0097
2024-12-27,RSPH,29.2733
2025-01-03,RSPH,29.2239
2025-01-10,RSPH,29.3917
2025-01-17,RSPH,29.8163
2025-01-24,RSPH,30.6752
2025-01-31,RSPH,30.8628
2025-02-07,RSPH,30.2803
2025-02-14,RSPH,29.6484
2025-02-21,RSPH,30.0137
2025-02-28,RSPH,29.9841
2025-03-07,RSPH,30.3099
2025-03-14,RSPH,29.3522
2025-03-21,RSPH,29.4707
2025-03-28,RSPH,29.2482
2025-04-04,RSPH,27.3194
2025-04-11,RSPH,27.4776
2025-04-18,RSPH,27.1512
2025-04-25,RSPH,27.8634
2025-05-02,RSPH,28.3975
2025-05-09,RSPH,28.0414
2025-05-16,RSPH,28.6745
2025-05-23,RSPH,27.8733
2025-05-30,RSPH,28.2492
2025-06-06,RSPH,28.5855
2025-06-13,RSPH,28.5657
2025-06-20,RSPH,28.2591
2025-06-27,RSPH,28.7892
2025-07-04,RSPH,28.9676
2025-07-11,RSPH,28.7595
2025-07-18,RSPH,27.7685
2025-07-25,RSPH,29.0271
2025-08-01,RSPH,27.6298
2025-08-08,RSPH,28.0361
2025-08-15,RSPH,29.0568
2025-08-22,RSPH,29.5622
2025-08-29,RSPH,29.1658
2025-09-05,RSPH,29.3145
2025-09-12,RSPH,28.8685
2025-09-19,RSPH,28.71
2025-09-26,RSPH,28.5312
2025-10-03,RSPH,30.2393
2025-10-10,RSPH,29.3654
2025-10-17,RSPH,29.9315
2025-10-24,RSPH,30.6068
2025-10-31,RSPH,30.0407
2025-11-07,RSPH,30.279
2025-11-14,RSPH,30.7656
2025-11-21,RSPH,31.3218
2025-11-28,RSPH,32.1659
2025-12-05,RSPH,31.5899
2025-12-12,RSPH,31.719
2025-12-19,RSPH,31.7488
2025-12-26,RSPH,31.9607
2026-01-02,RSPH,31.8413
2026-01-09,RSPH,32.8062
2026-01-16,RSPH,32.7067
2026-01-23,RSPH,32.836
2026-01-30,RSPH,32.08
2026-02-06,RSPH,32.5177
2026-02-13,RSPH,32.3387
2026-02-20,RSPH,32.6769
2026-02-27,RSPH,33.0847
2026-03-06,RSPH,31.334
2026-03-13,RSPH,30.3791
2026-03-20,RSPH,29.8817
2026-03-27,RSPH,29.489
2026-04-03,RSPH,30.1567
2026-04-10,RSPH,30.4458
2026-04-17,RSPH,31.2331
2026-04-24,RSPH,30.4358
2026-05-01,RSPH,30.1667
2026-05-08,RSPH,30.4856
2026-05-15,RSPH,30.097
2026-05-22,RSPH,30.964
2026-05-29,RSPH,31.0935
2026-06-05,RSPH,31.6516
2026-06-12,RSPH,32.0503
2026-06-19,RSPH,31.4025
2026-06-26,RSPH,33.4426
2026-07-03,RSPH,34.4711
2026-07-10,RSPH,33.9319
2026-07-17,RSPH,33.9419
2026-07-24,RSPH,33.7521
2026-07-31,RSPH,34.7108
2026-08-07,RSPH,35.4897
2026-08-14,RSPH,35.949
2026-08-21,RSPH,37.7165
2026-08-28,RSPH,37.387
2026-09-04,RSPH,37.397
2026-09-11,RSPH,36.0289
2026-09-18,RSPH,36.678
2026-09-25,RSPH,37.36
2021-10-01,RSPT,28.4349
2021-10-08,RSPT,28.317
2021-10-15,RSPT,29.0579
2021-10-22,RSPT,29.6613
2021-10-29,RSPT,29.7228
2021-11-05,RSPT,30.8341
2021-11-12,RSPT,31.1071
2021-11-19,RSPT,31.1393
2021-11-26,RSPT,30.2102
2021-12-03,RSPT,30.0279
2021-12-10,RSPT,31.0876
2021-12-17,RSPT,30.3769
2021-12-24,RSPT,31.3768
2021-12-31,RSPT,31.6335
2022-01-07,RSPT,30.257
2022-01-14,RSPT,30.2141
2022-01-21,RSPT,27.9746
2022-01-28,RSPT,27.7949
2022-02-04,RSPT,28.5398
2022-02-11,RSPT,28.0117
2022-02-18,RSPT,27.5099
2022-02-25,RSPT,27.8799
2022-03-04,RSPT,26.9505
2022-03-11,RSPT,26.1558
2022-03-18,RSPT,28.12
2022-03-25,RSPT,28.231
2022-04-01,RSPT,28.1371
2022-04-08,RSPT,27.1761
2022-04-15,RSPT,26.4213
2022-04-22,RSPT,25.7311
2022-04-29,RSPT,25.3166
2022-05-06,RSPT,25.1875
2022-05-13,RSPT,24.8404
2022-05-20,RSPT,24.4181
2022-05-27,RSPT,26.1613
2022-06-03,RSPT,25.9775
2022-06-10,RSPT,24.3526
2022-06-17,RSPT,22.7766
2022-06-24,RSPT,24.3181
2022-07-01,RSPT,23.0401
2022-07-08,RSPT,23.9871
2022-07-15,RSPT,23.8804
2022-07-22,RSPT,25.0928
2022-07-29,RSPT,26.3707
2022-08-05,RSPT,26.9574
2022-08-12,RSPT,27.5841
2022-08-19,RSPT,26.9564
2022-08-26,RSPT,25.6167
2022-09-02,RSPT,24.4964
2022-09-09,RSPT,25.604
2022-09-16,RSPT,24.1654
2022-09-23,RSPT,22.778
2022-09-30,RSPT,22.21
2022-10-07,RSPT,22.6936
2022-10-14,RSPT,21.5871
2022-10-21,RSPT,22.9634
2022-10-28,RSPT,24.2906
2022-11-04,RSPT,23.0222
2022-11-11,RSPT,25.3589
2022-11-18,RSPT,25.0165
2022-11-25,RSPT,25.4099
2022-12-02,RSPT,25.6885
2022-12-09,RSPT,24.8439
2022-12-16,RSPT,24.1788
2022-12-23,RSPT,23.7718
2022-12-30,RSPT,23.8849
2023-01-06,RSPT,24.4245
2023-01-13,RSPT,25.4508
2023-01-20,RSPT,25.4341
2023-01-27,RSPT,26.2942
2023-02-03,RSPT,27.0098
2023-02-10,RSPT,26.6402
2023-02-17,RSPT,26.537
2023-02-24,RSPT,25.6307
2023-03-03,RSPT,26.3335
2023-03-10,RSPT,25.1716
2023-03-17,RSPT,25.5461
2023-03-24,RSPT,25.9828
2023-03-31,RSPT,27.1773
2023-04-07,RSPT,26.3225
2023-04-14,RSPT,26.5933
2023-04-21,RSPT,26.1138
2023-04-28,RSPT,25.8311
2023-05-05,RSPT,25.5131
2023-05-12,RSPT,25.581
2023-05-19,RSPT,26.7578
2023-05-26,RSPT,27.7573
2023-06-02,RSPT,27.9887
2023-06-09,RSPT,27.8519
2023-06-16,RSPT,28.9794
2023-06-23,RSPT,27.8362
2023-06-30,RSPT,29.0049
2023-07-07,RSPT,28.501
2023-07-14,RSPT,29.4971
2023-07-21,RSPT,29.4793
2023-07-28,RSPT,29.6864
2023-08-04,RSPT,28.7988
2023-08-11,RSPT,28.4536
2023-08-18,RSPT,27.8224
2023-08-25,RSPT,28.2662
2023-09-01,RSPT,29.6075
2023-09-08,RSPT,28.9468
2023-09-15,RSPT,28.2564
2023-09-22,RSPT,27.7368
2023-09-29,RSPT,27.8059
2023-10-06,RSPT,27.9442
2023-10-13,RSPT,27.7862
2023-10-20,RSPT,26.7391
2023-10-27,RSPT,25.9588
2023-11-03,RSPT,27.5985
2023-11-10,RSPT,28.2406
2023-11-17,RSPT,29.2185
2023-11-24,RSPT,29.5049
2023-12-01,RSPT,30.226
2023-12-08,RSPT,30.2655
2023-12-15,RSPT,31.9151
2023-12-22,RSPT,32.199
2023-12-29,RSPT,32.288
2024-01-05,RSPT,30.7943
2024-01-12,RSPT,31.7736
2024-01-19,RSPT,32.6244
2024-01-26,RSPT,32.8123
2024-02-02,RSPT,32.8123
2024-02-09,RSPT,33.9499
2024-02-16,RSPT,33.4751
2024-02-23,RSPT,33.663
2024-03-01,RSPT,35.0282
2024-03-08,RSPT,34.8006
2024-03-15,RSPT,33.8114
2024-03-22,RSPT,34.6454
2024-03-29,RSPT,34.8534
2024-04-05,RSPT,34.3482
2024-04-12,RSPT,33.645
2024-04-19,RSPT,31.8028
2024-04-26,RSPT,33.1894
2024-05-03,RSPT,33.0409
2024-05-10,RSPT,33.645
2024-05-17,RSPT,34.6553
2024-05-24,RSPT,35.309
2024-05-31,RSPT,34.5364
2024-06-07,RSPT,34.9326
2024-06-14,RSPT,36.1211
2024-06-21,RSPT,36.3687
2024-06-28,RSPT,36.3509
2024-07-05,RSPT,36.8268
2024-07-12,RSPT,37.63
2024-07-19,RSPT,36.1922
2024-07-26,RSPT,36.0038
2024-08-02,RSPT,34.0405
2024-08-09,RSPT,34.5462
2024-08-16,RSPT,36.3112
2024-08-23,RSPT,36.7673
2024-08-30,RSPT,36.7574
2024-09-06,RSPT,34.4768
2024-09-13,RSPT,36.1327
2024-09-20,RSPT,36.7971
2024-09-27,RSPT,37.5029
2024-10-04,RSPT,37.2746
2024-10-11,RSPT,38.1283
2024-10-18,RSPT,37.761
2024-10-25,RSPT,37.2944
2024-11-01,RSPT,36.4903
2024-11-08,RSPT,38.6345
2024-11-15,RSPT,36.9768
2024-11-22,RSPT,38.3665
2024-11-29,RSPT,38.426
2024-12-06,RSPT,39.1408
2024-12-13,RSPT,38.6147
2024-12-20,RSPT,37.6915
2024-12-27,RSPT,37.9379
2025-01-03,RSPT,37.769
2025-01-10,RSPT,37.0635
2025-01-17,RSPT,38.2658
2025-01-24,RSPT,39.2694
2025-01-31,RSPT,38.4049
2025-02-07,RSPT,38.6136
2025-02-14,RSPT,39.3092
2025-02-21,RSPT,38.4447
2025-02-28,RSPT,36.9045
2025-03-07,RSPT,35.6922
2025-03-14,RSPT,35.0066
2025-03-21,RSPT,35.1954
2025-03-28,RSPT,34.0553
2025-04-04,RSPT,29.7573
2025-04-11,RSPT,31.7769
2025-04-18,RSPT,31.6078
2025-04-25,RSPT,34.0652
2025-05-02,RSPT,35.2292
2025-05-09,RSPT,35.7466
2025-05-16,RSPT,38.4527
2025-05-23,RSPT,36.9504
2025-05-30,RSPT,37.1593
2025-06-06,RSPT,38.5124
2025-06-13,RSPT,38.4427
2025-06-20,RSPT,38.6218
2025-06-27,RSPT,40.2057
2025-07-04,RSPT,41.4908
2025-07-11,RSPT,40.7736
2025-07-18,RSPT,41.4111
2025-07-25,RSPT,41.5606
2025-08-01,RSPT,40.5843
2025-08-08,RSPT,40.7138
2025-08-15,RSPT,41.1521
2025-08-22,RSPT,41.4908
2025-08-29,RSPT,41.5207
2025-09-05,RSPT,42.0586
2025-09-12,RSPT,42.477
2025-09-19,RSPT,44.1406
2025-09-26,RSPT,44.1028
2025-10-03,RSPT,45.05
2025-10-10,RSPT,43.4546
2025-10-17,RSPT,44.5515
2025-10-24,RSPT,45.7979
2025-10-31,RSPT,46.5058
2025-11-07,RSPT,45.1697
2025-11-14,RSPT,44.3819
2025-11-21,RSPT,42.4176
2025-11-28,RSPT,44.7708
2025-12-05,RSPT,46.3762
2025-12-12,RSPT,45.8577
2025-12-19,RSPT,46.0272
2025-12-26,RSPT,46.4154
2026-01-02,RSPT,45.6669
2026-01-09,RSPT,47.0242
2026-01-16,RSPT,47.0841
2026-01-23,RSPT,47.124
2026-01-30,RSPT,46.8146
2026-02-06,RSPT,46.6948
2026-02-13,RSPT,47.0641
2026-02-20,RSPT,46.9344
2026-02-27,RSPT,47.0841
2026-03-06,RSPT,45.4574
2026-03-13,RSPT,45.5671
2026-03-20,RSPT,45.657
2026-03-27,RSPT,44.2776
2026-04-03,RSPT,46.3451
2026-04-10,RSPT,47.5537
2026-04-17,RSPT,51.3492
2026-04-24,RSPT,53.0173
2026-05-01,RSPT,54.1959
2026-05-08,RSPT,58.0813
2026-05-15,RSPT,57.8915
2026-05-22,RSPT,60.868
2026-05-29,RSPT,64.3538
2026-06-05,RSPT,61.5871
2026-06-12,RSPT,62.6758
2026-06-19,RSPT,63.8544
2026-06-26,RSPT,61.8085
2026-07-03,RSPT,61.3387
2026-07-10,RSPT,62.778
2026-07-17,RSPT,59.3997
2026-07-24,RSPT,59.2997
2026-07-31,RSPT,60.3892
2026-08-07,RSPT,64.617
2026-08-14,RSPT,66.1862
2026-08-21,RSPT,63.9874
2026-08-28,RSPT,64.737
2026-09-04,RSPT,64.1273
2026-09-11,RSPT,64.737
2026-09-18,RSPT,64.687
2026-09-25,RSPT,66.38
2021-10-01,SPY,406.1458
2021-10-08,SPY,409.5315
2021-10-15,SPY,417.0233
2021-10-22,SPY,423.8042
2021-10-29,SPY,429.5377
2021-11-05,SPY,438.2173
2021-11-12,SPY,437.0388
2021-11-19,SPY,438.554
2021-11-26,SPY,429.2758
2021-12-03,SPY,424.0848
2021-12-10,SPY,440.2844
2021-12-17,SPY,431.6286
2021-12-24,SPY,441.6997
2021-12-31,SPY,445.7919
2022-01-07,SPY,437.4666
2022-01-14,SPY,436.1808
2022-01-21,SPY,411.0829
2022-01-28,SPY,414.8092
2022-02-04,SPY,421.1446
2022-02-11,SPY,413.4107
2022-02-18,SPY,407.5632
2022-02-25,SPY,410.8671
2022-03-04,SPY,405.6298
2022-03-11,SPY,394.2728
2022-03-18,SPY,418.5174
2022-03-25,SPY,426.2095
2022-04-01,SPY,426.4261
2022-04-08,SPY,421.389
2022-04-15,SPY,412.1811
2022-04-22,SPY,401.1184
2022-04-29,SPY,387.8997
2022-05-06,SPY,387.2784
2022-05-13,SPY,378.2211
2022-05-20,SPY,366.8384
2022-05-27,SPY,390.969
2022-06-03,SPY,386.5252
2022-06-10,SPY,366.9982
2022-06-17,SPY,345.9467
2022-06-24,SPY,368.8484
2022-07-01,SPY,360.4896
2022-07-08,SPY,367.5151
2022-07-15,SPY,364.1679
2022-07-22,SPY,373.5858
2022-07-29,SPY,389.5659
2022-08-05,SPY,390.9653
2022-08-12,SPY,403.8535
2022-08-19,SPY,399.1635
2022-08-26,SPY,383.2495
2022-09-02,SPY,370.8909
2022-09-09,SPY,384.4692
2022-09-16,SPY,366.0721
2022-09-23,SPY,349.3522
2022-09-30,SPY,339.1265
2022-10-07,SPY,344.453
2022-10-14,SPY,339.5537
2022-10-21,SPY,355.3717
2022-10-28,SPY,369.3572
2022-11-04,SPY,357.3276
2022-11-11,SPY,378.3675
2022-11-18,SPY,376.0128
2022-11-25,SPY,381.9944
2022-12-02,SPY,386.343
2022-12-09,SPY,373.4018
2022-12-16,SPY,365.5688
2022-12-23,SPY,365.2254
2022-12-30,SPY,364.7676
2023-01-06,SPY,370.1567
2023-01-13,SPY,380.0954
2023-01-20,SPY,377.5964
2023-01-27,SPY,386.9438
2023-02-03,SPY,393.3058
2023-02-10,SPY,389.1949
2023-02-17,SPY,388.4509
2023-02-24,SPY,378.0733
2023-03-03,SPY,385.5226
2023-03-10,SPY,368.0869
2023-03-17,SPY,373.3981
2023-03-24,SPY,378.913
2023-03-31,SPY,391.9727
2023-04-07,SPY,391.7813
2023-04-14,SPY,394.9121
2023-04-21,SPY,394.6632
2023-04-28,SPY,398.2345
2023-05-05,SPY,395.075
2023-05-12,SPY,394.0792
2023-05-19,SPY,400.8101
2023-05-26,SPY,402.1505
2023-06-02,SPY,409.7144
2023-06-09,SPY,411.6102
2023-06-16,SPY,422.3264
2023-06-23,SPY,416.3201
2023-06-30,SPY,425.9975
2023-07-07,SPY,421.4519
2023-07-14,SPY,431.7636
2023-07-21,SPY,434.5505
2023-07-28,SPY,439.1057
2023-08-04,SPY,429.3899
2023-08-11,SPY,428.2751
2023-08-18,SPY,419.4819
2023-08-25,SPY,422.8165
2023-09-01,SPY,433.5991
2023-09-08,SPY,428.1502
2023-09-15,SPY,427.5869
2023-09-22,SPY,415.0979
2023-09-29,SPY,412.2626
2023-10-06,SPY,414.2493
2023-10-13,SPY,416.1395
2023-10-20,SPY,406.1965
2023-10-27,SPY,396.0606
2023-11-03,SPY,419.2159
2023-11-10,SPY,424.9252
2023-11-17,SPY,434.7428
2023-11-24,SPY,439.0922
2023-12-01,SPY,442.757
2023-12-08,SPY,443.8179
2023-12-15,SPY,454.4579
2023-12-22,SPY,458.641
2023-12-29,SPY,460.2485
2024-01-05,SPY,453.0926
2024-01-12,SPY,461.575
2024-01-19,SPY,467.1428
2024-01-26,SPY,471.965
2024-02-02,SPY,478.6851
2024-02-09,SPY,485.318
2024-02-16,SPY,483.6816
2024-02-23,SPY,491.7573
2024-03-01,SPY,496.5988
2024-03-08,SPY,495.5047
2024-03-15,SPY,495.2084
2024-03-22,SPY,506.2621
2024-03-29,SPY,508.0687
2024-04-05,SPY,503.5617
2024-04-12,SPY,496.1992
2024-04-19,SPY,480.9592
2024-04-26,SPY,493.6834
2024-05-03,SPY,496.6266
2024-05-10,SPY,505.9027
2024-05-17,SPY,514.2657
2024-05-24,SPY,514.256
2024-05-31,SPY,512.2455
2024-06-07,SPY,518.695
2024-06-14,SPY,527.2135
2024-06-21,SPY,530.6002
2024-06-28,SPY,530.3175
2024-07-05,SPY,540.4714
2024-07-12,SPY,545.6846
2024-07-19,SPY,534.9656
2024-07-26,SPY,530.5319
2024-08-02,SPY,519.2867
2024-08-09,SPY,519.3743
2024-08-16,SPY,540.1498
2024-08-23,SPY,547.77
2024-08-30,SPY,549.2803
2024-09-06,SPY,526.556
2024-09-13,SPY,547.653
2024-09-20,SPY,555.4321
2024-09-27,SPY,558.5795
2024-10-04,SPY,560.0554
2024-10-11,SPY,566.5065
2024-10-18,SPY,571.4036
2024-10-25,SPY,565.9786
2024-11-01,SPY,558.1591
2024-11-08,SPY,584.6967
2024-11-15,SPY,572.5375
2024-11-22,SPY,582.0771
2024-11-29,SPY,588.9584
2024-12-06,SPY,594.0998
2024-12-13,SPY,590.5809
2024-12-20,SPY,579.7603
2024-12-27,SPY,583.5459
2025-01-03,SPY,580.5449
2025-01-10,SPY,569.3057
2025-01-17,SPY,586.0665
2025-01-24,SPY,596.2562
2025-01-31,SPY,590.2247
2025-02-07,SPY,589.195
2025-02-14,SPY,597.9529
2025-02-21,SPY,588.3809
2025-02-28,SPY,582.7319
2025-03-07,SPY,564.8237
2025-03-14,SPY,551.9662
2025-03-21,SPY,554.7776
2025-03-28,SPY,546.5934
2025-04-04,SPY,497.0355
2025-04-11,SPY,525.2278
2025-04-18,SPY,517.8207
2025-04-25,SPY,541.6554
2025-05-02,SPY,557.5123
2025-05-09,SPY,555.1318
2025-05-16,SPY,584.5045
2025-05-23,SPY,569.6608
2025-05-30,SPY,579.7731
2025-06-06,SPY,589.364
2025-06-13,SPY,587.259
2025-06-20,SPY,586.3115
2025-06-27,SPY,606.6648
2025-07-04,SPY,616.955
2025-07-11,SPY,615.2581
2025-07-18,SPY,619.165
2025-07-25,SPY,628.5573
2025-08-01,SPY,613.3834
2025-08-08,SPY,628.6362
2025-08-15,SPY,634.8123
2025-08-22,SPY,636.6572
2025-08-29,SPY,636.4007
2025-09-05,SPY,638.5613
2025-09-12,SPY,648.5949
2025-09-19,SPY,656.616
2025-09-26,SPY,654.7561
2025-10-03,SPY,662.0672
2025-10-10,SPY,646.05
2025-10-17,SPY,657.2986
2025-10-24,SPY,670.0214
2025-10-31,SPY,674.78
2025-11-07,SPY,663.8084
2025-11-14,SPY,664.7582
2025-11-21,SPY,651.9959
2025-11-28,SPY,676.0958
2025-12-05,SPY,678.3712
2025-12-12,SPY,674.4832
2025-12-19,SPY,675.3154
2025-12-26,SPY,684.96
2026-01-02,SPY,677.8753
2026-01-09,SPY,688.6909
2026-01-16,SPY,686.2996
2026-01-23,SPY,683.8883
2026-01-30,SPY,686.6071
2026-02-06,SPY,685.2676
2026-02-13,SPY,676.4664
2026-02-20,SPY,684.0868
2026-02-27,SPY,680.6735
2026-03-06,SPY,667.169
2026-03-13,SPY,657.1572
2026-03-20,SPY,645.301
2026-03-27,SPY,630.894
2026-04-03,SPY,652.5245
2026-04-10,SPY,676.0353
2026-04-17,SPY,706.5607
2026-04-24,SPY,710.3415
2026-05-01,SPY,717.0177
2026-05-08,SPY,733.9022
2026-05-15,SPY,735.4444
2026-05-22,SPY,741.8818
2026-05-29,SPY,752.6671
2026-06-05,SPY,733.8325
2026-06-12,SPY,738.0114
2026-06-19,SPY,744.8903
2026-06-26,SPY,727.1843
2026-07-03,SPY,742.9352
2026-07-10,SPY,753.08
2026-07-17,SPY,741.4488
2026-07-24,SPY,737.0996
2026-07-31,SPY,745.1796
2026-08-07,SPY,771.3446
2026-08-14,SPY,774.417
2026-08-21,SPY,763.8232
2026-08-28,SPY,767.4443
2026-09-04,SPY,768.2822
2026-09-11,SPY,762.3968
2026-09-18,SPY,761.69
2026-09-25,SPY,771.35
2021-10-01,XLB,36.3868
2021-10-08,XLB,36.7535
2021-10-15,XLB,38.0982
2021-10-22,XLB,38.406
2021-10-29,XLB,38.5373
2021-11-05,XLB,39.7597
2021-11-12,XLB,40.792
2021-11-19,XLB,39.9816
2021-11-26,XLB,39.1169
2021-12-03,XLB,38.6234
2021-12-10,XLB,39.9771
2021-12-17,XLB,39.6873
2021-12-24,XLB,40.1842
2021-12-31,XLB,41.2308
2022-01-07,XLB,40.6347
2022-01-14,XLB,40.4072
2022-01-21,XLB,38.2412
2022-01-28,XLB,37.8681
2022-02-04,XLB,37.8226
2022-02-11,XLB,38.223
2022-02-18,XLB,38.1593
2022-02-25,XLB,38.3777
2022-03-04,XLB,37.7953
2022-03-11,XLB,37.2447
2022-03-18,XLB,39.1786
2022-03-25,XLB,40.7831
2022-04-01,XLB,40.6872
2022-04-08,XLB,40.4132
2022-04-15,XLB,40.6781
2022-04-22,XLB,39.1617
2022-04-29,XLB,38.8374
2022-05-06,XLB,38.609
2022-05-13,XLB,37.6772
2022-05-20,XLB,37.6453
2022-05-27,XLB,39.9016
2022-06-03,XLB,39.5864
2022-06-10,XLB,37.3027
2022-06-17,XLB,34.2196
2022-06-24,XLB,35.1648
2022-07-01,XLB,34.0886
2022-07-08,XLB,33.5827
2022-07-15,XLB,33.132
2022-07-22,XLB,34.5209
2022-07-29,XLB,35.9328
2022-08-05,XLB,35.4637
2022-08-12,XLB,37.3079
2022-08-19,XLB,36.4111
2022-08-26,XLB,35.9512
2022-09-02,XLB,34.1944
2022-09-09,XLB,35.9052
2022-09-16,XLB,33.5275
2022-09-23,XLB,31.6497
2022-09-30,XLB,31.4554
2022-10-07,XLB,32.1261
2022-10-14,XLB,31.5341
2022-10-21,XLB,33.4489
2022-10-28,XLB,34.5728
2022-11-04,XLB,34.8826
2022-11-11,XLB,37.5791
2022-11-18,XLB,36.9963
2022-11-25,XLB,38.0971
2022-12-02,XLB,38.74
2022-12-09,XLB,37.4542
2022-12-16,XLB,36.5754
2022-12-23,XLB,36.5517
2022-12-30,XLB,36.1607
2023-01-06,XLB,37.4129
2023-01-13,XLB,39.0049
2023-01-20,XLB,38.5348
2023-01-27,XLB,38.8234
2023-02-03,XLB,38.828
2023-02-10,XLB,38.1856
2023-02-17,XLB,37.8458
2023-02-24,XLB,37.7946
2023-03-03,XLB,39.382
2023-03-10,XLB,36.3934
2023-03-17,XLB,35.1505
2023-03-24,XLB,35.9112
2023-03-31,XLB,37.7112
2023-04-07,XLB,37.2296
2023-04-14,XLB,37.8374
2023-04-21,XLB,37.7299
2023-04-28,XLB,37.6598
2023-05-05,XLB,37.2437
2023-05-12,XLB,36.5143
2023-05-19,XLB,36.7621
2023-05-26,XLB,35.6447
2023-06-02,XLB,36.7341
2023-06-09,XLB,36.9351
2023-06-16,XLB,38.2208
2023-06-23,XLB,37.431
2023-06-30,XLB,38.9345
2023-07-07,XLB,38.1686
2023-07-14,XLB,39.1177
2023-07-21,XLB,39.3479
2023-07-28,XLB,40.062
2023-08-04,XLB,39.2633
2023-08-11,XLB,38.864
2023-08-18,XLB,37.976
2023-08-25,XLB,37.9619
2023-09-01,XLB,39.3808
2023-09-08,XLB,38.4317
2023-09-15,XLB,38.3895
2023-09-22,XLB,36.9977
2023-09-29,XLB,37.0827
2023-10-06,XLB,36.8184
2023-10-13,XLB,36.6531
2023-10-20,XLB,35.5484
2023-10-27,XLB,35.3832
2023-11-03,XLB,37.196
2023-11-10,XLB,36.5209
2023-11-17,XLB,37.8947
2023-11-24,XLB,38.296
2023-12-01,XLB,39.3488
2023-12-08,XLB,38.6784
2023-12-15,XLB,40.208
2023-12-22,XLB,40.6933
2023-12-29,XLB,40.6648
2024-01-05,XLB,40.0943
2024-01-12,XLB,39.6712
2024-01-19,XLB,39.0913
2024-01-26,XLB,39.2244
2024-02-02,XLB,39.5001
2024-02-09,XLB,39.5239
2024-02-16,XLB,40.4889
2024-02-23,XLB,41.2781
2024-03-01,XLB,41.8152
2024-03-08,XLB,42.476
2024-03-15,XLB,43.1654
2024-03-22,XLB,43.5924
2024-03-29,XLB,44.3176
2024-04-05,XLB,44.2603
2024-04-12,XLB,42.9006
2024-04-19,XLB,42.4426
2024-04-26,XLB,42.7097
2024-05-03,XLB,42.7145
2024-05-10,XLB,43.8166
2024-05-17,XLB,43.9645
2024-05-24,XLB,43.5876
2024-05-31,XLB,43.6687
2024-06-07,XLB,42.8385
2024-06-14,XLB,42.4521
2024-06-21,XLB,42.767
2024-06-28,XLB,42.3332
2024-07-05,XLB,42.1366
2024-07-12,XLB,43.383
2024-07-19,XLB,43.196
2024-07-26,XLB,43.7809
2024-08-02,XLB,43.1625
2024-08-09,XLB,42.453
2024-08-16,XLB,43.4165
2024-08-23,XLB,44.452
2024-08-30,XLB,45.195
2024-09-06,XLB,43.0906
2024-09-13,XLB,44.4328
2024-09-20,XLB,45.0943
2024-09-27,XLB,46.6679
2024-10-04,XLB,45.8253
2024-10-11,XLB,46.172
2024-10-18,XLB,47.0098
2024-10-25,XLB,45.2426
2024-11-01,XLB,44.843
2024-11-08,XLB,45.4882
2024-11-15,XLB,43.9522
2024-11-22,XLB,45.3052
2024-11-29,XLB,45.6375
2024-12-06,XLB,44.2555
2024-12-13,XLB,42.9651
2024-12-20,XLB,41.2076
2024-12-27,XLB,41.1127
2025-01-03,XLB,40.2657
2025-01-10,XLB,40.3189
2025-01-17,XLB,42.7536
2025-01-24,XLB,43.0778
2025-01-31,XLB,42.9762
2025-02-07,XLB,42.7342
2025-02-14,XLB,43.4893
2025-02-21,XLB,42.6277
2025-02-28,XLB,42.9617
2025-03-07,XLB,42.5067
2025-03-14,XLB,41.6161
2025-03-21,XLB,41.5241
2025-03-28,XLB,41.3622
2025-04-04,XLB,37.8752
2025-04-11,XLB,39.1494
2025-04-18,XLB,39.271
2025-04-25,XLB,40.1804
2025-05-02,XLB,41.3038
2025-05-09,XLB,41.1239
2025-05-16,XLB,42.3348
2025-05-23,XLB,41.6783
2025-05-30,XLB,41.9895
2025-06-06,XLB,42.6899
2025-06-13,XLB,42.4953
2025-06-20,XLB,42.0285
2025-06-27,XLB,42.9611
2025-07-04,XLB,44.6621
2025-07-11,XLB,44.7355
2025-07-18,XLB,44.1
2025-07-25,XLB,45.1509
2025-08-01,XLB,42.3892
2025-08-08,XLB,43.1859
2025-08-15,XLB,44.0071
2025-08-22,XLB,45.0581
2025-08-29,XLB,45.107
2025-09-05,XLB,44.9505
2025-09-12,XLB,44.8137
2025-09-19,XLB,44.3982
2025-09-26,XLB,43.6315
2025-10-03,XLB,44.1325
2025-10-10,XLB,42.6542
2025-10-17,XLB,43.1601
2025-10-24,XLB,43.715
2025-10-31,XLB,42.0747
2025-11-07,XLB,42.1483
2025-11-14,XLB,42.6149
2025-11-21,XLB,42.4086
2025-11-28,XLB,43.9066
2025-12-05,XLB,43.3074
2025-12-12,XLB,44.3486
2025-12-19,XLB,44.5647
2025-12-26,XLB,45.5253
2026-01-02,XLB,45.5352
2026-01-09,XLB,47.6481
2026-01-16,XLB,48.0628
2026-01-23,XLB,49.3364
2026-01-30,XLB,48.6453
2026-02-06,XLB,50.8569
2026-02-13,XLB,52.634
2026-02-20,XLB,52.2885
2026-02-27,XLB,52.7328
2026-03-06,XLB,49.2278
2026-03-13,XLB,48.5663
2026-03-20,XLB,46.3843
2026-03-27,XLB,48.5046
2026-04-03,XLB,49.9922
2026-04-10,XLB,51.5293
2026-04-17,XLB,51.45
2026-04-24,XLB,51.4896
2026-05-01,XLB,50.9244
2026-05-08,XLB,51.1624
2026-05-15,XLB,49.8831
2026-05-22,XLB,49.8731
2026-05-29,XLB,50.726
2026-06-05,XLB,50.2103
2026-06-12,XLB,51.7475
2026-06-19,XLB,51.3805
2026-06-26,XLB,51.3636
2026-07-03,XLB,51.7717
2026-07-10,XLB,50.6569
2026-07-17,XLB,50.2985
2026-07-24,XLB,51.0252
2026-07-31,XLB,50.199
2026-08-07,XLB,52.6179
2026-08-14,XLB,52.2993
2026-08-21,XLB,53.2947
2026-08-28,XLB,52.9364
2026-09-04,XLB,52.1998
2026-09-11,XLB,50.7166
2026-09-18,XLB,49.761
2026-09-25,XLB,49.8
2021-10-01,XLC,77.2537
2021-10-08,XLC,76.7985
2021-10-15,XLC,76.1726
2021-10-22,XLC,76.2295
2021-10-29,XLC,76.1536
2021-11-05,XLC,77.4813
2021-11-12,XLC,77.0356
2021-11-19,XLC,75.5751
2021-11-26,XLC,73.1947
2021-12-03,XLC,70.8428
2021-12-10,XLC,72.7395
2021-12-17,XLC,72.5308
2021-12-24,XLC,74.2291
2021-12-31,XLC,73.8204
2022-01-07,XLC,72.642
2022-01-14,XLC,72.7561
2022-01-21,XLC,68.6317
2022-01-28,XLC,68.7172
2022-02-04,XLC,67.6339
2022-02-11,XLC,65.8663
2022-02-18,XLC,64.0607
2022-02-25,XLC,65.125
2022-03-04,XLC,63.1864
2022-03-11,XLC,61.1717
2022-03-18,XLC,64.8399
2022-03-25,XLC,65.9099
2022-04-01,XLC,66.0147
2022-04-08,XLC,64.8619
2022-04-15,XLC,63.3375
2022-04-22,XLC,58.4214
2022-04-29,XLC,56.2682
2022-05-06,XLC,56.5636
2022-05-13,XLC,56.2206
2022-05-20,XLC,55.2774
2022-05-27,XLC,57.3734
2022-06-03,XLC,56.8018
2022-06-10,XLC,54.0293
2022-06-17,XLC,51.295
2022-06-24,XLC,54.3798
2022-07-01,XLC,52.3551
2022-07-08,XLC,54.1601
2022-07-15,XLC,52.9186
2022-07-22,XLC,53.4725
2022-07-29,XLC,53.8354
2022-08-05,XLC,54.523
2022-08-12,XLC,56.8819
2022-08-19,XLC,55.096
2022-08-26,XLC,52.6798
2022-09-02,XLC,51.4191
2022-09-09,XLC,53.1191
2022-09-16,XLC,49.7956
2022-09-23,XLC,47.001
2022-09-30,XLC,45.8334
2022-10-07,XLC,46.6373
2022-10-14,XLC,45.9195
2022-10-21,XLC,47.9963
2022-10-28,XLC,46.9244
2022-11-04,XLC,43.7566
2022-11-11,XLC,47.8719
2022-11-18,XLC,47.4029
2022-11-25,XLC,48.0442
2022-12-02,XLC,49.7094
2022-12-09,XLC,47.3168
2022-12-16,XLC,45.9865
2022-12-23,XLC,45.8599
2022-12-30,XLC,46.0422
2023-01-06,XLC,48.3543
2023-01-13,XLC,50.2252
2023-01-20,XLC,50.9447
2023-01-27,XLC,53.0459
2023-02-03,XLC,55.8377
2023-02-10,XLC,52.7292
2023-02-17,XLC,53.1034
2023-02-24,XLC,51.0791
2023-03-03,XLC,52.5374
2023-03-10,XLC,50.1388
2023-03-17,XLC,52.7772
2023-03-24,XLC,54.4993
2023-03-31,XLC,55.7691
2023-04-07,XLC,56.6927
2023-04-14,XLC,56.9813
2023-04-21,XLC,55.4998
2023-04-28,XLC,57.6259
2023-05-05,XLC,56.1155
2023-05-12,XLC,57.4431
2023-05-19,XLC,59.0785
2023-05-26,XLC,59.8001
2023-06-02,XLC,60.7621
2023-06-09,XLC,60.8102
2023-06-16,XLC,62.3014
2023-06-23,XLC,61.728
2023-06-30,XLC,62.7109
2023-07-07,XLC,62.682
2023-07-14,XLC,64.7055
2023-07-21,XLC,63.1734
2023-07-28,XLC,66.3051
2023-08-04,XLC,64.6477
2023-08-11,XLC,64.6766
2023-08-18,XLC,62.6916
2023-08-25,XLC,63.0
2023-09-01,XLC,64.6574
2023-09-08,XLC,64.5225
2023-09-15,XLC,65.0524
2023-09-22,XLC,63.389
2023-09-29,XLC,63.3407
2023-10-06,XLC,64.6351
2023-10-13,XLC,64.7897
2023-10-20,XLC,64.2584
2023-10-27,XLC,60.945
2023-11-03,XLC,65.263
2023-11-10,XLC,66.1421
2023-11-17,XLC,67.6877
2023-11-24,XLC,68.5474
2023-12-01,XLC,67.5331
2023-12-08,XLC,68.0837
2023-12-15,XLC,68.6054
2023-12-22,XLC,70.3136
2023-12-29,XLC,70.362
2024-01-05,XLC,69.7616
2024-01-12,XLC,71.4756
2024-01-19,XLC,72.4634
2024-01-26,XLC,75.2232
2024-02-02,XLC,77.2181
2024-02-09,XLC,76.6661
2024-02-16,XLC,76.4531
2024-02-23,XLC,77.1987
2024-03-01,XLC,77.4892
2024-03-08,XLC,77.0728
2024-03-15,XLC,76.7823
2024-03-22,XLC,79.4467
2024-03-29,XLC,79.2914
2024-04-05,XLC,80.1264
2024-04-12,XLC,78.971
2024-04-19,XLC,77.1649
2024-04-26,XLC,77.7863
2024-05-03,XLC,77.8834
2024-05-10,XLC,79.4176
2024-05-17,XLC,80.2138
2024-05-24,XLC,80.5439
2024-05-31,XLC,80.845
2024-06-07,XLC,81.9519
2024-06-14,XLC,81.6897
2024-06-21,XLC,82.4762
2024-06-28,XLC,83.3953
2024-07-05,XLC,85.4397
2024-07-12,XLC,84.0281
2024-07-19,XLC,82.8598
2024-07-26,XLC,81.4871
2024-08-02,XLC,82.4996
2024-08-09,XLC,82.9572
2024-08-16,XLC,83.9794
2024-08-23,XLC,85.1866
2024-08-30,XLC,85.0114
2024-09-06,XLC,81.5552
2024-09-13,XLC,84.5733
2024-09-20,XLC,86.5496
2024-09-27,XLC,87.8962
2024-10-04,XLC,88.7458
2024-10-11,XLC,88.3064
2024-10-18,XLC,89.0876
2024-10-25,XLC,88.7165
2024-11-01,XLC,90.2301
2024-11-08,XLC,93.9213
2024-11-15,XLC,92.9155
2024-11-22,XLC,94.6049
2024-11-29,XLC,96.0892
2024-12-06,XLC,98.5598
2024-12-13,XLC,98.5695
2024-12-20,XLC,95.6595
2024-12-27,XLC,96.104
2025-01-03,XLC,95.8299
2025-01-10,XLC,93.8032
2025-01-17,XLC,95.3501
2025-01-24,XLC,98.3069
2025-01-31,XLC,100.2356
2025-02-07,XLC,100.5881
2025-02-14,XLC,103.1043
2025-02-21,XLC,100.8622
2025-02-28,XLC,99.8636
2025-03-07,XLC,98.1894
2025-03-14,XLC,94.5571
2025-03-21,XLC,95.5558
2025-03-28,XLC,94.0121
2025-04-04,XLC,85.6557
2025-04-11,XLC,89.6228
2025-04-18,XLC,88.5819
2025-04-25,XLC,92.657
2025-05-02,XLC,95.6618
2025-05-09,XLC,95.4261
2025-05-16,XLC,99.9431
2025-05-23,XLC,98.3818
2025-05-30,XLC,99.57
2025-06-06,XLC,101.8383
2025-06-13,XLC,100.7287
2025-06-20,XLC,100.984
2025-06-27,XLC,105.9933
2025-07-04,XLC,106.3476
2025-07-11,XLC,104.3494
2025-07-18,XLC,104.5266
2025-07-25,XLC,105.9342
2025-08-01,XLC,104.4577
2025-08-08,XLC,105.9441
2025-08-15,XLC,109.7338
2025-08-22,XLC,109.5664
2025-08-29,XLC,109.6452
2025-09-05,XLC,112.8935
2025-09-12,XLC,115.5118
2025-09-19,XLC,117.5395
2025-09-26,XLC,116.7246
2025-10-03,XLC,114.9664
2025-10-10,XLC,111.4203
2025-10-17,XLC,113.5341
2025-10-24,XLC,114.1367
2025-10-31,XLC,113.4057
2025-11-07,XLC,110.7388
2025-11-14,XLC,109.9683
2025-11-21,XLC,110.5313
2025-11-28,XLC,113.9786
2025-12-05,XLC,115.6973
2025-12-12,XLC,115.1245
2025-12-19,XLC,115.0948
2025-12-26,XLC,116.9043
2026-01-02,XLC,115.844
2026-01-09,XLC,116.8449
2026-01-16,XLC,114.1296
2026-01-23,XLC,115.9034
2026-01-30,XLC,118.9953
2026-02-06,XLC,114.7143
2026-02-13,XLC,113.5449
2026-02-20,XLC,115.7449
2026-02-27,XLC,116.9836
2026-03-06,XLC,116.3989
2026-03-13,XLC,113.4161
2026-03-20,XLC,111.2162
2026-03-27,XLC,106.4116
2026-04-03,XLC,111.0442
2026-04-10,XLC,113.281
2026-04-17,XLC,118.4007
2026-04-24,XLC,114.8616
2026-05-01,XLC,116.0347
2026-05-08,XLC,116.2534
2026-05-15,XLC,115.3985
2026-05-22,XLC,114.7821
2026-05-29,XLC,115.0108
2026-06-05,XLC,111.0144
2026-06-12,XLC,110.9945
2026-06-19,XLC,108.8074
2026-06-26,XLC,105.8312
2026-07-03,XLC,109.24
2026-07-10,XLC,111.2733
2026-07-17,XLC,110.2865
2026-07-24,XLC,105.9508
2026-07-31,XLC,107.8844
2026-08-07,XLC,110.8846
2026-08-14,XLC,112.579
2026-08-21,XLC,111.0341
2026-08-28,XLC,112.6188
2026-09-04,XLC,111.662
2026-09-11,XLC,112.2301
2026-09-18,XLC,110.446
2026-09-25,XLC,112.96
2021-10-01,XLE,22.5802
2021-10-08,XLE,23.7251
2021-10-15,XLE,24.0438
2021-10-22,XLE,24.3039
2021-10-29,XLE,24.1026
2021-11-05,XLE,24.4339
2021-11-12,XLE,24.1361
2021-11-19,XLE,22.9282
2021-11-26,XLE,23.3099
2021-12-03,XLE,23.1254
2021-12-10,XLE,24.0061
2021-12-17,XLE,22.8024
2021-12-24,XLE,23.3228
2021-12-31,XLE,23.5777
2022-01-07,XLE,26.0587
2022-01-14,XLE,27.4054
2022-01-21,XLE,26.5303
2022-01-28,XLE,27.8812
2022-02-04,XLE,29.2704
2022-02-11,XLE,29.9119
2022-02-18,XLE,28.9093
2022-02-25,XLE,29.2619
2022-03-04,XLE,31.9595
2022-03-11,XLE,32.6477
2022-03-18,XLE,31.386
2022-03-25,XLE,33.7749
2022-04-01,XLE,33.0501
2022-04-08,XLE,34.1094
2022-04-15,XLE,34.2467
2022-04-22,XLE,32.6812
2022-04-29,XLE,32.2309
2022-05-06,XLE,35.5634
2022-05-13,XLE,34.6455
2022-05-20,XLE,35.0701
2022-05-27,XLE,37.9694
2022-06-03,XLE,38.3897
2022-06-10,XLE,38.0466
2022-06-17,XLE,31.5189
2022-06-24,XLE,31.0484
2022-07-01,XLE,31.4777
2022-07-08,XLE,30.7708
2022-07-15,XLE,29.7473
2022-07-22,XLE,30.8576
2022-07-29,XLE,34.0105
2022-08-05,XLE,31.6946
2022-08-12,XLE,34.0322
2022-08-19,XLE,34.4616
2022-08-26,XLE,35.9275
2022-09-02,XLE,34.6784
2022-09-09,XLE,34.956
2022-09-16,XLE,34.0192
2022-09-23,XLE,30.9003
2022-09-30,XLE,31.5754
2022-10-07,XLE,35.8632
2022-10-14,XLE,35.1968
2022-10-21,XLE,38.1124
2022-10-28,XLE,39.1295
2022-11-04,XLE,40.0809
2022-11-11,XLE,40.8306
2022-11-18,XLE,40.173
2022-11-25,XLE,40.2782
2022-12-02,XLE,39.5942
2022-12-09,XLE,36.249
2022-12-16,XLE,36.9856
2022-12-23,XLE,38.5625
2022-12-30,XLE,38.7441
2023-01-06,XLE,38.7839
2023-01-13,XLE,39.8426
2023-01-20,XLE,40.0773
2023-01-27,XLE,40.4095
2023-02-03,XLE,38.0752
2023-02-10,XLE,39.9577
2023-02-17,XLE,37.4241
2023-02-24,XLE,37.4994
2023-03-03,XLE,38.6511
2023-03-10,XLE,36.6003
2023-03-17,XLE,34.0932
2023-03-24,XLE,34.8608
2023-03-31,XLE,37.0717
2023-04-07,XLE,38.034
2023-04-14,XLE,39.041
2023-04-21,XLE,38.034
2023-04-28,XLE,38.1011
2023-05-05,XLE,35.9081
2023-05-12,XLE,35.1427
2023-05-19,XLE,35.644
2023-05-26,XLE,35.2546
2023-06-02,XLE,35.7604
2023-06-09,XLE,36.4004
2023-06-16,XLE,36.19
2023-06-23,XLE,34.9285
2023-06-30,XLE,36.6488
2023-07-07,XLE,36.4772
2023-07-14,XLE,36.7752
2023-07-21,XLE,38.062
2023-07-28,XLE,38.7618
2023-08-04,XLE,39.2449
2023-08-11,XLE,40.5904
2023-08-18,XLE,40.0983
2023-08-25,XLE,39.5474
2023-09-01,XLE,40.9697
2023-09-08,XLE,41.5612
2023-09-15,XLE,41.5431
2023-09-22,XLE,40.6216
2023-09-29,XLE,41.1128
2023-10-06,XLE,38.9933
2023-10-13,XLE,40.7489
2023-10-20,XLE,41.0537
2023-10-27,XLE,38.493
2023-11-03,XLE,39.4254
2023-11-10,XLE,37.9381
2023-11-17,XLE,38.5202
2023-11-24,XLE,38.6294
2023-12-01,XLE,38.6703
2023-12-08,XLE,37.4013
2023-12-15,XLE,38.3429
2023-12-22,XLE,39.0234
2023-12-29,XLE,38.4999
2024-01-05,XLE,38.8856
2024-01-12,XLE,37.9672
2024-01-19,XLE,36.8146
2024-01-26,XLE,38.6882
2024-02-02,XLE,38.353
2024-02-09,XLE,38.2565
2024-02-16,XLE,39.2943
2024-02-23,XLE,39.4734
2024-03-01,XLE,40.0153
2024-03-08,XLE,40.4883
2024-03-15,XLE,42.045
2024-03-22,XLE,42.7736
2024-03-29,XLE,43.7041
2024-04-05,XLE,45.403
2024-04-12,XLE,44.5003
2024-04-19,XLE,43.9633
2024-04-26,XLE,44.3198
2024-05-03,XLE,42.8523
2024-05-10,XLE,43.4356
2024-05-17,XLE,43.9587
2024-05-24,XLE,42.2968
2024-05-31,XLE,43.1439
2024-06-07,XLE,41.658
2024-06-14,XLE,40.7553
2024-06-21,XLE,41.5469
2024-06-28,XLE,42.5338
2024-07-05,XLE,42.0438
2024-07-12,XLE,42.2398
2024-07-19,XLE,43.1031
2024-07-26,XLE,43.0191
2024-08-02,XLE,41.2506
2024-08-09,XLE,41.7219
2024-08-16,XLE,42.2165
2024-08-23,XLE,42.1792
2024-08-30,XLE,42.5945
2024-09-06,XLE,40.1353
2024-09-13,XLE,39.9393
2024-09-20,XLE,41.4185
2024-09-27,XLE,41.0219
2024-10-04,XLE,43.8402
2024-10-11,XLE,43.6661
2024-10-18,XLE,42.504
2024-10-25,XLE,42.2358
2024-11-01,XLE,41.4171
2024-11-08,XLE,44.1083
2024-11-15,XLE,44.5694
2024-11-22,XLE,45.7645
2024-11-29,XLE,44.9458
2024-12-06,XLE,42.8239
2024-12-13,XLE,41.977
2024-12-20,XLE,39.5869
2024-12-27,XLE,40.1183
2025-01-03,XLE,41.4989
2025-01-10,XLE,41.9354
2025-01-17,XLE,44.578
2025-01-24,XLE,43.3208
2025-01-31,XLE,41.5796
2025-02-07,XLE,42.0161
2025-02-14,XLE,42.7324
2025-02-21,XLE,43.1405
2025-02-28,XLE,43.1737
2025-03-07,XLE,41.4799
2025-03-14,XLE,42.5854
2025-03-21,XLE,43.8948
2025-03-28,XLE,44.1941
2025-04-04,XLE,37.658
2025-04-11,XLE,37.7202
2025-04-18,XLE,38.9681
2025-04-25,XLE,39.3937
2025-05-02,XLE,39.1976
2025-05-09,XLE,39.4128
2025-05-16,XLE,40.8711
2025-05-23,XLE,39.2024
2025-05-30,XLE,38.9825
2025-06-06,XLE,39.8813
2025-06-13,XLE,42.1238
2025-06-20,XLE,42.5446
2025-06-27,XLE,41.1168
2025-07-04,XLE,41.9507
2025-07-11,XLE,42.963
2025-07-18,XLE,41.4349
2025-07-25,XLE,41.9844
2025-08-01,XLE,41.2566
2025-08-08,XLE,40.9385
2025-08-15,XLE,41.2421
2025-08-22,XLE,42.4858
2025-08-29,XLE,43.5703
2025-09-05,XLE,42.1098
2025-09-12,XLE,42.7075
2025-09-19,XLE,42.6689
2025-09-26,XLE,44.7199
2025-10-03,XLE,43.2226
2025-10-10,XLE,41.4288
2025-10-17,XLE,41.7983
2025-10-24,XLE,42.8143
2025-10-31,XLE,42.8434
2025-11-07,XLE,43.5289
2025-11-14,XLE,44.7345
2025-11-21,XLE,43.4706
2025-11-28,XLE,43.9713
2025-12-05,XLE,44.647
2025-12-12,XLE,44.2484
2025-12-19,XLE,42.9067
2025-12-26,XLE,43.341
2026-01-02,XLE,44.7629
2026-01-09,XLE,45.763
2026-01-16,XLE,46.7632
2026-01-23,XLE,48.2341
2026-01-30,XLE,50.0579
2026-02-06,XLE,52.2152
2026-02-13,XLE,53.2938
2026-02-20,XLE,53.8135
2026-02-27,XLE,54.8333
2026-03-06,XLE,55.4706
2026-03-13,XLE,56.5787
2026-03-20,XLE,58.1574
2026-03-27,XLE,61.7451
2026-04-03,XLE,58.4782
2026-04-10,XLE,56.1983
2026-04-17,XLE,54.3033
2026-04-24,XLE,56.1292
2026-05-01,XLE,58.0834
2026-05-08,XLE,54.9744
2026-05-15,XLE,58.6657
2026-05-22,XLE,58.715
2026-05-29,XLE,55.5567
2026-06-05,XLE,56.9187
2026-06-12,XLE,56.8003
2026-06-19,XLE,53.0696
2026-06-26,XLE,53.5219
2026-07-03,XLE,52.9055
2026-07-10,XLE,54.7545
2026-07-17,XLE,57.3392
2026-07-24,XLE,59.2677
2026-07-31,XLE,59.1981
2026-08-07,XLE,57.1602
2026-08-14,XLE,61.5442
2026-08-21,XLE,63.264
2026-08-28,XLE,62.3096
2026-09-04,XLE,63.6815
2026-09-11,XLE,64.7551
2026-09-18,XLE,63.93
2026-09-25,XLE,62.04
2021-10-01,XLF,35.0101
2021-10-08,XLF,35.8085
2021-10-15,XLF,36.2581
2021-10-22,XLF,37.2768
2021-10-29,XLF,36.9464
2021-11-05,XLF,36.7262
2021-11-12,XLF,36.8455
2021-11-19,XLF,35.8085
2021-11-26,XLF,35.5791
2021-12-03,XLF,34.8999
2021-12-10,XLF,35.836
2021-12-17,XLF,35.4139
2021-12-24,XLF,35.7956
2021-12-31,XLF,36.0077
2022-01-07,XLF,37.9625
2022-01-14,XLF,37.649
2022-01-21,XLF,35.2239
2022-01-28,XLF,35.7034
2022-02-04,XLF,36.9759
2022-02-11,XLF,36.9851
2022-02-18,XLF,36.1644
2022-02-25,XLF,36.0538
2022-03-04,XLF,34.3295
2022-03-11,XLF,33.5641
2022-03-18,XLF,35.9616
2022-03-25,XLF,36.5837
2022-04-01,XLF,35.3803
2022-04-08,XLF,35.0748
2022-04-15,XLF,34.1491
2022-04-22,XLF,33.4826
2022-04-29,XLF,31.9459
2022-05-06,XLF,32.1588
2022-05-13,XLF,31.0387
2022-05-20,XLF,30.474
2022-05-27,XLF,32.9271
2022-06-03,XLF,32.2792
2022-06-10,XLF,30.113
2022-06-17,XLF,28.6319
2022-06-24,XLF,30.0967
2022-07-01,XLF,29.6686
2022-07-08,XLF,29.8548
2022-07-15,XLF,29.5756
2022-07-22,XLF,30.4783
2022-07-29,XLF,31.3717
2022-08-05,XLF,31.3531
2022-08-12,XLF,33.0934
2022-08-19,XLF,32.535
2022-08-26,XLF,31.381
2022-09-02,XLF,30.6086
2022-09-09,XLF,31.9766
2022-09-16,XLF,30.7668
2022-09-23,XLF,29.0482
2022-09-30,XLF,28.4027
2022-10-07,XLF,28.8985
2022-10-14,XLF,29.0108
2022-10-21,XLF,30.1147
2022-10-28,XLF,31.9858
2022-11-04,XLF,31.7238
2022-11-11,XLF,33.5574
2022-11-18,XLF,33.0897
2022-11-25,XLF,33.782
2022-12-02,XLF,33.6136
2022-12-09,XLF,32.3038
2022-12-16,XLF,31.5274
2022-12-23,XLF,31.9604
2022-12-30,XLF,32.1957
2023-01-06,XLF,33.3066
2023-01-13,XLF,34.0032
2023-01-20,XLF,33.2784
2023-01-27,XLF,34.1256
2023-02-03,XLF,34.4457
2023-02-10,XLF,34.3515
2023-02-17,XLF,34.2574
2023-02-24,XLF,33.5702
2023-03-03,XLF,33.8808
2023-03-10,XLF,31.0002
2023-03-17,XLF,29.1645
2023-03-24,XLF,29.3187
2023-03-31,XLF,30.4161
2023-04-07,XLF,30.2647
2023-04-14,XLF,31.1067
2023-04-21,XLF,31.4284
2023-04-28,XLF,31.3811
2023-05-05,XLF,30.5864
2023-05-12,XLF,30.1796
2023-05-19,XLF,30.8418
2023-05-26,XLF,30.3783
2023-06-02,XLF,31.031
2023-06-09,XLF,31.3622
2023-06-16,XLF,31.769
2023-06-23,XLF,31.1133
2023-06-30,XLF,32.0351
2023-07-07,XLF,31.921
2023-07-14,XLF,32.5482
2023-07-21,XLF,33.508
2023-07-28,XLF,33.451
2023-08-04,XLF,33.1754
2023-08-11,XLF,33.1849
2023-08-18,XLF,32.2917
2023-08-25,XLF,32.3012
2023-09-01,XLF,32.9664
2023-09-08,XLF,32.5958
2023-09-15,XLF,33.0994
2023-09-22,XLF,32.1305
2023-09-29,XLF,31.6628
2023-10-06,XLF,31.5387
2023-10-13,XLF,31.701
2023-10-20,XLF,30.7369
2023-10-27,XLF,30.021
2023-11-03,XLF,32.2451
2023-11-10,XLF,32.3692
2023-11-17,XLF,33.4192
2023-11-24,XLF,33.7724
2023-12-01,XLF,34.5265
2023-12-08,XLF,34.4883
2023-12-15,XLF,35.6529
2023-12-22,XLF,35.8198
2023-12-29,XLF,36.0692
2024-01-05,XLF,36.2131
2024-01-12,XLF,36.0692
2024-01-19,XLF,36.3858
2024-01-26,XLF,37.0765
2024-02-02,XLF,37.393
2024-02-09,XLF,37.4889
2024-02-16,XLF,38.0166
2024-02-23,XLF,38.6593
2024-03-01,XLF,38.6497
2024-03-08,XLF,38.9663
2024-03-15,XLF,39.1293
2024-03-22,XLF,39.8833
2024-03-29,XLF,40.5573
2024-04-05,XLF,40.0277
2024-04-12,XLF,38.5737
2024-04-19,XLF,38.8819
2024-04-26,XLF,39.3055
2024-05-03,XLF,39.0456
2024-05-10,XLF,40.2781
2024-05-17,XLF,40.9136
2024-05-24,XLF,40.0662
2024-05-31,XLF,40.0951
2024-06-07,XLF,39.9411
2024-06-14,XLF,39.1418
2024-06-21,XLF,39.7966
2024-06-28,XLF,39.7415
2024-07-05,XLF,40.1572
2024-07-12,XLF,40.9692
2024-07-19,XLF,41.4236
2024-07-26,XLF,41.9649
2024-08-02,XLF,40.6599
2024-08-09,XLF,40.9886
2024-08-16,XLF,42.313
2024-08-23,XLF,42.951
2024-08-30,XLF,44.2174
2024-09-06,XLF,42.8157
2024-09-13,XLF,43.0283
2024-09-20,XLF,44.1401
2024-09-27,XLF,43.8053
2024-10-04,XLF,44.2904
2024-10-11,XLF,45.1248
2024-10-18,XLF,46.2018
2024-10-25,XLF,45.2412
2024-11-01,XLF,45.2509
2024-11-08,XLF,47.725
2024-11-15,XLF,48.3848
2024-11-22,XLF,49.2191
2024-11-29,XLF,49.811
2024-12-06,XLF,48.899
2024-12-13,XLF,48.0646
2024-12-20,XLF,47.0653
2024-12-27,XLF,47.4998
2025-01-03,XLF,47.3439
2025-01-10,XLF,46.1065
2025-01-17,XLF,48.9419
2025-01-24,XLF,49.546
2025-01-31,XLF,50.1501
2025-02-07,XLF,50.4911
2025-02-14,XLF,50.4716
2025-02-21,XLF,49.4485
2025-02-28,XLF,50.8419
2025-03-07,XLF,47.8603
2025-03-14,XLF,47.2757
2025-03-21,XLF,48.1916
2025-03-28,XLF,48.1222
2025-04-04,XLF,43.2229
2025-04-11,XLF,45.6383
2025-04-18,XLF,45.6188
2025-04-25,XLF,46.9585
2025-05-02,XLF,48.66
2025-05-09,XLF,48.7578
2025-05-16,XLF,50.4496
2025-05-23,XLF,48.9436
2025-05-30,XLF,49.8335
2025-06-06,XLF,50.1464
2025-06-13,XLF,48.8556
2025-06-20,XLF,49.2468
2025-06-27,XLF,50.9659
2025-07-04,XLF,52.1925
2025-07-11,XLF,51.1818
2025-07-18,XLF,51.5546
2025-07-25,XLF,52.4378
2025-08-01,XLF,50.436
2025-08-08,XLF,50.8776
2025-08-15,XLF,51.4761
2025-08-22,XLF,52.5653
2025-08-29,XLF,52.9775
2025-09-05,XLF,52.0747
2025-09-12,XLF,52.791
2025-09-19,XLF,53.2326
2025-09-26,XLF,53.0239
2025-10-03,XLF,52.886
2025-10-10,XLF,51.3503
2025-10-17,XLF,51.3699
2025-10-24,XLF,52.2855
2025-10-31,XLF,51.557
2025-11-07,XLF,51.9606
2025-11-14,XLF,51.6358
2025-11-21,XLF,50.8679
2025-11-28,XLF,52.5021
2025-12-05,XLF,52.8467
2025-12-12,XLF,54.0969
2025-12-19,XLF,53.9887
2025-12-26,XLF,54.9479
2026-01-02,XLF,54.2663
2026-01-09,XLF,55.0566
2026-01-16,XLF,53.7822
2026-01-23,XLF,52.4287
2026-01-30,XLF,52.7943
2026-02-06,XLF,53.6044
2026-02-13,XLF,51.0259
2026-02-20,XLF,51.8557
2026-02-27,XLF,50.8086
2026-03-06,XLF,49.9589
2026-03-13,XLF,48.2992
2026-03-20,XLF,48.4869
2026-03-27,XLF,47.4751
2026-04-03,XLF,49.183
2026-04-10,XLF,50.4143
2026-04-17,XLF,52.0627
2026-04-24,XLF,51.0598
2026-05-01,XLF,51.5563
2026-05-08,XLF,50.8811
2026-05-15,XLF,50.742
2026-05-22,XLF,51.5762
2026-05-29,XLF,51.2187
2026-06-05,XLF,51.9336
2026-06-12,XLF,52.9663
2026-06-19,XLF,53.1947
2026-06-26,XLF,53.3811
2026-07-03,XLF,55.4238
2026-07-10,XLF,55.5135
2026-07-17,XLF,56.0616
2026-07-24,XLF,56.1114
2026-07-31,XLF,56.7392
2026-08-07,XLF,57.3969
2026-08-14,XLF,57.9549
2026-08-21,XLF,57.2773
2026-08-28,XLF,57.8951
2026-09-04,XLF,57.8951
2026-09-11,XLF,57.0481
2026-09-18,XLF,55.663
2026-09-25,XLF,54.84
2021-10-01,XLI,92.0152
2021-10-08,XLI,93.6573
2021-10-15,XLI,95.4572
2021-10-22,XLI,97.2292
2021-10-29,XLI,96.9416
2021-11-05,XLI,98.7043
2021-11-12,XLI,99.1775
2021-11-19,XLI,98.092
2021-11-26,XLI,95.754
2021-12-03,XLI,94.817
2021-12-10,XLI,97.7394
2021-12-17,XLI,95.0397
2021-12-24,XLI,96.7765
2021-12-31,XLI,98.5365
2022-01-07,XLI,99.1698
2022-01-14,XLI,98.5738
2022-01-21,XLI,94.2434
2022-01-28,XLI,92.8466
2022-02-04,XLI,93.2284
2022-02-11,XLI,92.5299
2022-02-18,XLI,91.58
2022-02-25,XLI,92.3157
2022-03-04,XLI,93.4891
2022-03-11,XLI,91.2075
2022-03-18,XLI,95.7707
2022-03-25,XLI,96.9116
2022-04-01,XLI,95.4727
2022-04-08,XLI,93.062
2022-04-15,XLI,93.3797
2022-04-22,XLI,91.9688
2022-04-29,XLI,88.8948
2022-05-06,XLI,89.2498
2022-05-13,XLI,86.9887
2022-05-20,XLI,83.8492
2022-05-27,XLI,89.2031
2022-06-03,XLI,89.2779
2022-06-10,XLI,84.877
2022-06-17,XLI,79.9436
2022-06-24,XLI,83.354
2022-07-01,XLI,82.6783
2022-07-08,XLI,82.5
2022-07-15,XLI,81.4958
2022-07-22,XLI,84.8837
2022-07-29,XLI,89.7543
2022-08-05,XLI,90.2048
2022-08-12,XLI,93.6958
2022-08-19,XLI,92.7573
2022-08-26,XLI,89.6417
2022-09-02,XLI,86.4884
2022-09-09,XLI,89.4258
2022-09-16,XLI,83.72
2022-09-23,XLI,79.9152
2022-09-30,XLI,78.1141
2022-10-07,XLI,80.3018
2022-10-14,XLI,79.9057
2022-10-21,XLI,83.6304
2022-10-28,XLI,89.2221
2022-11-04,XLI,89.6464
2022-11-11,XLI,93.852
2022-11-18,XLI,93.7671
2022-11-25,XLI,95.521
2022-12-02,XLI,96.4923
2022-12-09,XLI,93.4182
2022-12-16,XLI,92.5036
2022-12-23,XLI,93.2199
2022-12-30,XLI,93.0493
2023-01-06,XLI,95.6074
2023-01-13,XLI,97.076
2023-01-20,XLI,93.7883
2023-01-27,XLI,95.8253
2023-02-03,XLI,97.4455
2023-02-10,XLI,96.7728
2023-02-17,XLI,97.616
2023-02-24,XLI,95.039
2023-03-03,XLI,98.2224
2023-03-10,XLI,93.7978
2023-03-17,XLI,91.5902
2023-03-24,XLI,92.1944
2023-03-31,XLI,96.2566
2023-04-07,XLI,93.0125
2023-04-14,XLI,94.9723
2023-04-21,XLI,95.7143
2023-04-28,XLI,95.134
2023-05-05,XLI,94.6678
2023-05-12,XLI,93.6879
2023-05-19,XLI,94.9247
2023-05-26,XLI,93.5547
2023-06-02,XLI,96.0282
2023-06-09,XLI,97.4172
2023-06-16,XLI,100.3188
2023-06-23,XLI,98.6473
2023-06-30,XLI,102.5061
2023-07-07,XLI,101.4363
2023-07-14,XLI,103.7382
2023-07-21,XLI,104.636
2023-07-28,XLI,105.2187
2023-08-04,XLI,103.3848
2023-08-11,XLI,104.0056
2023-08-18,XLI,101.4745
2023-08-25,XLI,101.761
2023-09-01,XLI,103.9197
2023-09-08,XLI,100.8919
2023-09-15,XLI,100.2901
2023-09-22,XLI,97.6202
2023-09-29,XLI,97.227
2023-10-06,XLI,96.6516
2023-10-13,XLI,97.5818
2023-10-20,XLI,94.6568
2023-10-27,XLI,92.4893
2023-11-03,XLI,97.438
2023-11-10,XLI,98.349
2023-11-17,XLI,101.2837
2023-11-24,XLI,101.9838
2023-12-01,XLI,104.2855
2023-12-08,XLI,104.4965
2023-12-15,XLI,108.3901
2023-12-22,XLI,109.0892
2023-12-29,XLI,109.9185
2024-01-05,XLI,107.45
2024-01-12,XLI,108.1057
2024-01-19,XLI,108.4335
2024-01-26,XLI,109.3785
2024-02-02,XLI,111.4517
2024-02-09,XLI,112.7728
2024-02-16,XLI,113.8142
2024-02-23,XLI,115.926
2024-03-01,XLI,117.1796
2024-03-08,XLI,117.9317
2024-03-15,XLI,117.681
2024-03-22,XLI,121.1109
2024-03-29,XLI,121.8363
2024-04-05,XLI,121.5558
2024-04-12,XLI,118.8765
2024-04-19,XLI,116.5261
2024-04-26,XLI,118.6444
2024-05-03,XLI,118.7508
2024-05-10,XLI,121.5655
2024-05-17,XLI,121.227
2024-05-24,XLI,120.3855
2024-05-31,XLI,119.4666
2024-06-07,XLI,118.3252
2024-06-14,XLI,117.1838
2024-06-21,XLI,118.9442
2024-06-28,XLI,118.2852
2024-07-05,XLI,117.6543
2024-07-12,XLI,120.5273
2024-07-19,XLI,121.197
2024-07-26,XLI,122.5849
2024-08-02,XLI,119.1199
2024-08-09,XLI,120.6243
2024-08-16,XLI,123.2352
2024-08-23,XLI,125.4772
2024-08-30,XLI,127.5931
2024-09-06,XLI,122.187
2024-09-13,XLI,126.7293
2024-09-20,XLI,129.2625
2024-09-27,XLI,131.2888
2024-10-04,XLI,131.951
2024-10-11,XLI,134.7846
2024-10-18,XLI,135.6123
2024-10-25,XLI,131.8439
2024-11-01,XLI,130.4904
2024-11-08,XLI,138.3582
2024-11-15,XLI,135.4565
2024-11-22,XLI,138.9035
2024-11-29,XLI,140.2083
2024-12-06,XLI,136.8684
2024-12-13,XLI,133.8206
2024-12-20,XLI,130.3054
2024-12-27,XLI,130.4131
2025-01-03,XLI,129.8846
2025-01-10,XLI,128.5243
2025-01-17,XLI,134.8071
2025-01-24,XLI,138.0562
2025-01-31,XLI,135.3943
2025-02-07,XLI,134.3961
2025-02-14,XLI,134.6114
2025-02-21,XLI,131.9593
2025-02-28,XLI,133.4174
2025-03-07,XLI,131.3819
2025-03-14,XLI,128.3286
2025-03-21,XLI,129.4247
2025-03-28,XLI,127.7607
2025-04-04,XLI,115.7749
2025-04-11,XLI,123.363
2025-04-18,XLI,122.9998
2025-04-25,XLI,126.6417
2025-05-02,XLI,132.1094
2025-05-09,XLI,133.6113
2025-05-16,XLI,141.1405
2025-05-23,XLI,138.2447
2025-05-30,XLI,140.1982
2025-06-06,XLI,142.2694
2025-06-13,XLI,140.0313
2025-06-20,XLI,139.7564
2025-06-27,XLI,144.5338
2025-07-04,XLI,147.1234
2025-07-11,XLI,147.8914
2025-07-18,XLI,149.1321
2025-07-25,XLI,152.6078
2025-08-01,XLI,147.4385
2025-08-08,XLI,148.5117
2025-08-15,XLI,148.1277
2025-08-22,XLI,150.7862
2025-08-29,XLI,149.6736
2025-09-05,XLI,148.6102
2025-09-12,XLI,149.2502
2025-09-19,XLI,150.7666
2025-09-26,XLI,150.8555
2025-10-03,XLI,152.6648
2025-10-10,XLI,148.2058
2025-10-17,XLI,150.0151
2025-10-24,XLI,153.1592
2025-10-31,XLI,153.3075
2025-11-07,XLI,151.5971
2025-11-14,XLI,150.292
2025-11-21,XLI,147.9389
2025-11-28,XLI,151.953
2025-12-05,XLI,152.8329
2025-12-12,XLI,154.9685
2025-12-19,XLI,154.0985
2025-12-26,XLI,155.9656
2026-01-02,XLI,156.7295
2026-01-09,XLI,160.6482
2026-01-16,XLI,165.5789
2026-01-23,XLI,162.9201
2026-01-30,XLI,164.1304
2026-02-06,XLI,171.8091
2026-02-13,XLI,172.7913
2026-02-20,XLI,175.8271
2026-02-27,XLI,175.7378
2026-03-06,XLI,168.5948
2026-03-13,XLI,163.3467
2026-03-20,XLI,160.3902
2026-03-27,XLI,158.3836
2026-04-03,XLI,162.9302
2026-04-10,XLI,170.6404
2026-04-17,XLI,172.6202
2026-04-24,XLI,171.5856
2026-05-01,XLI,172.073
2026-05-08,XLI,172.3118
2026-05-15,XLI,170.521
2026-05-22,XLI,170.8891
2026-05-29,XLI,172.2422
2026-06-05,XLI,173.2868
2026-06-12,XLI,175.2765
2026-06-19,XLI,179.9823
2026-06-26,XLI,180.7143
2026-07-03,XLI,183.4171
2026-07-10,XLI,181.4324
2026-07-17,XLI,178.9291
2026-07-24,XLI,182.1704
2026-07-31,XLI,179.358
2026-08-07,XLI,184.6836
2026-08-14,XLI,186.0101
2026-08-21,XLI,179.7669
2026-08-28,XLI,176.6652
2026-09-04,XLI,174.8002
2026-09-11,XLI,171.908
2026-09-18,XLI,169.295
2026-09-25,XLI,170.43
2021-10-01,XLK,73.0362
2021-10-08,XLK,73.2242
2021-10-15,XLK,75.1275
2021-10-22,XLK,76.3322
2021-10-29,XLK,77.8356
2021-11-05,XLK,80.5099
2021-11-12,XLK,80.6208
2021-11-19,XLK,82.5482
2021-11-26,XLK,79.9847
2021-12-03,XLK,79.5703
2021-12-10,XLK,84.2685
2021-12-17,XLK,80.8954
2021-12-24,XLK,83.4913
2021-12-31,XLK,83.9403
2022-01-07,XLK,80.1071
2022-01-14,XLK,80.025
2022-01-21,XLK,74.5069
2022-01-28,XLK,76.2786
2022-02-04,XLK,77.0511
2022-02-11,XLK,74.7772
2022-02-18,XLK,73.5944
2022-02-25,XLK,74.5165
2022-03-04,XLK,72.2957
2022-03-11,XLK,69.5487
2022-03-18,XLK,74.8641
2022-03-25,XLK,76.526
2022-04-01,XLK,76.6421
2022-04-08,XLK,73.7159
2022-04-15,XLK,70.9251
2022-04-22,XLK,69.2032
2022-04-29,XLK,68.4004
2022-05-06,XLK,67.9892
2022-05-13,XLK,65.7112
2022-05-20,XLK,63.3896
2022-05-27,XLK,68.4197
2022-06-03,XLK,67.7087
2022-06-10,XLK,63.4041
2022-06-17,XLK,60.2747
2022-06-24,XLK,64.7133
2022-07-01,XLK,61.7843
2022-07-08,XLK,64.432
2022-07-15,XLK,64.1944
2022-07-22,XLK,66.5414
2022-07-29,XLK,69.9359
2022-08-05,XLK,71.2937
2022-08-12,XLK,73.0346
2022-08-19,XLK,71.8223
2022-08-26,XLK,67.8313
2022-09-02,XLK,64.4223
2022-09-09,XLK,66.5317
2022-09-16,XLK,62.4147
2022-09-23,XLK,60.1528
2022-09-30,XLK,57.7416
2022-10-07,XLK,58.709
2022-10-14,XLK,56.7791
2022-10-21,XLK,60.4445
2022-10-28,XLK,62.9917
2022-11-04,XLK,58.8159
2022-11-11,XLK,64.7223
2022-11-18,XLK,64.2119
2022-11-25,XLK,64.946
2022-12-02,XLK,65.8015
2022-12-09,XLK,63.6383
2022-12-16,XLK,61.9709
2022-12-23,XLK,60.7448
2022-12-30,XLK,60.6668
2023-01-06,XLK,60.8082
2023-01-13,XLK,63.6163
2023-01-20,XLK,64.0306
2023-01-27,XLK,66.6437
2023-02-03,XLK,69.1155
2023-02-10,XLK,68.4378
2023-02-17,XLK,68.1648
2023-02-24,XLK,66.3464
2023-03-03,XLK,68.3208
2023-03-10,XLK,66.1903
2023-03-17,XLK,69.9394
2023-03-24,XLK,71.3153
2023-03-31,XLK,73.7827
2023-04-07,XLK,72.8348
2023-04-14,XLK,72.6296
2023-04-21,XLK,72.1947
2023-04-28,XLK,73.6947
2023-05-05,XLK,73.895
2023-05-12,XLK,73.7533
2023-05-19,XLK,76.9439
2023-05-26,XLK,80.5106
2023-06-02,XLK,81.5464
2023-06-09,XLK,81.1116
2023-06-16,XLK,84.6197
2023-06-23,XLK,82.5741
2023-06-30,XLK,85.1249
2023-07-07,XLK,83.8275
2023-07-14,XLK,86.1678
2023-07-21,XLK,86.2364
2023-07-28,XLK,87.1226
2023-08-04,XLK,83.803
2023-08-11,XLK,81.7172
2023-08-18,XLK,80.7674
2023-08-25,XLK,82.6034
2023-09-01,XLK,86.2707
2023-09-08,XLK,84.6011
2023-09-15,XLK,82.6964
2023-09-22,XLK,80.67
2023-09-29,XLK,80.4345
2023-10-06,XLK,82.5395
2023-10-13,XLK,82.7406
2023-10-20,XLK,80.4394
2023-10-27,XLK,79.0557
2023-11-03,XLK,84.2764
2023-11-10,XLK,88.0839
2023-11-17,XLK,89.6933
2023-11-24,XLK,90.4833
2023-12-01,XLK,91.0574
2023-12-08,XLK,91.5873
2023-12-15,XLK,94.0602
2023-12-22,XLK,94.4399
2023-12-29,XLK,94.6513
2024-01-05,XLK,90.5403
2024-01-12,XLK,94.5333
2024-01-19,XLK,98.4328
2024-01-26,XLK,99.2098
2024-02-02,XLK,99.4508
2024-02-09,XLK,102.2045
2024-02-16,XLK,99.613
2024-02-23,XLK,100.9506
2024-03-01,XLK,103.6404
2024-03-08,XLK,101.9636
2024-03-15,XLK,101.1178
2024-03-22,XLK,103.3929
2024-03-29,XLK,102.5851
2024-04-05,XLK,101.6887
2024-04-12,XLK,101.1813
2024-04-19,XLK,94.8322
2024-04-26,XLK,98.4279
2024-05-03,XLK,99.7677
2024-05-10,XLK,101.2404
2024-05-17,XLK,104.3337
2024-05-24,XLK,105.9936
2024-05-31,XLK,103.516
2024-06-07,XLK,106.1956
2024-06-14,XLK,112.1407
2024-06-21,XLK,112.5052
2024-06-28,XLK,111.6269
2024-07-05,XLK,114.9082
2024-07-12,XLK,115.3622
2024-07-19,XLK,108.9822
2024-07-26,XLK,106.7174
2024-08-02,XLK,101.0134
2024-08-09,XLK,101.4624
2024-08-16,XLK,109.2437
2024-08-23,XLK,110.5069
2024-08-30,XLK,108.7157
2024-09-06,XLK,100.6187
2024-09-13,XLK,108.77
2024-09-20,XLK,109.8013
2024-09-27,XLK,111.2689
2024-10-04,XLK,111.3628
2024-10-11,XLK,114.0914
2024-10-18,XLK,114.1408
2024-10-25,XLK,113.8343
2024-11-01,XLK,110.6806
2024-11-08,XLK,117.2303
2024-11-15,XLK,113.0533
2024-11-22,XLK,115.4705
2024-11-29,XLK,115.5348
2024-12-06,XLK,119.0493
2024-12-13,XLK,118.1645
2024-12-20,XLK,116.6371
2024-12-27,XLK,117.5857
2025-01-03,XLK,116.7242
2025-01-10,XLK,113.2732
2025-01-17,XLK,115.9122
2025-01-24,XLK,118.4819
2025-01-31,XLK,114.2783
2025-02-07,XLK,115.2735
2025-02-14,XLK,118.8136
2025-02-21,XLK,116.2885
2025-02-28,XLK,111.6641
2025-03-07,XLK,108.2032
2025-03-14,XLK,105.9257
2025-03-21,XLK,105.9356
2025-03-28,XLK,102.362
2025-04-04,XLK,90.4533
2025-04-11,XLK,98.3792
2025-04-18,XLK,95.6562
2025-04-25,XLK,103.3986
2025-05-02,XLK,107.4359
2025-05-09,XLK,107.927
2025-05-16,XLK,116.5026
2025-05-23,XLK,112.495
2025-05-30,XLK,114.5286
2025-06-06,XLK,118.2237
2025-06-13,XLK,118.6254
2025-06-20,XLK,119.3049
2025-06-27,XLK,124.585
2025-07-04,XLK,127.6603
2025-07-11,XLK,127.1088
2025-07-18,XLK,129.6128
2025-07-25,XLK,130.1592
2025-08-01,XLK,127.7149
2025-08-08,XLK,132.1117
2025-08-15,XLK,132.0024
2025-08-22,XLK,130.3729
2025-08-29,XLK,130.3878
2025-09-05,XLK,130.5914
2025-09-12,XLK,134.5759
2025-09-19,XLK,138.5702
2025-09-26,XLK,138.7085
2025-10-03,XLK,141.6335
2025-10-10,XLK,138.4847
2025-10-17,XLK,141.7778
2025-10-24,XLK,146.0409
2025-10-31,XLK,149.5728
2025-11-07,XLK,143.3447
2025-11-14,XLK,143.3398
2025-11-21,XLK,135.9029
2025-11-28,XLK,142.3797
2025-12-05,XLK,145.8519
2025-12-12,XLK,142.9567
2025-12-19,XLK,143.8621
2025-12-26,XLK,146.0034
2026-01-02,XLK,143.7814
2026-01-09,XLK,145.6247
2026-01-16,XLK,145.0966
2026-01-23,XLK,144.5685
2026-01-30,XLK,143.3629
2026-02-06,XLK,140.6228
2026-02-13,XLK,139.0584
2026-02-20,XLK,140.3737
2026-02-27,XLK,138.2613
2026-03-06,XLK,136.7966
2026-03-13,XLK,136.3083
2026-03-20,XLK,134.8038
2026-03-27,XLK,129.614
2026-04-03,XLK,135.6697
2026-04-10,XLK,142.2841
2026-04-17,XLK,153.9865
2026-04-24,XLK,159.8427
2026-05-01,XLK,161.4888
2026-05-08,XLK,175.1066
2026-05-15,XLK,175.8449
2026-05-22,XLK,179.9651
2026-05-29,XLK,190.5701
2026-06-05,XLK,179.8754
2026-06-12,XLK,184.3648
2026-06-19,XLK,190.9891
2026-06-26,XLK,180.8989
2026-07-03,XLK,180.3795
2026-07-10,XLK,185.5634
2026-07-17,XLK,175.3853
2026-07-24,XLK,175.675
2026-07-31,XLK,175.1456
2026-08-07,XLK,187.7509
2026-08-14,XLK,189.7885
2026-08-21,XLK,183.0963
2026-08-28,XLK,185.4736
2026-09-04,XLK,187.0617
2026-09-11,XLK,187.4512
2026-09-18,XLK,189.379
2026-09-25,XLK,196.27
2021-10-01,XLP,60.4617
2021-10-08,XLP,61.364
2021-10-15,XLP,62.0297
2021-10-22,XLP,62.4502
2021-10-29,XLP,62.4151
2021-11-05,XLP,63.9481
2021-11-12,XLP,63.808
2021-11-19,XLP,63.1159
2021-11-26,XLP,63.0371
2021-12-03,XLP,62.6955
2021-12-10,XLP,64.9906
2021-12-17,XLP,65.8753
2021-12-24,XLP,66.3711
2021-12-31,XLP,68.0116
2022-01-07,XLP,68.285
2022-01-14,XLP,67.941
2022-01-21,XLP,66.9973
2022-01-28,XLP,66.7503
2022-02-04,XLP,66.9355
2022-02-11,XLP,66.3711
2022-02-18,XLP,67.059
2022-02-25,XLP,66.9532
2022-03-04,XLP,66.9179
2022-03-11,XLP,63.0106
2022-03-18,XLP,65.4361
2022-03-25,XLP,66.486
2022-04-01,XLP,67.9125
2022-04-08,XLP,69.7466
2022-04-15,XLP,69.8529
2022-04-22,XLP,70.2073
2022-04-29,XLP,68.7897
2022-05-06,XLP,67.9745
2022-05-13,XLP,68.1783
2022-05-20,XLP,62.6408
2022-05-27,XLP,66.4506
2022-06-03,XLP,65.4051
2022-06-10,XLP,63.7217
2022-06-17,XLP,60.9839
2022-06-24,XLP,65.0303
2022-07-01,XLP,65.3606
2022-07-08,XLP,65.075
2022-07-15,XLP,65.1107
2022-07-22,XLP,65.3428
2022-07-29,XLP,66.4943
2022-08-05,XLP,66.6282
2022-08-12,XLP,67.4048
2022-08-19,XLP,68.6545
2022-08-26,XLP,66.4586
2022-09-02,XLP,64.7715
2022-09-09,XLP,66.039
2022-09-16,XLP,63.6735
2022-09-23,XLP,62.3357
2022-09-30,XLP,59.9548
2022-10-07,XLP,59.7481
2022-10-14,XLP,60.6735
2022-10-21,XLP,61.9134
2022-10-28,XLP,65.7409
2022-11-04,XLP,64.5549
2022-11-11,XLP,66.0553
2022-11-18,XLP,67.0976
2022-11-25,XLP,68.5082
2022-12-02,XLP,69.3527
2022-12-09,XLP,68.1847
2022-12-16,XLP,67.2593
2022-12-23,XLP,68.0312
2022-12-30,XLP,67.4611
2023-01-06,XLP,68.5741
2023-01-13,XLP,67.633
2023-01-20,XLP,65.7146
2023-01-27,XLP,65.9318
2023-02-03,XLP,66.4204
2023-02-10,XLP,66.0313
2023-02-17,XLP,66.6738
2023-02-24,XLP,65.7961
2023-03-03,XLP,65.6422
2023-03-10,XLP,64.3482
2023-03-17,XLP,65.2531
2023-03-24,XLP,66.3488
2023-03-31,XLP,67.9309
2023-04-07,XLP,68.5219
2023-04-14,XLP,68.3582
2023-04-21,XLP,69.6221
2023-04-28,XLP,70.4132
2023-05-05,XLP,70.1768
2023-05-12,XLP,70.1222
2023-05-19,XLP,69.0311
2023-05-26,XLP,66.767
2023-06-02,XLP,66.9307
2023-06-09,XLP,66.4761
2023-06-16,XLP,67.8945
2023-06-23,XLP,67.5612
2023-06-30,XLP,67.9183
2023-07-07,XLP,67.2682
2023-07-14,XLP,68.0191
2023-07-21,XLP,69.2552
2023-07-28,XLP,69.6856
2023-08-04,XLP,68.3579
2023-08-11,XLP,68.4952
2023-08-18,XLP,66.8653
2023-08-25,XLP,66.3158
2023-09-01,XLP,66.0594
2023-09-08,XLP,65.6565
2023-09-15,XLP,65.977
2023-09-22,XLP,64.6633
2023-09-29,XLP,63.4371
2023-10-06,XLP,61.4642
2023-10-13,XLP,61.5841
2023-10-20,XLP,62.0174
2023-10-27,XLP,61.3813
2023-11-03,XLP,63.3818
2023-11-10,XLP,63.5754
2023-11-17,XLP,64.064
2023-11-24,XLP,64.9122
2023-12-01,XLP,65.41
2023-12-08,XLP,64.6356
2023-12-15,XLP,65.6774
2023-12-22,XLP,66.1567
2023-12-29,XLP,66.9091
2024-01-05,XLP,66.8905
2024-01-12,XLP,67.6244
2024-01-19,XLP,66.9277
2024-01-26,XLP,67.4665
2024-02-02,XLP,68.897
2024-02-09,XLP,67.9123
2024-02-16,XLP,68.0703
2024-02-23,XLP,69.4636
2024-03-01,XLP,69.1664
2024-03-08,XLP,69.8166
2024-03-15,XLP,70.1603
2024-03-22,XLP,70.7797
2024-03-29,XLP,71.4535
2024-04-05,XLP,69.5539
2024-04-12,XLP,68.665
2024-04-19,XLP,69.6569
2024-04-26,XLP,70.733
2024-05-03,XLP,71.0043
2024-05-10,XLP,72.6325
2024-05-17,XLP,73.1846
2024-05-24,XLP,72.1459
2024-05-31,XLP,72.3705
2024-06-07,XLP,72.67
2024-06-14,XLP,72.0056
2024-06-21,XLP,72.6793
2024-06-28,XLP,72.2004
2024-07-05,XLP,72.9546
2024-07-12,XLP,73.0206
2024-07-19,XLP,73.624
2024-07-26,XLP,74.0011
2024-08-02,XLP,74.7271
2024-08-09,XLP,74.6234
2024-08-16,XLP,75.9056
2024-08-23,XLP,77.1595
2024-08-30,XLP,77.7912
2024-09-06,XLP,78.2438
2024-09-13,XLP,79.13
2024-09-20,XLP,78.3003
2024-09-27,XLP,78.688
2024-10-04,XLP,77.2189
2024-10-11,XLP,77.38
2024-10-18,XLP,77.9487
2024-10-25,XLP,76.8303
2024-11-01,XLP,75.9678
2024-11-08,XLP,76.6028
2024-11-15,XLP,75.7877
2024-11-22,XLP,77.5696
2024-11-29,XLP,78.8776
2024-12-06,XLP,78.0814
2024-12-13,XLP,77.7591
2024-12-20,XLP,75.7687
2024-12-27,XLP,75.7324
2025-01-03,XLP,74.8061
2025-01-10,XLP,72.9056
2025-01-17,XLP,73.7651
2025-01-24,XLP,74.3954
2025-01-31,XLP,75.4268
2025-02-07,XLP,75.7802
2025-02-14,XLP,76.9835
2025-02-21,XLP,78.4829
2025-02-28,XLP,79.3424
2025-03-07,XLP,79.1323
2025-03-14,XLP,75.933
2025-03-21,XLP,75.7611
2025-03-28,XLP,77.1993
2025-04-04,XLP,75.3271
2025-04-11,XLP,77.1417
2025-04-18,XLP,78.601
2025-04-25,XLP,77.6121
2025-05-02,XLP,78.3034
2025-05-09,XLP,77.6793
2025-05-16,XLP,78.793
2025-05-23,XLP,78.3417
2025-05-30,XLP,79.5226
2025-06-06,XLP,78.4282
2025-06-13,XLP,77.7273
2025-06-20,XLP,77.7849
2025-06-27,XLP,77.8642
2025-07-04,XLP,79.4398
2025-07-11,XLP,78.1155
2025-07-18,XLP,78.1928
2025-07-25,XLP,78.7825
2025-08-01,XLP,77.4872
2025-08-08,XLP,79.7298
2025-08-15,XLP,79.2852
2025-08-22,XLP,79.7201
2025-08-29,XLP,78.0865
2025-09-05,XLP,78.1735
2025-09-12,XLP,77.6418
2025-09-19,XLP,76.7332
2025-09-26,XLP,75.8777
2025-10-03,XLP,75.9458
2025-10-10,XLP,76.0139
2025-10-17,XLP,77.6004
2025-10-24,XLP,76.9775
2025-10-31,XLP,74.2425
2025-11-07,XLP,74.661
2025-11-14,XLP,75.1964
2025-11-21,XLP,75.8193
2025-11-28,XLP,77.25
2025-12-05,XLP,76.3643
2025-12-12,XLP,77.2987
2025-12-19,XLP,76.6758
2025-12-26,XLP,76.7513
2026-01-02,XLP,76.2215
2026-01-09,XLP,77.752
2026-01-16,XLP,80.558
2026-01-23,XLP,81.3428
2026-01-30,XLP,81.9315
2026-02-06,XLP,86.2778
2026-02-13,XLP,87.8181
2026-02-20,XLP,86.2287
2026-02-27,XLP,88.3086
2026-03-06,XLP,84.1586
2026-03-13,XLP,83.1382
2026-03-20,XLP,79.7535
2026-03-27,XLP,80.6858
2026-04-03,XLP,80.7943
2026-04-10,XLP,81.2679
2026-04-17,XLP,81.3567
2026-04-24,XLP,82.1164
2026-05-01,XLP,83.0438
2026-05-08,XLP,83.0537
2026-05-15,XLP,83.5076
2026-05-22,XLP,83.6654
2026-05-29,XLP,81.8007
2026-06-05,XLP,82.3236
2026-06-12,XLP,84.6718
2026-06-19,XLP,82.1855
2026-06-26,XLP,84.1565
2026-07-03,XLP,84.4347
2026-07-10,XLP,83.5704
2026-07-17,XLP,84.6334
2026-07-24,XLP,83.5803
2026-07-31,XLP,84.4943
2026-08-07,XLP,84.5638
2026-08-14,XLP,85.5275
2026-08-21,XLP,85.4282
2026-08-28,XLP,84.8917
2026-09-04,XLP,84.0274
2026-09-11,XLP,82.8352
2026-09-18,XLP,82.259
2026-09-25,XLP,82.06
2021-10-01,XLRE,37.9047
2021-10-08,XLRE,37.6432
2021-10-15,XLRE,38.9761
2021-10-22,XLRE,40.2331
2021-10-29,XLRE,40.3428
2021-11-05,XLRE,40.6803
2021-11-12,XLRE,40.655
2021-11-19,XLRE,40.6718
2021-11-26,XLRE,40.3259
2021-12-03,XLRE,40.3344
2021-12-10,XLRE,41.4986
2021-12-17,XLRE,42.2241
2021-12-24,XLRE,42.4751
2021-12-31,XLRE,44.0833
2022-01-07,XLRE,41.9221
2022-01-14,XLRE,41.0882
2022-01-21,XLRE,39.897
2022-01-28,XLRE,39.8375
2022-02-04,XLRE,39.7268
2022-02-11,XLRE,38.6462
2022-02-18,XLRE,38.0166
2022-02-25,XLRE,39.0206
2022-03-04,XLRE,39.7098
2022-03-11,XLRE,39.0291
2022-03-18,XLRE,40.1863
2022-03-25,XLRE,40.3309
2022-04-01,XLRE,42.1708
2022-04-08,XLRE,42.5045
2022-04-15,XLRE,41.7258
2022-04-22,XLRE,42.2478
2022-04-29,XLRE,39.8774
2022-05-06,XLRE,38.3627
2022-05-13,XLRE,36.8737
2022-05-20,XLRE,36.2405
2022-05-27,XLRE,38.3542
2022-06-03,XLRE,37.5156
2022-06-10,XLRE,35.2307
2022-06-17,XLRE,33.4422
2022-06-24,XLRE,36.0663
2022-07-01,XLRE,35.8766
2022-07-08,XLRE,35.566
2022-07-15,XLRE,35.3676
2022-07-22,XLRE,36.4545
2022-07-29,XLRE,38.2488
2022-08-05,XLRE,37.714
2022-08-12,XLRE,39.2839
2022-08-19,XLRE,38.5421
2022-08-26,XLRE,37.0756
2022-09-02,XLRE,35.6092
2022-09-09,XLRE,37.1274
2022-09-16,XLRE,34.8069
2022-09-23,XLRE,32.6081
2022-09-30,XLRE,31.3459
2022-10-07,XLRE,30.0576
2022-10-14,XLRE,29.396
2022-10-21,XLRE,30.1795
2022-10-28,XLRE,32.051
2022-11-04,XLRE,31.5026
2022-11-11,XLRE,33.7223
2022-11-18,XLRE,33.1217
2022-11-25,XLRE,33.7745
2022-12-02,XLRE,33.9225
2022-12-09,XLRE,33.3393
2022-12-16,XLRE,32.6429
2022-12-23,XLRE,32.6438
2022-12-30,XLRE,32.5117
2023-01-06,XLRE,33.3481
2023-01-13,XLRE,34.8271
2023-01-20,XLRE,34.5278
2023-01-27,XLRE,35.5226
2023-02-03,XLRE,36.0596
2023-02-10,XLRE,35.3201
2023-02-17,XLRE,34.8711
2023-02-24,XLRE,33.5682
2023-03-03,XLRE,34.114
2023-03-10,XLRE,31.781
2023-03-17,XLRE,31.8955
2023-03-24,XLRE,31.4841
2023-03-31,XLRE,33.1421
2023-04-07,XLRE,32.8938
2023-04-14,XLRE,32.4505
2023-04-21,XLRE,32.9648
2023-04-28,XLRE,33.4701
2023-05-05,XLRE,33.1953
2023-05-12,XLRE,32.885
2023-05-19,XLRE,32.1047
2023-05-26,XLRE,31.6525
2023-06-02,XLRE,32.6367
2023-06-09,XLRE,32.9116
2023-06-16,XLRE,33.4169
2023-06-23,XLRE,32.1002
2023-06-30,XLRE,33.7383
2023-07-07,XLRE,33.8278
2023-07-14,XLRE,34.723
2023-07-21,XLRE,34.5529
2023-07-28,XLRE,33.9173
2023-08-04,XLRE,33.1833
2023-08-11,XLRE,33.4697
2023-08-18,XLRE,32.3956
2023-08-25,XLRE,32.6283
2023-09-01,XLRE,33.1206
2023-09-08,XLRE,32.7805
2023-09-15,XLRE,32.9327
2023-09-22,XLRE,31.1921
2023-09-29,XLRE,30.741
2023-10-06,XLRE,30.2808
2023-10-13,XLRE,30.9846
2023-10-20,XLRE,29.55
2023-10-27,XLRE,29.189
2023-11-03,XLRE,31.6794
2023-11-10,XLRE,31.0297
2023-11-17,XLRE,32.4553
2023-11-24,XLRE,32.7711
2023-12-01,XLRE,34.296
2023-12-08,XLRE,34.1968
2023-12-15,XLRE,36.0916
2023-12-22,XLRE,36.2293
2023-12-29,XLRE,36.5302
2024-01-05,XLRE,35.828
2024-01-12,XLRE,36.056
2024-01-19,XLRE,35.29
2024-01-26,XLRE,35.0985
2024-02-02,XLRE,34.9344
2024-02-09,XLRE,35.0256
2024-02-16,XLRE,34.9709
2024-02-23,XLRE,35.3083
2024-03-01,XLRE,36.056
2024-03-08,XLRE,36.6305
2024-03-15,XLRE,35.6001
2024-03-22,XLRE,35.4568
2024-03-29,XLRE,36.2923
2024-04-05,XLRE,35.2365
2024-04-12,XLRE,34.1899
2024-04-19,XLRE,32.9413
2024-04-26,XLRE,33.4737
2024-05-03,XLRE,33.9879
2024-05-10,XLRE,34.7132
2024-05-17,XLRE,35.5854
2024-05-24,XLRE,34.2909
2024-05-31,XLRE,34.9335
2024-06-07,XLRE,34.8601
2024-06-14,XLRE,35.3742
2024-06-21,XLRE,35.3283
2024-06-28,XLRE,35.6223
2024-07-05,XLRE,35.5203
2024-07-12,XLRE,37.0876
2024-07-19,XLRE,37.5699
2024-07-26,XLRE,37.7739
2024-08-02,XLRE,38.8219
2024-08-09,XLRE,38.7755
2024-08-16,XLRE,38.8219
2024-08-23,XLRE,40.2223
2024-08-30,XLRE,40.3892
2024-09-06,XLRE,40.4634
2024-09-13,XLRE,41.9288
2024-09-20,XLRE,41.4372
2024-09-27,XLRE,41.3635
2024-10-04,XLRE,40.6443
2024-10-11,XLRE,40.5603
2024-10-18,XLRE,41.7837
2024-10-25,XLRE,41.158
2024-11-01,XLRE,39.9159
2024-11-08,XLRE,41.0086
2024-11-15,XLRE,40.14
2024-11-22,XLRE,41.1767
2024-11-29,XLRE,42.0265
2024-12-06,XLRE,40.8778
2024-12-13,XLRE,39.9999
2024-12-20,XLRE,38.0947
2024-12-27,XLRE,38.2684
2025-01-03,XLRE,38.5516
2025-01-10,XLRE,36.9846
2025-01-17,XLRE,38.7782
2025-01-24,XLRE,39.2218
2025-01-31,XLRE,39.0991
2025-02-07,XLRE,39.6183
2025-02-14,XLRE,39.7032
2025-02-21,XLRE,39.8637
2025-02-28,XLRE,40.7322
2025-03-07,XLRE,40.0903
2025-03-14,XLRE,39.1274
2025-03-21,XLRE,39.1841
2025-03-28,XLRE,39.3399
2025-04-04,XLRE,37.0123
2025-04-11,XLRE,36.9743
2025-04-18,XLRE,38.4279
2025-04-25,XLRE,38.5039
2025-05-02,XLRE,39.8339
2025-05-09,XLRE,39.5299
2025-05-16,XLRE,39.9099
2025-05-23,XLRE,38.6084
2025-05-30,XLRE,39.6439
2025-06-06,XLRE,39.7864
2025-06-13,XLRE,39.7959
2025-06-20,XLRE,39.7389
2025-06-27,XLRE,39.4177
2025-07-04,XLRE,40.0696
2025-07-11,XLRE,39.8491
2025-07-18,XLRE,40.1079
2025-07-25,XLRE,41.0186
2025-08-01,XLRE,39.5807
2025-08-08,XLRE,39.5424
2025-08-15,XLRE,39.619
2025-08-22,XLRE,40.5872
2025-08-29,XLRE,40.5585
2025-09-05,XLRE,40.4339
2025-09-12,XLRE,40.5968
2025-09-19,XLRE,40.1175
2025-09-26,XLRE,40.4527
2025-10-03,XLRE,40.6459
2025-10-10,XLRE,39.2936
2025-10-17,XLRE,40.6072
2025-10-24,XLRE,41.1964
2025-10-31,XLRE,39.5061
2025-11-07,XLRE,39.8635
2025-11-14,XLRE,39.5544
2025-11-21,XLRE,39.5061
2025-11-28,XLRE,40.2498
2025-12-05,XLRE,39.593
2025-12-12,XLRE,39.3612
2025-12-19,XLRE,38.9555
2025-12-26,XLRE,39.5668
2026-01-02,XLRE,39.4301
2026-01-09,XLRE,39.5473
2026-01-16,XLRE,41.217
2026-01-23,XLRE,40.2796
2026-01-30,XLRE,40.4554
2026-02-06,XLRE,41.0022
2026-02-13,XLRE,42.4767
2026-02-20,XLRE,42.5353
2026-02-27,XLRE,42.8087
2026-03-06,XLRE,41.881
2026-03-13,XLRE,41.2561
2026-03-20,XLRE,39.6351
2026-03-27,XLRE,39.3314
2026-04-03,XLRE,40.9042
2026-04-10,XLRE,42.0937
2026-04-17,XLRE,43.7256
2026-04-24,XLRE,43.0866
2026-05-01,XLRE,43.5683
2026-05-08,XLRE,43.6567
2026-05-15,XLRE,42.4968
2026-05-22,XLRE,43.8042
2026-05-29,XLRE,43.2439
2026-06-05,XLRE,43.9418
2026-06-12,XLRE,44.5906
2026-06-19,XLRE,43.1161
2026-06-26,XLRE,44.8624
2026-07-03,XLRE,44.3071
2026-07-10,XLRE,44.079
2026-07-17,XLRE,45.0409
2026-07-24,XLRE,45.5665
2026-07-31,XLRE,44.6938
2026-08-07,XLRE,44.6045
2026-08-14,XLRE,44.8921
2026-08-21,XLRE,44.7037
2026-08-28,XLRE,44.1087
2026-09-04,XLRE,43.5633
2026-09-11,XLRE,43.0576
2026-09-18,XLRE,42.175
2026-09-25,XLRE,41.56
2021-10-01,XLU,27.4843
2021-10-08,XLU,27.8672
2021-10-15,XLU,28.2587
2021-10-22,XLU,28.9342
2021-10-29,XLU,28.7879
2021-11-05,XLU,28.9213
2021-11-12,XLU,28.676
2021-11-19,XLU,28.9557
2021-11-26,XLU,28.7234
2021-12-03,XLU,28.9987
2021-12-10,XLU,29.7517
2021-12-17,XLU,30.1217
2021-12-24,XLU,30.2327
2021-12-31,XLU,31.0392
2022-01-07,XLU,30.5319
2022-01-14,XLU,30.0939
2022-01-21,XLU,29.8511
2022-01-28,XLU,29.4695
2022-02-04,XLU,29.695
2022-02-11,XLU,29.0662
2022-02-18,XLU,28.715
2022-02-25,XLU,29.3047
2022-03-04,XLU,30.74
2022-03-11,XLU,30.5406
2022-03-18,XLU,30.7053
2022-03-25,XLU,31.7705
2022-04-01,XLU,32.9578
2022-04-08,XLU,33.5952
2022-04-15,XLU,33.2154
2022-04-22,XLU,32.4122
2022-04-29,XLU,31.107
2022-05-06,XLU,31.5216
2022-05-13,XLU,31.1812
2022-05-20,XLU,31.3165
2022-05-27,XLU,32.9011
2022-06-03,XLU,32.4558
2022-06-10,XLU,31.1419
2022-06-17,XLU,28.3175
2022-06-24,XLU,30.3658
2022-07-01,XLU,31.6155
2022-07-08,XLU,30.7222
2022-07-15,XLU,30.6959
2022-07-22,XLU,30.5507
2022-07-29,XLU,32.5395
2022-08-05,XLU,32.6628
2022-08-12,XLU,33.7584
2022-08-19,XLU,34.1896
2022-08-26,XLU,33.314
2022-09-02,XLU,32.8256
2022-09-09,XLU,34.0488
2022-09-16,XLU,32.7684
2022-09-23,XLU,31.7898
2022-09-30,XLU,29.021
2022-10-07,XLU,28.2458
2022-10-14,XLU,27.5325
2022-10-21,XLU,28.0464
2022-10-28,XLU,29.8627
2022-11-04,XLU,29.7209
2022-11-11,XLU,30.1595
2022-11-18,XLU,30.5006
2022-11-25,XLU,31.4265
2022-12-02,XLU,31.4664
2022-12-09,XLU,31.3778
2022-12-16,XLU,31.2227
2022-12-23,XLU,31.6702
2022-12-30,XLU,31.4871
2023-01-06,XLU,31.7104
2023-01-13,XLU,31.8578
2023-01-20,XLU,30.9199
2023-01-27,XLU,30.7681
2023-02-03,XLU,30.3304
2023-02-10,XLU,30.241
2023-02-17,XLU,30.5849
2023-02-24,XLU,29.7497
2023-03-03,XLU,29.589
2023-03-10,XLU,28.7716
2023-03-17,XLU,29.9105
2023-03-24,XLU,29.5551
2023-03-31,XLU,30.4549
2023-04-07,XLU,31.4088
2023-04-14,XLU,30.9948
2023-04-21,XLU,31.3233
2023-04-28,XLU,31.0353
2023-05-05,XLU,31.0578
2023-05-12,XLU,31.0578
2023-05-19,XLU,29.7441
2023-05-26,XLU,29.0602
2023-06-02,XLU,29.2986
2023-06-09,XLU,29.87
2023-06-16,XLU,30.2795
2023-06-23,XLU,29.4935
2023-06-30,XLU,29.6794
2023-07-07,XLU,29.6568
2023-07-14,XLU,30.3189
2023-07-21,XLU,31.0491
2023-07-28,XLU,30.4051
2023-08-04,XLU,29.0218
2023-08-11,XLU,29.2849
2023-08-18,XLU,28.795
2023-08-25,XLU,28.8585
2023-09-01,XLU,28.4095
2023-09-08,XLU,28.6544
2023-09-15,XLU,29.4527
2023-09-22,XLU,28.9369
2023-09-29,XLU,26.9435
2023-10-06,XLU,26.1754
2023-10-13,XLU,27.1127
2023-10-20,XLU,26.532
2023-10-27,XLU,26.852
2023-11-03,XLU,28.2831
2023-11-10,XLU,27.579
2023-11-17,XLU,28.4797
2023-11-24,XLU,28.6626
2023-12-01,XLU,29.0467
2023-12-08,XLU,28.9918
2023-12-15,XLU,29.2478
2023-12-22,XLU,28.9003
2023-12-29,XLU,29.228
2024-01-05,XLU,29.7818
2024-01-12,XLU,29.2234
2024-01-19,XLU,28.1434
2024-01-26,XLU,28.2496
2024-02-02,XLU,28.3788
2024-02-09,XLU,27.8157
2024-02-16,XLU,28.2588
2024-02-23,XLU,28.5957
2024-03-01,XLU,28.4849
2024-03-08,XLU,29.4218
2024-03-15,XLU,29.288
2024-03-22,XLU,29.7161
2024-03-29,XLU,30.549
2024-04-05,XLU,30.321
2024-04-12,XLU,29.8743
2024-04-19,XLU,30.4467
2024-04-26,XLU,30.8003
2024-05-03,XLU,31.8334
2024-05-10,XLU,33.1642
2024-05-17,XLU,33.6621
2024-05-24,XLU,33.2712
2024-05-31,XLU,33.8389
2024-06-07,XLU,32.5453
2024-06-14,XLU,32.5453
2024-06-21,XLU,32.2894
2024-06-28,XLU,31.9634
2024-07-05,XLU,32.1557
2024-07-12,XLU,33.4269
2024-07-19,XLU,32.8968
2024-07-26,XLU,33.3847
2024-08-02,XLU,34.8154
2024-08-09,XLU,34.5293
2024-08-16,XLU,34.9186
2024-08-23,XLU,35.3783
2024-08-30,XLU,35.7864
2024-09-06,XLU,35.6081
2024-09-13,XLU,36.8418
2024-09-20,XLU,37.5642
2024-09-27,XLU,37.9793
2024-10-04,XLU,38.3997
2024-10-11,XLU,37.4268
2024-10-18,XLU,38.7019
2024-10-25,XLU,37.9604
2024-11-01,XLU,36.8979
2024-11-08,XLU,37.3937
2024-11-15,XLU,37.4268
2024-11-22,XLU,38.4658
2024-11-29,XLU,39.1647
2024-12-06,XLU,37.6346
2024-12-13,XLU,36.6665
2024-12-20,XLU,36.095
2024-12-27,XLU,36.2274
2025-01-03,XLU,36.7036
2025-01-10,XLU,35.9893
2025-01-17,XLU,37.5416
2025-01-24,XLU,37.8512
2025-01-31,XLU,37.0845
2025-02-07,XLU,37.2083
2025-02-14,XLU,37.6654
2025-02-21,XLU,38.2226
2025-02-28,XLU,37.7226
2025-03-07,XLU,36.8036
2025-03-14,XLU,37.5559
2025-03-21,XLU,37.4988
2025-03-28,XLU,37.3957
2025-04-04,XLU,35.7412
2025-04-11,XLU,36.5996
2025-04-18,XLU,37.295
2025-04-25,XLU,37.506
2025-05-02,XLU,38.2445
2025-05-09,XLU,38.4795
2025-05-16,XLU,39.4098
2025-05-23,XLU,38.8727
2025-05-30,XLU,39.2851
2025-06-06,XLU,38.9351
2025-06-13,XLU,39.0453
2025-06-20,XLU,38.7384
2025-06-27,XLU,39.273
2025-07-04,XLU,39.5193
2025-07-11,XLU,39.8138
2025-07-18,XLU,40.4416
2025-07-25,XLU,40.8134
2025-08-01,XLU,41.4315
2025-08-08,XLU,41.615
2025-08-15,XLU,41.3446
2025-08-22,XLU,41.5474
2025-08-29,XLU,40.7168
2025-09-05,XLU,40.3064
2025-09-12,XLU,41.2866
2025-09-19,XLU,41.021
2025-09-26,XLU,42.2014
2025-10-03,XLU,43.2222
2025-10-10,XLU,43.8494
2025-10-17,XLU,44.5154
2025-10-24,XLU,44.4279
2025-10-31,XLU,43.3146
2025-11-07,XLU,43.6014
2025-11-14,XLU,43.1493
2025-11-21,XLU,42.8528
2025-11-28,XLU,44.0584
2025-12-05,XLU,42.0993
2025-12-12,XLU,41.6423
2025-12-19,XLU,41.4479
2025-12-26,XLU,41.9053
2026-01-02,XLU,42.2971
2026-01-09,XLU,41.6408
2026-01-16,XLU,42.5028
2026-01-23,XLU,41.6898
2026-01-30,XLU,42.3657
2026-02-06,XLU,42.4636
2026-02-13,XLU,45.5492
2026-02-20,XLU,45.3827
2026-02-27,XLU,46.7541
2026-03-06,XLU,45.7843
2026-03-13,XLU,45.9998
2026-03-20,XLU,43.7371
2026-03-27,XLU,44.9701
2026-04-03,XLU,45.7099
2026-04-10,XLU,46.3214
2026-04-17,XLU,45.5323
2026-04-24,XLU,45.5521
2026-05-01,XLU,45.917
2026-05-08,XLU,44.1119
2026-05-15,XLU,43.2735
2026-05-22,XLU,44.7333
2026-05-29,XLU,43.816
2026-06-05,XLU,43.7469
2026-06-12,XLU,43.9245
2026-06-19,XLU,44.1514
2026-06-26,XLU,45.8628
2026-07-03,XLU,45.426
2026-07-10,XLU,45.0785
2026-07-17,XLU,44.8403
2026-07-24,XLU,45.9521
2026-07-31,XLU,44.0263
2026-08-07,XLU,43.2917
2026-08-14,XLU,43.9866
2026-08-21,XLU,42.4578
2026-08-28,XLU,42.4181
2026-09-04,XLU,42.7655
2026-09-11,XLU,42.0806
2026-09-18,XLU,40.8
2026-09-25,XLU,39.51
2021-10-01,XLV,117.3844
2021-10-08,XLV,117.0249
2021-10-15,XLV,117.9744
2021-10-22,XLV,121.3855
2021-10-29,XLV,123.3676
2021-11-05,XLV,122.4825
2021-11-12,XLV,123.3583
2021-11-19,XLV,122.5839
2021-11-26,XLV,121.662
2021-12-03,XLV,120.187
2021-12-10,XLV,124.0682
2021-12-17,XLV,127.1473
2021-12-24,XLV,128.913
2021-12-31,XLV,130.3844
2022-01-07,XLV,124.3321
2022-01-14,XLV,124.073
2022-01-21,XLV,119.816
2022-01-28,XLV,120.7507
2022-02-04,XLV,122.4349
2022-02-11,XLV,120.5378
2022-02-18,XLV,118.0021
2022-02-25,XLV,121.1856
2022-03-04,XLV,122.6386
2022-03-11,XLV,119.3255
2022-03-18,XLV,126.7752
2022-03-25,XLV,126.5023
2022-04-01,XLV,128.1733
2022-04-08,XLV,132.5921
2022-04-15,XLV,128.7024
2022-04-22,XLV,124.0887
2022-04-29,XLV,120.951
2022-05-06,XLV,120.4775
2022-05-13,XLV,119.3821
2022-05-20,XLV,120.4775
2022-05-27,XLV,124.4136
2022-06-03,XLV,120.5147
2022-06-10,XLV,116.495
2022-06-17,XLV,111.2964
2022-06-24,XLV,120.4454
2022-07-01,XLV,120.8929
2022-07-08,XLV,121.8811
2022-07-15,XLV,121.3776
2022-07-22,XLV,121.0327
2022-07-29,XLV,123.4286
2022-08-05,XLV,122.5429
2022-08-12,XLV,124.5659
2022-08-19,XLV,123.9133
2022-08-26,XLV,118.6649
2022-09-02,XLV,116.5207
2022-09-09,XLV,121.6573
2022-09-16,XLV,118.814
2022-09-23,XLV,114.8699
2022-09-30,XLV,113.3536
2022-10-07,XLV,114.7669
2022-10-14,XLV,115.965
2022-10-21,XLV,118.4359
2022-10-28,XLV,124.3511
2022-11-04,XLV,122.4324
2022-11-11,XLV,124.6038
2022-11-18,XLV,125.9516
2022-11-25,XLV,128.3664
2022-12-02,XLV,130.828
2022-12-09,XLV,129.1432
2022-12-16,XLV,126.8501
2022-12-23,XLV,127.9084
2022-12-30,XLV,127.6734
2023-01-06,XLV,127.5042
2023-01-13,XLV,127.2975
2023-01-20,XLV,125.8502
2023-01-27,XLV,124.8634
2023-02-03,XLV,124.7036
2023-02-10,XLV,124.5156
2023-02-17,XLV,124.0457
2023-02-24,XLV,120.7752
2023-03-03,XLV,121.3954
2023-03-10,XLV,116.6776
2023-03-17,XLV,118.2847
2023-03-24,XLV,120.1047
2023-03-31,XLV,122.1426
2023-04-07,XLV,125.9731
2023-04-14,XLV,126.9638
2023-04-21,XLV,126.709
2023-04-28,XLV,125.9825
2023-05-05,XLV,126.0391
2023-05-12,XLV,124.7182
2023-05-19,XLV,123.888
2023-05-26,XLV,120.3216
2023-06-02,XLV,122.9539
2023-06-09,XLV,123.0483
2023-06-16,XLV,124.7371
2023-06-23,XLV,125.0516
2023-06-30,XLV,125.7432
2023-07-07,XLV,122.2095
2023-07-14,XLV,124.7674
2023-07-21,XLV,129.0685
2023-07-28,XLV,128.0737
2023-08-04,XLV,125.4306
2023-08-11,XLV,128.5285
2023-08-18,XLV,126.5011
2023-08-25,XLV,126.3874
2023-09-01,XLV,126.539
2023-09-08,XLV,125.1085
2023-09-15,XLV,125.2316
2023-09-22,XLV,123.8048
2023-09-29,XLV,122.4635
2023-10-06,XLV,123.6716
2023-10-13,XLV,123.8428
2023-10-20,XLV,121.8167
2023-10-27,XLV,117.1365
2023-11-03,XLV,121.1984
2023-11-10,XLV,120.1139
2023-11-17,XLV,121.9974
2023-11-24,XLV,124.737
2023-12-01,XLV,125.4029
2023-12-08,XLV,125.6312
2023-12-15,XLV,127.6193
2023-12-22,XLV,129.0124
2023-12-29,XLV,130.3119
2024-01-05,XLV,132.93
2024-01-12,XLV,134.2677
2024-01-19,XLV,133.2548
2024-01-26,XLV,133.0733
2024-02-02,XLV,135.6723
2024-02-09,XLV,137.6024
2024-02-16,XLV,139.1408
2024-02-23,XLV,141.2811
2024-03-01,XLV,139.8287
2024-03-08,XLV,139.9147
2024-03-15,XLV,138.8923
2024-03-22,XLV,139.4706
2024-03-29,XLV,141.6666
2024-04-05,XLV,137.3417
2024-04-12,XLV,133.2086
2024-04-19,XLV,133.2469
2024-04-26,XLV,134.2155
2024-05-03,XLV,135.0498
2024-05-10,XLV,137.6965
2024-05-17,XLV,140.3049
2024-05-24,XLV,138.4924
2024-05-31,XLV,137.802
2024-06-07,XLV,140.4199
2024-06-14,XLV,139.8925
2024-06-21,XLV,140.7843
2024-06-28,XLV,140.3155
2024-07-05,XLV,139.0255
2024-07-12,XLV,142.7416
2024-07-19,XLV,142.3565
2024-07-26,XLV,144.3686
2024-08-02,XLV,145.235
2024-08-09,XLV,144.3878
2024-08-16,XLV,147.17
2024-08-23,XLV,149.6538
2024-08-30,XLV,151.3386
2024-09-06,XLV,148.2098
2024-09-13,XLV,150.3374
2024-09-20,XLV,149.4902
2024-09-27,XLV,147.8639
2024-10-04,XLV,146.5304
2024-10-11,XLV,148.7046
2024-10-18,XLV,147.9702
2024-10-25,XLV,143.5832
2024-11-01,XLV,142.7618
2024-11-08,XLV,145.1196
2024-11-15,XLV,137.0606
2024-11-22,XLV,139.3024
2024-11-29,XLV,142.4429
2024-12-06,XLV,139.4184
2024-12-13,XLV,136.2393
2024-12-20,XLV,133.35
2024-12-27,XLV,134.8759
2025-01-03,XLV,134.8856
2025-01-10,XLV,135.5457
2025-01-17,XLV,136.0698
2025-01-24,XLV,140.0787
2025-01-31,XLV,142.5637
2025-02-07,XLV,142.1366
2025-02-14,XLV,140.5544
2025-02-21,XLV,142.1366
2025-02-28,XLV,144.5633
2025-03-07,XLV,144.903
2025-03-14,XLV,140.6806
2025-03-21,XLV,142.3016
2025-03-28,XLV,140.8253
2025-04-04,XLV,131.8215
2025-04-11,XLV,133.3709
2025-04-18,XLV,132.0262
2025-04-25,XLV,134.5207
2025-05-02,XLV,134.9885
2025-05-09,XLV,129.288
2025-05-16,XLV,129.6875
2025-05-23,XLV,127.0078
2025-05-30,XLV,129.2491
2025-06-06,XLV,130.9445
2025-06-13,XLV,132.6498
2025-06-20,XLV,129.2101
2025-06-27,XLV,131.1291
2025-07-04,XLV,132.6662
2025-07-11,XLV,132.3627
2025-07-18,XLV,129.0828
2025-07-25,XLV,133.6257
2025-08-01,XLV,128.3876
2025-08-08,XLV,127.4379
2025-08-15,XLV,133.3614
2025-08-22,XLV,135.2804
2025-08-29,XLV,134.5559
2025-09-05,XLV,135.0161
2025-09-12,XLV,135.2217
2025-09-19,XLV,134.4188
2025-09-26,XLV,133.273
2025-10-03,XLV,142.4398
2025-10-10,XLV,139.7743
2025-10-17,XLV,140.9153
2025-10-24,XLV,143.6299
2025-10-31,XLV,141.8792
2025-11-07,XLV,143.7381
2025-11-14,XLV,149.3346
2025-11-21,XLV,152.0689
2025-11-28,XLV,155.0589
2025-12-05,XLV,150.7411
2025-12-12,XLV,151.5279
2025-12-19,XLV,152.3934
2025-12-26,XLV,154.1388
2026-01-02,XLV,153.6054
2026-01-09,XLV,155.3834
2026-01-16,XLV,153.8326
2026-01-23,XLV,155.5513
2026-01-30,XLV,152.8449
2026-02-06,XLV,155.7785
2026-02-13,XLV,155.739
2026-02-20,XLV,154.8994
2026-02-27,XLV,158.238
2026-03-06,XLV,150.8298
2026-03-13,XLV,147.9555
2026-03-20,XLV,143.5501
2026-03-27,XLV,142.0872
2026-04-03,XLV,145.6081
2026-04-10,XLV,146.104
2026-04-17,XLV,147.5818
2026-04-24,XLV,142.9996
2026-05-01,XLV,143.9716
2026-05-08,XLV,142.3153
2026-05-15,XLV,143.9121
2026-05-22,XLV,148.6629
2026-05-29,XLV,148.2463
2026-06-05,XLV,151.7574
2026-06-12,XLV,152.5508
2026-06-19,XLV,148.1769
2026-06-26,XLV,159.7287
2026-07-03,XLV,163.1157
2026-07-10,XLV,160.2268
2026-07-17,XLV,160.4758
2026-07-24,XLV,161.9502
2026-07-31,XLV,161.9303
2026-08-07,XLV,165.0483
2026-08-14,XLV,166.7319
2026-08-21,XLV,173.9543
2026-08-28,XLV,170.5074
2026-09-04,XLV,170.7963
2026-09-11,XLV,164.7296
2026-09-18,XLV,167.748
2026-09-25,XLV,170.7
2021-10-01,XLY,86.692
2021-10-08,XLY,87.5695
2021-10-15,XLY,90.6287
2021-10-22,XLY,92.422
2021-10-29,XLY,96.4497
2021-11-05,XLY,101.2974
2021-11-12,XLY,97.7155
2021-11-19,XLY,101.3741
2021-11-26,XLY,97.8498
2021-12-03,XLY,95.7305
2021-12-10,XLY,98.2909
2021-12-17,XLY,93.6399
2021-12-24,XLY,97.5738
2021-12-31,XLY,98.174
2022-01-07,XLY,95.7922
2022-01-14,XLY,94.3708
2022-01-21,XLY,86.6394
2022-01-28,XLY,85.5253
2022-02-04,XLY,88.5506
2022-02-11,XLY,86.6682
2022-02-18,XLY,86.4377
2022-02-25,XLY,84.6081
2022-03-04,XLY,82.404
2022-03-11,XLY,80.0605
2022-03-18,XLY,87.3405
2022-03-25,XLY,88.1865
2022-04-01,XLY,89.0858
2022-04-08,XLY,86.3204
2022-04-15,XLY,85.801
2022-04-22,XLY,84.5601
2022-04-29,XLY,78.3367
2022-05-06,XLY,76.0618
2022-05-13,XLY,73.2579
2022-05-20,XLY,67.5298
2022-05-27,XLY,73.9504
2022-06-03,XLY,73.5849
2022-06-10,XLY,69.4824
2022-06-17,XLY,65.4569
2022-06-24,XLY,70.8579
2022-07-01,XLY,67.4931
2022-07-08,XLY,70.559
2022-07-15,XLY,69.8215
2022-07-22,XLY,74.5987
2022-07-29,XLY,78.4937
2022-08-05,XLY,79.2072
2022-08-12,XLY,81.9067
2022-08-19,XLY,80.7594
2022-08-26,XLY,76.9752
2022-09-02,XLY,74.9554
2022-09-09,XLY,79.2891
2022-09-16,XLY,76.1365
2022-09-23,XLY,70.7309
2022-09-30,XLY,68.8131
2022-10-07,XLY,67.9436
2022-10-14,XLY,65.3447
2022-10-21,XLY,68.789
2022-10-28,XLY,70.0256
2022-11-04,XLY,66.422
2022-11-11,XLY,70.0884
2022-11-18,XLY,68.1079
2022-11-25,XLY,68.9001
2022-12-02,XLY,70.5087
2022-12-09,XLY,67.3543
2022-12-16,XLY,64.6877
2022-12-23,XLY,62.6949
2022-12-30,XLY,62.5642
2023-01-06,XLY,63.9737
2023-01-13,XLY,67.6696
2023-01-20,XLY,67.3209
2023-01-27,XLY,71.6368
2023-02-03,XLY,73.3128
2023-02-10,XLY,71.7628
2023-02-17,XLY,72.935
2023-02-24,XLY,69.6847
2023-03-03,XLY,70.8715
2023-03-10,XLY,66.9431
2023-03-17,XLY,68.4641
2023-03-24,XLY,68.7896
2023-03-31,XLY,72.6571
2023-04-07,XLY,70.4172
2023-04-14,XLY,71.3744
2023-04-21,XLY,71.6028
2023-04-28,XLY,71.8409
2023-05-05,XLY,71.5153
2023-05-12,XLY,71.8263
2023-05-19,XLY,73.6337
2023-05-26,XLY,73.8378
2023-06-02,XLY,76.2817
2023-06-09,XLY,78.3224
2023-06-16,XLY,80.8392
2023-06-23,XLY,80.549
2023-06-30,XLY,82.6717
2023-07-07,XLY,82.4575
2023-07-14,XLY,85.1595
2023-07-21,XLY,83.2413
2023-07-28,XLY,84.1079
2023-08-04,XLY,83.5188
2023-08-11,XLY,82.6279
2023-08-18,XLY,79.1907
2023-08-25,XLY,80.1644
2023-09-01,XLY,82.6035
2023-09-08,XLY,82.1556
2023-09-15,XLY,83.6356
2023-09-22,XLY,78.4878
2023-09-29,XLY,78.5122
2023-10-06,XLY,78.3317
2023-10-13,XLY,77.5319
2023-10-20,XLY,73.9813
2023-10-27,XLY,72.9571
2023-11-03,XLY,78.1415
2023-11-10,XLY,78.717
2023-11-17,XLY,81.5165
2023-11-24,XLY,82.053
2023-12-01,XLY,83.443
2023-12-08,XLY,84.4672
2023-12-15,XLY,87.4032
2023-12-22,XLY,87.6915
2023-12-29,XLY,87.3641
2024-01-05,XLY,84.3398
2024-01-12,XLY,84.9945
2024-01-19,XLY,85.4489
2024-01-26,XLY,83.8805
2024-02-02,XLY,86.6361
2024-02-09,XLY,87.8967
2024-02-16,XLY,87.4667
2024-02-23,XLY,88.5758
2024-03-01,XLY,90.3983
2024-03-08,XLY,88.097
2024-03-15,XLY,86.9928
2024-03-22,XLY,89.469
2024-03-29,XLY,90.0419
2024-04-05,XLY,87.5691
2024-04-12,XLY,86.722
2024-04-19,XLY,83.1231
2024-04-26,XLY,86.1345
2024-05-03,XLY,87.1138
2024-05-10,XLY,87.2068
2024-05-17,XLY,87.5006
2024-05-24,XLY,85.9533
2024-05-31,XLY,86.1638
2024-06-07,XLY,86.9913
2024-06-14,XLY,87.3194
2024-06-21,XLY,89.4151
2024-06-28,XLY,89.5044
2024-07-05,XLY,92.8903
2024-07-12,XLY,93.9649
2024-07-19,XLY,92.1591
2024-07-26,XLY,89.6075
2024-08-02,XLY,86.4424
2024-08-09,XLY,85.5493
2024-08-16,XLY,89.8626
2024-08-23,XLY,92.1886
2024-08-30,XLY,91.8205
2024-09-06,XLY,89.5044
2024-09-13,XLY,94.4507
2024-09-20,XLY,96.5166
2024-09-27,XLY,98.7564
2024-10-04,XLY,97.4435
2024-10-11,XLY,96.6616
2024-10-18,XLY,98.1024
2024-10-25,XLY,98.7416
2024-11-01,XLY,98.3876
2024-11-08,XLY,105.7781
2024-11-15,XLY,104.952
2024-11-22,XLY,107.2434
2024-11-29,XLY,109.3086
2024-12-06,XLY,114.4716
2024-12-13,XLY,115.7943
2024-12-20,XLY,112.5588
2024-12-27,XLY,113.1811
2025-01-03,XLY,111.2794
2025-01-10,XLY,108.7866
2025-01-17,XLY,112.9249
2025-01-24,XLY,113.3141
2025-01-31,XLY,114.3782
2025-02-07,XLY,111.1316
2025-02-14,XLY,111.8312
2025-02-21,XLY,107.5895
2025-02-28,XLY,106.3924
2025-03-07,XLY,101.323
2025-03-14,XLY,96.9039
2025-03-21,XLY,97.2734
2025-03-28,XLY,97.3386
2025-04-04,XLY,90.2991
2025-04-11,XLY,93.7225
2025-04-18,XLY,91.5884
2025-04-25,XLY,97.6153
2025-05-02,XLY,99.5073
2025-05-09,XLY,99.9914
2025-05-16,XLY,107.53
2025-05-23,XLY,104.062
2025-05-30,XLY,105.6182
2025-06-06,XLY,104.8129
2025-06-13,XLY,104.6005
2025-06-20,XLY,104.0769
2025-06-27,XLY,108.214
2025-07-04,XLY,109.5111
2025-07-11,XLY,109.62
2025-07-18,XLY,109.9863
2025-07-25,XLY,111.323
2025-08-01,XLY,106.9764
2025-08-08,XLY,110.7834
2025-08-15,XLY,113.3874
2025-08-22,XLY,115.3973
2025-08-29,XLY,114.724
2025-09-05,XLY,116.3923
2025-09-12,XLY,118.1349
2025-09-19,XLY,119.5013
2025-09-26,XLY,118.8789
2025-10-03,XLY,117.9614
2025-10-10,XLY,113.4435
2025-10-17,XLY,116.2554
2025-10-24,XLY,117.8623
2025-10-31,XLY,118.988
2025-11-07,XLY,116.9696
2025-11-14,XLY,114.5048
2025-11-21,XLY,111.8318
2025-11-28,XLY,117.2671
2025-12-05,XLY,118.7549
2025-12-12,XLY,119.717
2025-12-19,XLY,120.8577
2025-12-26,XLY,121.2959
2026-01-02,XLY,117.6188
2026-01-09,XLY,123.6413
2026-01-16,XLY,121.5444
2026-01-23,XLY,122.3693
2026-01-30,XLY,120.4214
2026-02-06,XLY,117.261
2026-02-13,XLY,115.4622
2026-02-20,XLY,116.7243
2026-02-27,XLY,116.138
2026-03-06,XLY,113.7329
2026-03-13,XLY,110.1751
2026-03-20,XLY,107.0743
2026-03-27,XLY,105.2381
2026-04-03,XLY,107.6977
2026-04-10,XLY,112.4179
2026-04-17,XLY,119.9064
2026-04-24,XLY,118.1936
2026-05-01,XLY,118.1339
2026-05-08,XLY,119.6973
2026-05-15,XLY,116.0427
2026-05-22,XLY,118.6816
2026-05-29,XLY,120.3645
2026-06-05,XLY,114.3797
2026-06-12,XLY,116.1124
2026-06-19,XLY,116.6701
2026-06-26,XLY,114.1187
2026-07-03,XLY,116.8626
2026-07-10,XLY,116.9823
2026-07-17,XLY,115.1863
2026-07-24,XLY,109.1696
2026-07-31,XLY,115.8349
2026-08-07,XLY,119.5966
2026-08-14,XLY,117.9402
2026-08-21,XLY,117.7606
2026-08-28,XLY,116.9524
2026-09-04,XLY,114.6575
2026-09-11,XLY,112.7118
2026-09-18,XLY,110.786
2026-09-25,XLY,110.56
